tier,company_name,trade,ownership_type,county,city,zip,address,phone,website,google_rating,google_reviews,services,license_types,license_numbers,status,notes,match_source,google_place_id,google_url,ownership_confidence,parent_company_or_notes,active_license_count
A — Family + phone + priority county,ACREE PLUMBING AIR & ELECTRIC,Plumbing + HVAC,Family-Owned,Lee,Bonita Springs,34134,"27751  Marina Pointe Drive, Bonita Springs, FL, 34134",(813) 324-1661,trustacree.com,4.6,10873,"HVAC contractor, Air conditioning contractor, Air conditioning repair service, Air duct cleaning service, Electrician, Furnace repair service, Gasfitter, Heating contractor","CAC, CFC",CAC050424; CAC1819746; CFC1430228,new,,companies.json (exact_name),ChIJMfXYS1vPwogRBpvbjD8oyC8,https://www.google.com/maps/search/?api=1&query=Acree%20Plumbing%2C%20Air%20%26%20Electric&query_place_id=ChIJMfXYS1vPwogRBpvbjD8oyC8,Pattern match,"Acree Plumbing, Air & Electric — long-standing Florida family brand",3
A — Family + phone + priority county,AZTEC PLUMBING INC,Plumbing,Family-Owned,Lee,Cape Coral,33991,"11922 Prince Charles Ct., Cape Coral, FL, 33991",(239) 666-3900,www.aztecplumbing.net/service-area/fort-myers-fl,4.8,5997,Plumber,CFC,CFC1427446,new,,companies.json (exact_name),ChIJnbbaGFg_24gRFuZPyhGtm8c,https://www.google.com/maps/search/?api=1&query=Aztec%20Plumbing%2C%20Inc&query_place_id=ChIJnbbaGFg_24gRFuZPyhGtm8c,Pattern match,Aztec Plumbing — long-standing Tampa Bay independent,1
A — Family + phone + priority county,MOEN BROTHERS PLUMBING & DRAIN LLC,Plumbing,Family-Owned,Collier,Naples,34110,"16265  Aberdeen Way, Naples, FL, 34110",(239) 567-9933,www.moenbrothers.com,4.9,706,Plumber,CFC,CFC1428497,new,,companies.json (exact_name),ChIJmwlarzAU24gRQ55NjNf_UvU,https://www.google.com/maps/search/?api=1&query=Moen%20Brothers%20Plumbing%20%26%20Drain%20LLC&query_place_id=ChIJmwlarzAU24gRQ55NjNf_UvU,Pattern match,Name/marketing indicates family ownership,1
A — Family + phone + priority county,JOHNSON & SONS PLUMBING LLC,Plumbing,Family-Owned,Sarasota,Sarasota,34235,"1770 White Orchid Court, Sarasota, FL, 34235",(941) 879-6430,johnsonandsonsplumbingllc.com,4.9,56,"Plumber, Drainage service, Water softening equipment supplier",CFC,CFC1432439,new,,companies.json (fuzzy_1.00),ChIJi02BmHF_TygR7pSqQnwiYOI,https://www.google.com/maps/search/?api=1&query=Johnson%20and%20Sons%20Plumbing&query_place_id=ChIJi02BmHF_TygR7pSqQnwiYOI,Pattern match,Name/marketing indicates family ownership,1
A — Family + phone + priority county,"PICARD & SONS PLUMBING, LLC",Plumbing,Family-Owned,Manatee,Bradenton,34209,"8403 14Th Ave Nw, Bradenton, FL, 34209",(941) 773-1039,picardandsonsplumbing.com/contact/4473272,4.6,25,Plumber,CFC,CFC1429324,new,,companies.json (exact_name),ChIJAQBQDDMXw4gR37woR9MraUw,https://www.google.com/maps/search/?api=1&query=picard%20%26%20sons%20plumbing&query_place_id=ChIJAQBQDDMXw4gR37woR9MraUw,Pattern match,Name/marketing indicates family ownership,1
B — Phone + priority county,"COOL AIR TODAY, INC.",HVAC,Independent / Likely Family-Owned (unverified),Collier,Naples,34119,"3327 Pacific Dr, Naples, FL, 34119",(941) 202-3751,www.cooltoday.com,4.8,13260,"Plumber, Air conditioning repair service, Electrician, Heating contractor, HVAC contractor, Insulation contractor, Air conditioning contractor",CAC,CAC1819836,new,,companies.json (exact_name),ChIJlfbpslJBw4gRuyu3cBKZcuw,https://www.google.com/maps/search/?api=1&query=Cool%20Today%20-%20Cooling%2C%20Plumbing%2C%20Electrical&query_place_id=ChIJlfbpslJBw4gRuyu3cBKZcuw,Unverified,No confirmed PE/public/franchise match; most FL contractors are independently owned — ownership not verified,1
B — Phone + priority county,ELITE ELECTRIC & AIR,HVAC,Independent / Likely Family-Owned (unverified),Broward,Coral Springs,33065,"9981 Nw 23Rd Ct, Coral Springs, FL, 33065",(772) 356-1735,www.eliteelectricandair.com,4.8,5150,"HVAC contractor, Air conditioning contractor, Air conditioning repair service, Electrician, Heating contractor, Plumber",CAC,CAC1821868,new,,companies.json (exact_name),ChIJwQ8-MODr3ogR8xpN_c9enSA,https://www.google.com/maps/search/?api=1&query=Elite%20Electric%2C%20Plumbing%20%26%20Air&query_place_id=ChIJwQ8-MODr3ogR8xpN_c9enSA,Unverified,No confirmed PE/public/franchise match; most FL contractors are independently owned — ownership not verified,1
B — Phone + priority county,ELITE HEATING & AIR,HVAC,Independent / Likely Family-Owned (unverified),Manatee,Bradenton,34202,"8418 Broadstone Ct, Bradenton, FL, 34202",(772) 356-1735,www.eliteelectricandair.com,4.8,5150,"HVAC contractor, Air conditioning contractor, Air conditioning repair service, Electrician, Heating contractor, Plumber",CAC,CAC058339,new,,companies.json (exact_name),ChIJwQ8-MODr3ogR8xpN_c9enSA,https://www.google.com/maps/search/?api=1&query=Elite%20Electric%2C%20Plumbing%20%26%20Air&query_place_id=ChIJwQ8-MODr3ogR8xpN_c9enSA,Unverified,No confirmed PE/public/franchise match; most FL contractors are independently owned — ownership not verified,1
B — Phone + priority county,"AIR FRIENDS, LLC",HVAC,Independent / Likely Family-Owned (unverified),Broward,N Lauderdale,33068,"701 Sw 79Th Ave, N Lauderdale, FL, 33068",(727) 314-5763,friendsplumbing.com,4.9,3437,Plumber,CAC,CAC1819374,new,,companies.json (exact_name),ChIJRQvM6kbswogRchv54onsSlw,https://www.google.com/maps/search/?api=1&query=Friends%20Plumbing&query_place_id=ChIJRQvM6kbswogRchv54onsSlw,Unverified,No confirmed PE/public/franchise match; most FL contractors are independently owned — ownership not verified,1
B — Phone + priority county,AIR HEATING & COOLING LLC,HVAC,Independent / Likely Family-Owned (unverified),Lee,Fort Myers,33966,"6532 Fairview Street, Fort Myers, FL, 33966",(850) 805-6455,www.andservices.com/locations/fort-walton-beach,4.7,2928,"HVAC contractor, Air conditioning contractor, Air conditioning repair service, Heating contractor, Plumber",CAC,CAC1817198,new,,companies.json (exact_name),ChIJeWJsLR0_kYgREWWHbLfyfCE,https://www.google.com/maps/search/?api=1&query=AND%20Services%20Air%20Conditioning%2C%20Heating%20%26%20Plumbing&query_place_id=ChIJeWJsLR0_kYgREWWHbLfyfCE,Unverified,No confirmed PE/public/franchise match; most FL contractors are independently owned — ownership not verified,1
B — Phone + priority county,FLORIDA HEATING & AIR INC,HVAC,Independent / Likely Family-Owned (unverified),Duval,Jacksonville,32258,"13720 Old St. Augustine Rd Suite 8-189, Jacksonville, FL, 32258",(850) 805-6455,www.andservices.com/locations/fort-walton-beach,4.7,2928,"HVAC contractor, Air conditioning contractor, Air conditioning repair service, Heating contractor, Plumber",CAC,CAC1819817,new,,companies.json (exact_name),ChIJeWJsLR0_kYgREWWHbLfyfCE,https://www.google.com/maps/search/?api=1&query=AND%20Services%20Air%20Conditioning%2C%20Heating%20%26%20Plumbing&query_place_id=ChIJeWJsLR0_kYgREWWHbLfyfCE,Unverified,No confirmed PE/public/franchise match; most FL contractors are independently owned — ownership not verified,1
B — Phone + priority county,"SNYDER AIR CONDITIONING, PLUMBING & ELECTRIC, LLC",Plumbing + HVAC,Independent / Likely Family-Owned (unverified),Duval,Jacksonville,32216,"1265  Sw 4Th Ct, Boca Raton, FL, 33432",(772) 200-3923,snyderac.com/south-florida/port-st-lucie,4.9,2813,"Air conditioning contractor, Air conditioning repair service, Air duct cleaning service, Drainage service, Electrical installation service, Electrician, HVAC contractor, Plumber","CAC, CFC",CAC1815743; CAC1822714; CFC1432367; CFC1432544,new,,companies.json (exact_name),ChIJrZeZCmHs3ogRsn9mFljvCpM,https://www.google.com/maps/search/?api=1&query=Snyder%20Air%20Conditioning%2C%20Plumbing%20%26%20Electric&query_place_id=ChIJrZeZCmHs3ogRsn9mFljvCpM,Unverified,No confirmed PE/public/franchise match; most FL contractors are independently owned — ownership not verified,4
B — Phone + priority county,ALVAREZ HEATING & COOLING CORP,HVAC,Independent / Likely Family-Owned (unverified),Lee,Cape Coral,33909,"1714 Ne 2Nd Ave, Cape Coral, FL, 33909",(813) 213-0533,www.alvarezplumbing.com,4.8,2576,"Plumber, Air conditioning repair service, Air duct cleaning service, Heating contractor, HVAC contractor",CAC,CAC1824334,new,,companies.json (exact_name),ChIJf6GVqWjFwogREBGlPATEeUc,https://www.google.com/maps/search/?api=1&query=Alvarez%20Plumbing%20%26%20Air%20Conditioning&query_place_id=ChIJf6GVqWjFwogREBGlPATEeUc,Unverified,No confirmed PE/public/franchise match; most FL contractors are independently owned — ownership not verified,1
B — Phone + priority county,FARRELL AIR CONDITIONING INC.,HVAC,Independent / Likely Family-Owned (unverified),Pasco,Port Richey,34668,"6835 Commerce Ave, Port Richey, FL, 34668",(727) 607-6953,gofarrellplumbing.com,4.9,2276,Plumber,CAC,CAC1818177,new,,companies.json (exact_name),ChIJ3dJ6s3qQwogRhKRQ8siUkB0,https://www.google.com/maps/search/?api=1&query=Farrell%20Plumbing&query_place_id=ChIJ3dJ6s3qQwogRhKRQ8siUkB0,Unverified,No confirmed PE/public/franchise match; most FL contractors are independently owned — ownership not verified,1
B — Phone + priority county,FARRELL PLUMBING INC.,Plumbing,Independent / Likely Family-Owned (unverified),Pasco,Port Richey,34668,"6835 Commerce Ave, Port Richey, FL, 34668",(727) 607-6953,gofarrellplumbing.com,4.9,2276,Plumber,CFC,CFC1430362,new,,companies.json (exact_name),ChIJ3dJ6s3qQwogRhKRQ8siUkB0,https://www.google.com/maps/search/?api=1&query=Farrell%20Plumbing&query_place_id=ChIJ3dJ6s3qQwogRhKRQ8siUkB0,Unverified,No confirmed PE/public/franchise match; most FL contractors are independently owned — ownership not verified,1
B — Phone + priority county,FLOW PROS LLC,Plumbing,Independent / Likely Family-Owned (unverified),Pinellas,St. Petersburg,33704,"635 37Th Ave Ne, St. Petersburg, FL, 33704",(727) 265-9639,www.flowprosllc.com,4.9,2225,"Plumber, Drainage service, Hot water system supplier, Septic system service, Water filter supplier, Water pump supplier, Water softening equipment supplier, Water treatment supplier",CFC,CFC1433820,new,,companies.json (exact_name),ChIJHcGNemznwogR5sWnhLUTC5s,https://www.google.com/maps/search/?api=1&query=Flow%20Pros%20Plumbing&query_place_id=ChIJHcGNemznwogR5sWnhLUTC5s,Unverified,No confirmed PE/public/franchise match; most FL contractors are independently owned — ownership not verified,1
B — Phone + priority county,FLOW MASTERS PLUMBING AND AIR SOLUTIONS LLC,Plumbing,Independent / Likely Family-Owned (unverified),Manatee,Bradenton,34212,"12911 7Th Ave Ne, Bradenton, FL, 34212",(941) 708-1669,flowmastersplumbingflorida.com,4.9,1838,"Plumber, HVAC contractor",CFC,CFC1432865,new,,companies.json (exact_name),ChIJxT_yh5w6w4gRCQI65XygMyw,https://www.google.com/maps/search/?api=1&query=Flow%20Masters%20Plumbing%20and%20Air%20Solutions%2C%20LLC&query_place_id=ChIJxT_yh5w6w4gRCQI65XygMyw,Unverified,No confirmed PE/public/franchise match; most FL contractors are independently owned — ownership not verified,1
B — Phone + priority county,FLOW MASTERS PLUMBING SOLUTIONS INC.,Plumbing,Independent / Likely Family-Owned (unverified),Manatee,Bradenton,34212,"12911 7Th Ave Ne, Bradenton, FL, 34212",(941) 708-1669,flowmastersplumbingflorida.com,4.9,1838,"Plumber, HVAC contractor",CFC,CFC1428811,new,,companies.json (exact_name),ChIJxT_yh5w6w4gRCQI65XygMyw,https://www.google.com/maps/search/?api=1&query=Flow%20Masters%20Plumbing%20and%20Air%20Solutions%2C%20LLC&query_place_id=ChIJxT_yh5w6w4gRCQI65XygMyw,Unverified,No confirmed PE/public/franchise match; most FL contractors are independently owned — ownership not verified,1
B — Phone + priority county,FREEDOM AIR AND PLUMBING,Plumbing + HVAC,Independent / Likely Family-Owned (unverified),Orange,Orlando,32806,"1251 Lake Willisara Circle, Orlando, FL, 32806",(772) 206-2298,freedomairheat.com/service-area/vero-beach-fl,4.8,1795,"HVAC contractor, Air conditioning contractor, Air conditioning repair service, Air conditioning system supplier, Air duct cleaning service, Heating contractor, Heating equipment supplier, Plumber","CFC, CMC",CFC035768; CMC1250879,new,,companies.json (exact_name),ChIJIcgVm-Je3ogRqLqqjeobF-M,https://www.google.com/maps/search/?api=1&query=Freedom%20Air%20and%20Plumbing&query_place_id=ChIJIcgVm-Je3ogRqLqqjeobF-M,Unverified,No confirmed PE/public/franchise match; most FL contractors are independently owned — ownership not verified,2
B — Phone + priority county,FREEDOM HEATING AND AIR CONDITIONING INC,HVAC,Independent / Likely Family-Owned (unverified),Duval,Jacksonville,32224,"3096 Mystic Falls Dr, Jacksonville, FL, 32224",(772) 206-2298,freedomairheat.com/service-area/vero-beach-fl,4.8,1795,"HVAC contractor, Air conditioning contractor, Air conditioning repair service, Air conditioning system supplier, Air duct cleaning service, Heating contractor, Heating equipment supplier, Plumber",CAC,CAC057057,new,,companies.json (exact_name),ChIJIcgVm-Je3ogRqLqqjeobF-M,https://www.google.com/maps/search/?api=1&query=Freedom%20Air%20and%20Plumbing&query_place_id=ChIJIcgVm-Je3ogRqLqqjeobF-M,Unverified,No confirmed PE/public/franchise match; most FL contractors are independently owned — ownership not verified,1
B — Phone + priority county,FREEDOM HEATING AND COOLING LLC,HVAC,Independent / Likely Family-Owned (unverified),Lee,Cape Coral,33904,"4638 Se 20Th Pl, Cape Coral, FL, 33904",(772) 206-2298,freedomairheat.com/service-area/vero-beach-fl,4.8,1795,"HVAC contractor, Air conditioning contractor, Air conditioning repair service, Air conditioning system supplier, Air duct cleaning service, Heating contractor, Heating equipment supplier, Plumber",CAC,CAC1819876,new,,companies.json (exact_name),ChIJIcgVm-Je3ogRqLqqjeobF-M,https://www.google.com/maps/search/?api=1&query=Freedom%20Air%20and%20Plumbing&query_place_id=ChIJIcgVm-Je3ogRqLqqjeobF-M,Unverified,No confirmed PE/public/franchise match; most FL contractors are independently owned — ownership not verified,1
B — Phone + priority county,FREEDOM PLUMBING INC,Plumbing,Independent / Likely Family-Owned (unverified),Broward,Hollywood,33024,"6650 Meade Street, Hollywood, FL, 33024",(772) 206-2298,freedomairheat.com/service-area/vero-beach-fl,4.8,1795,"HVAC contractor, Air conditioning contractor, Air conditioning repair service, Air conditioning system supplier, Air duct cleaning service, Heating contractor, Heating equipment supplier, Plumber",CFC,CFC057333,new,,companies.json (exact_name),ChIJIcgVm-Je3ogRqLqqjeobF-M,https://www.google.com/maps/search/?api=1&query=Freedom%20Air%20and%20Plumbing&query_place_id=ChIJIcgVm-Je3ogRqLqqjeobF-M,Unverified,No confirmed PE/public/franchise match; most FL contractors are independently owned — ownership not verified,1
B — Phone + priority county,FREEDOM PLUMBING SERVICES LLC,Plumbing,Independent / Likely Family-Owned (unverified),Sarasota,North Port,34287,"4810 Abadan Street, North Port, FL, 34287",(772) 206-2298,freedomairheat.com/service-area/vero-beach-fl,4.8,1795,"HVAC contractor, Air conditioning contractor, Air conditioning repair service, Air conditioning system supplier, Air duct cleaning service, Heating contractor, Heating equipment supplier, Plumber",CFC,CFC1431520,new,,companies.json (exact_name),ChIJIcgVm-Je3ogRqLqqjeobF-M,https://www.google.com/maps/search/?api=1&query=Freedom%20Air%20and%20Plumbing&query_place_id=ChIJIcgVm-Je3ogRqLqqjeobF-M,Unverified,No confirmed PE/public/franchise match; most FL contractors are independently owned — ownership not verified,1
B — Phone + priority county,FREEDOM-AIR INC,HVAC,Independent / Likely Family-Owned (unverified),Hillsborough,Tampa,33647,"18516 Ambly Lane, Tampa, FL, 33647",(772) 206-2298,freedomairheat.com/service-area/vero-beach-fl,4.8,1795,"HVAC contractor, Air conditioning contractor, Air conditioning repair service, Air conditioning system supplier, Air duct cleaning service, Heating contractor, Heating equipment supplier, Plumber",CAC,CAC1817487,new,,companies.json (exact_name),ChIJIcgVm-Je3ogRqLqqjeobF-M,https://www.google.com/maps/search/?api=1&query=Freedom%20Air%20and%20Plumbing&query_place_id=ChIJIcgVm-Je3ogRqLqqjeobF-M,Unverified,No confirmed PE/public/franchise match; most FL contractors are independently owned — ownership not verified,1
B — Phone + priority county,MATT'S PLUMBING SERVICES INC,Plumbing,Independent / Likely Family-Owned (unverified),Pasco,Zephyrhills,33541,"2238 Stratten Dr, Zephyrhills, FL, 33541",(813) 269-7370,mattsplumbingpros.com,4.7,1697,"Plumber, Bathroom remodeler, Drainage service, Hot water system supplier, Kitchen remodeler, Water filter supplier, Water softening equipment supplier",CFC,CFC1429484,new,,companies.json (exact_name),ChIJMZODNqDqwogRf0HlOqMvGYo,https://www.google.com/maps/search/?api=1&query=Matt's%20Plumbing%20Services&query_place_id=ChIJMZODNqDqwogRf0HlOqMvGYo,Unverified,No confirmed PE/public/franchise match; most FL contractors are independently owned — ownership not verified,1
B — Phone + priority county,LINDSTROM AIR CONDITIONING & PLUMBING,Plumbing + HVAC,Independent / Likely Family-Owned (unverified),Broward,Pompano Beach,33069,"3581 W Mcnab Road, Pompano Beach, FL, 33069",(772) 210-7034,www.lindstromair.com/port-st-lucie,4.8,1624,"Air conditioning repair service, Air conditioning contractor, Heating contractor, HVAC contractor, Plumber","CAC, CFC",CAC056703; CAC056971; CAC1822693; CFC1427611,new,,companies.json (exact_name),ChIJj5pcOQLD3ogRC_5x6W9Tw3E,https://www.google.com/maps/search/?api=1&query=Lindstrom%20Air%20Conditioning%20%26%20Plumbing&query_place_id=ChIJj5pcOQLD3ogRC_5x6W9Tw3E,Unverified,No confirmed PE/public/franchise match; most FL contractors are independently owned — ownership not verified,4
B — Phone + priority county,LAKESIDE HEATING COOLING & PLUMBING INC,Plumbing + HVAC,Independent / Likely Family-Owned (unverified),Pasco,Land O' Lakes,34639,"4608 Land O'Lakes Blvd, Land O' Lakes, FL, 34639",(813) 444-9474,lakesidecomfortpros.com,5,1571,"Air conditioning contractor, Air conditioning repair service, Furnace repair service, Heating contractor, HVAC contractor, Plumber","CAC, CFC",CAC1818869; CFC1429720,new,,companies.json (exact_name),ChIJfYm7FZm7wogR7A8xiDea4_w,https://www.google.com/maps/search/?api=1&query=Lakeside%20Heating%20Cooling%20%26%20Plumbing%20Inc&query_place_id=ChIJfYm7FZm7wogR7A8xiDea4_w,Unverified,No confirmed PE/public/franchise match; most FL contractors are independently owned — ownership not verified,2
B — Phone + priority county,CONTINENTAL AIR CONDITIONING INC,HVAC,Independent / Likely Family-Owned (unverified),Miami-Dade,Hialeah,33013,"650 East 53Rd Street, Hialeah, FL, 33013",(727) 888-5137,www.continentalplumbing.net,4.9,1560,Plumber,CAC,CAC057496,new,,companies.json (exact_name),ChIJz81JjleQwogRfSRR5XTUlPI,https://www.google.com/maps/search/?api=1&query=Continental%20Plumbing%20Services%2C%20Llc&query_place_id=ChIJz81JjleQwogRfSRR5XTUlPI,Unverified,No confirmed PE/public/franchise match; most FL contractors are independently owned — ownership not verified,1
B — Phone + priority county,CONTINENTAL PLUMBING CORP,Plumbing,Independent / Likely Family-Owned (unverified),Miami-Dade,Miami,33170,"20680 Sw 216 St, Miami, FL, 33170",(727) 888-5137,www.continentalplumbing.net,4.9,1560,Plumber,CFC,CFC027527,new,,companies.json (exact_name),ChIJz81JjleQwogRfSRR5XTUlPI,https://www.google.com/maps/search/?api=1&query=Continental%20Plumbing%20Services%2C%20Llc&query_place_id=ChIJz81JjleQwogRfSRR5XTUlPI,Unverified,No confirmed PE/public/franchise match; most FL contractors are independently owned — ownership not verified,1
B — Phone + priority county,CONTINENTAL PLUMBING SERVICES LLC,Plumbing,Independent / Likely Family-Owned (unverified),Pasco,New Port Richey,34653,"4015  Crestwood Blvd., New Port Richey, FL, 34653",(727) 888-5137,www.continentalplumbing.net,4.9,1560,Plumber,CFC,CFC1427479,new,,companies.json (exact_name),ChIJz81JjleQwogRfSRR5XTUlPI,https://www.google.com/maps/search/?api=1&query=Continental%20Plumbing%20Services%2C%20Llc&query_place_id=ChIJz81JjleQwogRfSRR5XTUlPI,Unverified,No confirmed PE/public/franchise match; most FL contractors are independently owned — ownership not verified,1
B — Phone + priority county,"MIRANDA PLUMBING & AIR CONDITIONING, INC.",Plumbing + HVAC,Independent / Likely Family-Owned (unverified),St. Lucie,Port St Lucie,34986,"750 Nw Enterprise Drive Suite 100, Port St Lucie, FL, 34986",(833) 950-5877,www.mirandahomeservices.com,4.9,1459,"HVAC contractor, Air conditioning contractor, Air conditioning repair service, Drainage service, Furnace repair service, Heating contractor, Plumber","CAC, CFC",CAC1815486; CFC1427227,new,,companies.json (exact_name),ChIJGWbOwIrs3ogREcnW6QwNRfU,https://www.google.com/maps/search/?api=1&query=Miranda%20Plumbing%20%26%20Air%20Conditioning&query_place_id=ChIJGWbOwIrs3ogREcnW6QwNRfU,Unverified,No confirmed PE/public/franchise match; most FL contractors are independently owned — ownership not verified,2
B — Phone + priority county,CLOG KINGS LLC,Plumbing,Independent / Likely Family-Owned (unverified),Pinellas,St. Petersburg,33709,"5001 49Th St N, St. Petersburg, FL, 33709",(727) 479-4028,clogkingsllc.com,4.9,1371,Plumber,CFC,CFC1429816,new,,companies.json (exact_name),ChIJl_as64vkwogRSydKtmU_HqE,https://www.google.com/maps/search/?api=1&query=Clog%20Kings%2C%20LLC&query_place_id=ChIJl_as64vkwogRSydKtmU_HqE,Unverified,No confirmed PE/public/franchise match; most FL contractors are independently owned — ownership not verified,1
B — Phone + priority county,AIR EXPRESS HVAC LLC,Mechanical,Independent / Likely Family-Owned (unverified),Lee,Fort Myers,33905,"5738 Corporation Cir, Fort Myers, FL, 33905",(941) 355-8422,www.plumbing-express.com,4.9,1304,"Plumber, Contractor, Drainage service, Gas installation service, HVAC contractor, Repair service",CMC,CMC1250704,new,,companies.json (exact_name),ChIJI4jHoaE_w4gRV3eh6vu8Gwo,https://www.google.com/maps/search/?api=1&query=Plumbing%20Express%2C%20Inc.&query_place_id=ChIJI4jHoaE_w4gRV3eh6vu8Gwo,Unverified,No confirmed PE/public/franchise match; most FL contractors are independently owned — ownership not verified,1
B — Phone + priority county,EXPRESS AIR CONDITIONING SERVICE INC,HVAC,Independent / Likely Family-Owned (unverified),Palm Beach,Boca Raton,33486,"1700 Sw 6 Pl, Boca Raton, FL, 33486",(941) 355-8422,www.plumbing-express.com,4.9,1304,"Plumber, Contractor, Drainage service, Gas installation service, HVAC contractor, Repair service",CAC,CAC052414,new,,companies.json (exact_name),ChIJI4jHoaE_w4gRV3eh6vu8Gwo,https://www.google.com/maps/search/?api=1&query=Plumbing%20Express%2C%20Inc.&query_place_id=ChIJI4jHoaE_w4gRV3eh6vu8Gwo,Unverified,No confirmed PE/public/franchise match; most FL contractors are independently owned — ownership not verified,1
B — Phone + priority county,"EXPRESS AIR, INC.",HVAC,Independent / Likely Family-Owned (unverified),Broward,Pompano Beach,33064,"2955 Nw 2Nd Avenue, Pompano Beach, FL, 33064",(941) 355-8422,www.plumbing-express.com,4.9,1304,"Plumber, Contractor, Drainage service, Gas installation service, HVAC contractor, Repair service",CAC,CAC1813916,new,,companies.json (exact_name),ChIJI4jHoaE_w4gRV3eh6vu8Gwo,https://www.google.com/maps/search/?api=1&query=Plumbing%20Express%2C%20Inc.&query_place_id=ChIJI4jHoaE_w4gRV3eh6vu8Gwo,Unverified,No confirmed PE/public/franchise match; most FL contractors are independently owned — ownership not verified,1
B — Phone + priority county,PLUMBING EXPRESS INC,Plumbing,Independent / Likely Family-Owned (unverified),Sarasota,Sarasota,34234,"2249 Industrial Blvd, Sarasota, FL, 34234",(941) 355-8422,www.plumbing-express.com,4.9,1304,"Plumber, Contractor, Drainage service, Gas installation service, HVAC contractor, Repair service",CFC,CFC024526; CFC1425933,new,,companies.json (exact_name),ChIJI4jHoaE_w4gRV3eh6vu8Gwo,https://www.google.com/maps/search/?api=1&query=Plumbing%20Express%2C%20Inc.&query_place_id=ChIJI4jHoaE_w4gRV3eh6vu8Gwo,Unverified,No confirmed PE/public/franchise match; most FL contractors are independently owned — ownership not verified,2
B — Phone + priority county,THE COOLING EXPRESS CORP,HVAC,Independent / Likely Family-Owned (unverified),Broward,Pembroke Pines,33025,"9931 Sw 7Th Street, Pembroke Pines, FL, 33025",(941) 355-8422,www.plumbing-express.com,4.9,1304,"Plumber, Contractor, Drainage service, Gas installation service, HVAC contractor, Repair service",CAC,CAC1816554,new,,companies.json (exact_name),ChIJI4jHoaE_w4gRV3eh6vu8Gwo,https://www.google.com/maps/search/?api=1&query=Plumbing%20Express%2C%20Inc.&query_place_id=ChIJI4jHoaE_w4gRV3eh6vu8Gwo,Unverified,No confirmed PE/public/franchise match; most FL contractors are independently owned — ownership not verified,1
B — Phone + priority county,OLIN PLUMBING INC,Plumbing,Independent / Likely Family-Owned (unverified),Hillsborough,Tampa,33605,"3201 E 8Th Ave, Tampa, FL, 33605",(813) 443-5820,www.plumberstampa.com,4.9,1283,Plumber,CFC,CFC1428000,new,,companies.json (exact_name),ChIJVcLEKbnPwogRwVC2K5HOt4w,https://www.google.com/maps/search/?api=1&query=Olin%20Plumbing%20Inc.&query_place_id=ChIJVcLEKbnPwogRwVC2K5HOt4w,Unverified,No confirmed PE/public/franchise match; most FL contractors are independently owned — ownership not verified,1
B — Phone + priority county,NEXT AIR,HVAC,Independent / Likely Family-Owned (unverified),Lee,Cape Coral,33991,"3108 Santa Barbara Blvd Unit 105, Cape Coral, FL, 33991",(239) 688-2702,asknextplumbing.com,4.9,1282,"Plumber, Air conditioning repair service, Drainage service, HVAC contractor",CAC,CAC1823435,new,,companies.json (exact_name),ChIJP0MBs9Ns24gRdL0HqPsu1Fc,https://www.google.com/maps/search/?api=1&query=Next%20Plumbing&query_place_id=ChIJP0MBs9Ns24gRdL0HqPsu1Fc,Unverified,No confirmed PE/public/franchise match; most FL contractors are independently owned — ownership not verified,1
B — Phone + priority county,NEXT PLUMBING,Plumbing,Independent / Likely Family-Owned (unverified),Lee,Fort Myers,33913,"11187 Sand Pine Ct, Fort Myers, FL, 33913",(239) 688-2702,asknextplumbing.com,4.9,1282,"Plumber, Air conditioning repair service, Drainage service, HVAC contractor",CFC,CFC1430115,new,,companies.json (exact_name),ChIJP0MBs9Ns24gRdL0HqPsu1Fc,https://www.google.com/maps/search/?api=1&query=Next%20Plumbing&query_place_id=ChIJP0MBs9Ns24gRdL0HqPsu1Fc,Unverified,No confirmed PE/public/franchise match; most FL contractors are independently owned — ownership not verified,1
B — Phone + priority county,"IRONCLAD PLUMBING, LLC",Plumbing,Independent / Likely Family-Owned (unverified),Lee,Bonita Springs,34135,"10971 K Nine Dr #102, Bonita Springs, FL, 34135",(239) 289-4860,ironcladplumbing.com,5,1203,"Plumber, Drainage service, Septic system service",CFC,CFC1430272,new,,companies.json (exact_name),ChIJoQ7jB-4F24gRZ660nL5_JJA,https://www.google.com/maps/search/?api=1&query=Ironclad%20Plumbing&query_place_id=ChIJoQ7jB-4F24gRZ660nL5_JJA,Unverified,No confirmed PE/public/franchise match; most FL contractors are independently owned — ownership not verified,1
B — Phone + priority county,DREAM LAND PLUMBING,Plumbing,Independent / Likely Family-Owned (unverified),Broward,Tamarac,33319,"5804 Nw 57Th Avenue, Tamarac, FL, 33319",(772) 202-5919,www.dreamlandplumbing.com,4.9,1147,"Plumber, Drainage service, Gas installation service, Hot water system supplier, Septic system service, Water softening equipment supplier",CFC,CFC1432155,new,,companies.json (exact_name),ChIJpx7pqiMASmcRZkOScKVDO78,https://www.google.com/maps/search/?api=1&query=Dream%20Land%20Plumbing%20LLC&query_place_id=ChIJpx7pqiMASmcRZkOScKVDO78,Unverified,No confirmed PE/public/franchise match; most FL contractors are independently owned — ownership not verified,1
B — Phone + priority county,DAMM GOOD PLUMBING & AIR CORPORATION,Plumbing + HVAC,Independent / Likely Family-Owned (unverified),Pinellas,St. Petersburg,33704,"1015 28Th Ave N, St. Petersburg, FL, 33704",(941) 927-3828,www.dammgoodplumbingandair.com,4.9,1078,"Plumber, Air conditioning contractor, Air duct cleaning service, Contractor, Heating contractor, HVAC contractor","CAC, CFC",CAC1821519; CAC1823192; CFC1431524,new,,companies.json (exact_name),ChIJWfEEsnVBw4gRxRtyDo5cs3Q,https://www.google.com/maps/search/?api=1&query=Damm%20Good%20Plumbing%20%26%20Air&query_place_id=ChIJWfEEsnVBw4gRxRtyDo5cs3Q,Unverified,No confirmed PE/public/franchise match; most FL contractors are independently owned — ownership not verified,3
B — Phone + priority county,"FIRST CHOICE PLUS PLUMBING & AIR, LLC",Plumbing + HVAC,Independent / Likely Family-Owned (unverified),St. Lucie,Port St Lucie,34984,"470 Se Pine  SE PINE RD, Port St Lucie, FL, 34984",(772) 275-3760,www.firstchoiceplumbingsolutions.com,4.9,1046,"Plumber, Air conditioning repair service, Drainage service, HVAC contractor","CAC, CFC",CAC1822029; CFC1427369,new,,companies.json (exact_name),ChIJd66vMeDr3ogR4hVy9lzlS6M,https://www.google.com/maps/search/?api=1&query=First%20Choice%20Plus%20Plumbing%20%26%20Air&query_place_id=ChIJd66vMeDr3ogR4hVy9lzlS6M,Unverified,No confirmed PE/public/franchise match; most FL contractors are independently owned — ownership not verified,2
B — Phone + priority county,"PREMIER PLUMBERS, INC.",Plumbing,Independent / Likely Family-Owned (unverified),Sarasota,Sarasota,34231,"125220 24Th St E, Sarasota, FL, 34231",(941) 231-5805,premierplumbers.plumbing,4.9,1015,Plumber,CFC,CFC1427569,new,,companies.json (exact_name),ChIJmU3L4ARBw4gRjyH0JeC1VqE,https://www.google.com/maps/search/?api=1&query=Premier%20Plumbers&query_place_id=ChIJmU3L4ARBw4gRjyH0JeC1VqE,Unverified,No confirmed PE/public/franchise match; most FL contractors are independently owned — ownership not verified,1
B — Phone + priority county,AIR ANYTIME LLC,HVAC,Independent / Likely Family-Owned (unverified),Broward,Fort Lauderdale,33308,"4521 Ne 22Nd Rd, Fort Lauderdale, FL, 33308",(850) 438-0001,www.anytimeplumber247.com,4.8,972,"Plumber, Septic system service",CAC,CAC1816455,new,,companies.json (exact_name),ChIJeb6Xluq_kIgRSAELVJSTz_8,https://www.google.com/maps/search/?api=1&query=Anytime%20Plumber&query_place_id=ChIJeb6Xluq_kIgRSAELVJSTz_8,Unverified,No confirmed PE/public/franchise match; most FL contractors are independently owned — ownership not verified,1
B — Phone + priority county,"ANYTIME AIR, INC.",HVAC,Independent / Likely Family-Owned (unverified),Pinellas,Clearwater,33756,"1565  South Missouri Ave, Clearwater, FL, 33756",(850) 438-0001,www.anytimeplumber247.com,4.8,972,"Plumber, Septic system service",CAC,CAC1818189,new,,companies.json (exact_name),ChIJeb6Xluq_kIgRSAELVJSTz_8,https://www.google.com/maps/search/?api=1&query=Anytime%20Plumber&query_place_id=ChIJeb6Xluq_kIgRSAELVJSTz_8,Unverified,No confirmed PE/public/franchise match; most FL contractors are independently owned — ownership not verified,1
B — Phone + priority county,"ROMAN PLUMBING AND AIR, INC.",Plumbing + HVAC,Independent / Likely Family-Owned (unverified),Pasco,New Port Richey,34654,"10504 Holy Spirit Ct, New Port Richey, FL, 34654",(727) 614-8904,www.romanplumbing.net,4.8,969,"Plumber, Air conditioning repair service, Air conditioning system supplier, Bathroom remodeler, Heating contractor, Hot water system supplier, HVAC contractor, Air conditioning contractor","CAC, CFC",CAC1816096; CFC1425795,new,,companies.json (exact_name),ChIJMYKubMyRwogRUS_6vwE4jR4,https://www.google.com/maps/search/?api=1&query=Roman%20Plumbing%20and%20Air%20Inc.&query_place_id=ChIJMYKubMyRwogRUS_6vwE4jR4,Unverified,No confirmed PE/public/franchise match; most FL contractors are independently owned — ownership not verified,2
B — Phone + priority county,"EL PLOMERO LATINO, INC.",Plumbing,Independent / Likely Family-Owned (unverified),Orange,Orlando,32872,"Po Box 721525, Orlando, FL, 32872",(407) 362-7654,www.elplomerolatino.com,4.8,967,"Plumber, Contractor, Drainage service",CFC,CFC1427513,new,,companies.json (exact_name),ChIJjRYtR_Jt54gRotCjKek2YXo,https://www.google.com/maps/search/?api=1&query=El%20Plomero%20Latino&query_place_id=ChIJjRYtR_Jt54gRotCjKek2YXo,Unverified,No confirmed PE/public/franchise match; most FL contractors are independently owned — ownership not verified,1
B — Phone + priority county,"HOME THERAPIST COOLING, HEATING, AND PLUMBING",Plumbing + HVAC,Independent / Likely Family-Owned (unverified),Hillsborough,Tampa,33612,"1408 W Linebaugh Ave, Tampa, FL, 33612",(813) 343-2212,callhometherapist.com,4.8,896,"Air conditioning repair service, Air conditioning contractor, Air duct cleaning service, Furnace repair service, Heating contractor, Hot water system supplier, HVAC contractor, Insulation contractor","CAC, CFC",CAC1819196; CFC1431159,new,,companies.json (exact_name),ChIJK62vXIlaZy8ROqT5qFu2vlE,https://www.google.com/maps/search/?api=1&query=Home%20Therapist%20Cooling%2C%20Heating%2C%20and%20Plumbing&query_place_id=ChIJK62vXIlaZy8ROqT5qFu2vlE,Unverified,No confirmed PE/public/franchise match; most FL contractors are independently owned — ownership not verified,2
B — Phone + priority county,PLUMBING BY PAUL LLC,Plumbing,Independent / Likely Family-Owned (unverified),Pasco,Hudson,34669,"12273 Sharon St, Hudson, FL, 34669",(727) 709-2552,plumbingbypaulllc.com,4.9,885,"Plumber, Bathroom remodeler, Drainage service, Kitchen remodeler, Septic system service, Water filter supplier, Water testing service",CFC,CFC1430367,new,,companies.json (exact_name),ChIJ__-LnAz8wogRZE-DlVtycL8,https://www.google.com/maps/search/?api=1&query=Plumbing%20By%20Paul&query_place_id=ChIJ__-LnAz8wogRZE-DlVtycL8,Unverified,No confirmed PE/public/franchise match; most FL contractors are independently owned — ownership not verified,1
B — Phone + priority county,ADVANTAGE AIR SERVICES INC,HVAC,Independent / Likely Family-Owned (unverified),Sarasota,Osprey,34229,"Po Box 1449, Osprey, FL, 34229",(850) 438-2639,advantagehpe.com,4.9,883,"Air conditioning contractor, Air conditioning repair service, Electrical installation service, Electrician, Heating contractor, Plumber",CAC,CAC1815737,new,,companies.json (exact_name),ChIJh5nRYueBk4gRF70lYtncAJ8,https://www.google.com/maps/search/?api=1&query=Advantage%20HVAC%2C%20Plumbing%2C%20and%20Electrical&query_place_id=ChIJh5nRYueBk4gRF70lYtncAJ8,Unverified,No confirmed PE/public/franchise match; most FL contractors are independently owned — ownership not verified,1
B — Phone + priority county,"AIR ADVANTAGE HEATING AND COOLING, INC",HVAC,Independent / Likely Family-Owned (unverified),Lee,Lehigh Acres,33971,"5611 2Nd St W, Lehigh Acres, FL, 33971",(850) 438-2639,advantagehpe.com,4.9,883,"Air conditioning contractor, Air conditioning repair service, Electrical installation service, Electrician, Heating contractor, Plumber",CAC,CAC1813217,new,,companies.json (exact_name),ChIJh5nRYueBk4gRF70lYtncAJ8,https://www.google.com/maps/search/?api=1&query=Advantage%20HVAC%2C%20Plumbing%2C%20and%20Electrical&query_place_id=ChIJh5nRYueBk4gRF70lYtncAJ8,Unverified,No confirmed PE/public/franchise match; most FL contractors are independently owned — ownership not verified,1
B — Phone + priority county,THE GOAT PLUMBING COMPANY LLC,Plumbing,Independent / Likely Family-Owned (unverified),Lee,Alva,33920,"18250 Palm Beach Blvd, Alva, FL, 33920",(239) 426-5725,www.thegoatplumbingcompany.com/fort-myers,4.9,871,"Plumber, Drainage service, Water purification company, Water tank cleaning service",CFC,CFC1430354,new,,companies.json (exact_name),ChIJGZhRtYpr24gRRCGZbjqKfeM,https://www.google.com/maps/search/?api=1&query=The%20GOAT%20Plumbing%20Company&query_place_id=ChIJGZhRtYpr24gRRCGZbjqKfeM,Unverified,No confirmed PE/public/franchise match; most FL contractors are independently owned — ownership not verified,1
B — Phone + priority county,CASS PLUMBING INCORPORATED,Plumbing,Independent / Likely Family-Owned (unverified),Hillsborough,Tampa,33688,"P O Box 272876, Tampa, FL, 33688",(813) 265-9200,cassplumbingtampabay.com,4.5,839,Plumber,CFC,CFC057412,new,,companies.json (exact_name),ChIJmRac_bbBwogRy2lT34zHCtI,https://www.google.com/maps/search/?api=1&query=Cass%20Plumbing%2C%20Inc.&query_place_id=ChIJmRac_bbBwogRy2lT34zHCtI,Unverified,No confirmed PE/public/franchise match; most FL contractors are independently owned — ownership not verified,1
B — Phone + priority county,APEX AIR CONDITIONING LLC,HVAC,Independent / Likely Family-Owned (unverified),Hillsborough,Tampa,33626,"9913 New Parke Rd, Tampa, FL, 33626",(727) 371-9061,apexdoyourplumbing.com,4.9,835,"Plumber, Bathroom remodeler, Drainage service, Hot water system supplier, Kitchen remodeler, Septic system service, Water filter supplier, Water softening equipment supplier",CAC,CAC1825070,new,,companies.json (exact_name),ChIJldvuRfXlwogR_1Z7sW91hW4,https://www.google.com/maps/search/?api=1&query=Apex%20Plumbing&query_place_id=ChIJldvuRfXlwogR_1Z7sW91hW4,Unverified,No confirmed PE/public/franchise match; most FL contractors are independently owned — ownership not verified,1
B — Phone + priority county,APEX AIR INC,HVAC,Independent / Likely Family-Owned (unverified),Broward,Cooper City,33330,"5623 S.W. 116Th Ave., Cooper City, FL, 33330",(727) 371-9061,apexdoyourplumbing.com,4.9,835,"Plumber, Bathroom remodeler, Drainage service, Hot water system supplier, Kitchen remodeler, Septic system service, Water filter supplier, Water softening equipment supplier",CAC,CAC1815652,new,,companies.json (exact_name),ChIJldvuRfXlwogR_1Z7sW91hW4,https://www.google.com/maps/search/?api=1&query=Apex%20Plumbing&query_place_id=ChIJldvuRfXlwogR_1Z7sW91hW4,Unverified,No confirmed PE/public/franchise match; most FL contractors are independently owned — ownership not verified,1
B — Phone + priority county,APEX PLUMBING LLC,Plumbing,Independent / Likely Family-Owned (unverified),Lee,Fort Myers,33908,"9501 Albero Court, Fort Myers, FL, 33908",(727) 371-9061,apexdoyourplumbing.com,4.9,835,"Plumber, Bathroom remodeler, Drainage service, Hot water system supplier, Kitchen remodeler, Septic system service, Water filter supplier, Water softening equipment supplier",CFC,CFC1427872; CFC1430406,new,,companies.json (exact_name),ChIJldvuRfXlwogR_1Z7sW91hW4,https://www.google.com/maps/search/?api=1&query=Apex%20Plumbing&query_place_id=ChIJldvuRfXlwogR_1Z7sW91hW4,Unverified,No confirmed PE/public/franchise match; most FL contractors are independently owned — ownership not verified,2
B — Phone + priority county,APEX PLUMBING SERVICES LLC,Plumbing,Independent / Likely Family-Owned (unverified),Miami-Dade,Miami,33133,"3239 W Trade Ave Apt 4, Miami, FL, 33133",(727) 371-9061,apexdoyourplumbing.com,4.9,835,"Plumber, Bathroom remodeler, Drainage service, Hot water system supplier, Kitchen remodeler, Septic system service, Water filter supplier, Water softening equipment supplier",CFC,CFC1434081,new,,companies.json (exact_name),ChIJldvuRfXlwogR_1Z7sW91hW4,https://www.google.com/maps/search/?api=1&query=Apex%20Plumbing&query_place_id=ChIJldvuRfXlwogR_1Z7sW91hW4,Unverified,No confirmed PE/public/franchise match; most FL contractors are independently owned — ownership not verified,1
B — Phone + priority county,"RIDGE HEATING, COOLING, PLUMBING & ELECTRICAL, LLC",Plumbing + HVAC,Independent / Likely Family-Owned (unverified),Duval,Jacksonville,32444,"2440 Amhurst Street, Lynn Haven, FL, 32444",(850) 929-8628,ridgeac.com,4.8,827,"HVAC contractor, Electrician, Plumber","CAC, CFC",CAC058107; CFC1432814; CFC1432963,new,,companies.json (exact_name),ChIJB5IlAfWDk4gRMxXU_UeSs0s,https://www.google.com/maps/search/?api=1&query=Ridge%20Heating%2C%20Cooling%2C%20Plumbing%20%26%20Electrical&query_place_id=ChIJB5IlAfWDk4gRMxXU_UeSs0s,Unverified,No confirmed PE/public/franchise match; most FL contractors are independently owned — ownership not verified,3
B — Phone + priority county,"CUSTOM AIR & PLUMBING, LLC",Plumbing + HVAC,Independent / Likely Family-Owned (unverified),Sarasota,Sarasota,34233,"5338 Pinkney Ave, Sarasota, FL, 34233",(941) 217-7799,customairinc.com,4.8,816,"Plumber, Air conditioning contractor, Air conditioning repair service, Furnace repair service, Electric generator shop, Heating contractor, HVAC contractor","CAC, CFC",CAC1823523; CFC1433331,new,,companies.json (exact_name),ChIJ6Y55KnBHw4gRg30sHFiY6sA,https://www.google.com/maps/search/?api=1&query=Custom%20Air%20%26%20Plumbing&query_place_id=ChIJ6Y55KnBHw4gRg30sHFiY6sA,Unverified,No confirmed PE/public/franchise match; most FL contractors are independently owned — ownership not verified,2
B — Phone + priority county,CUSTOM COOLING & HEATING INC,HVAC,Independent / Likely Family-Owned (unverified),Lee,North Fort Myers,33903,"1257 Lamar Road, North Fort Myers, FL, 33903",(941) 217-7799,customairinc.com,4.8,816,"Plumber, Air conditioning contractor, Air conditioning repair service, Furnace repair service, Electric generator shop, Heating contractor, HVAC contractor",CAC,CAC042699,new,,companies.json (exact_name),ChIJ6Y55KnBHw4gRg30sHFiY6sA,https://www.google.com/maps/search/?api=1&query=Custom%20Air%20%26%20Plumbing&query_place_id=ChIJ6Y55KnBHw4gRg30sHFiY6sA,Unverified,No confirmed PE/public/franchise match; most FL contractors are independently owned — ownership not verified,1
B — Phone + priority county,"ALL PRO COOLING & HEATING, LLC",HVAC,Independent / Likely Family-Owned (unverified),Orange,Orlando,32809,"8026 Sunport Dr Unit 303-304, Orlando, FL, 32809",(813) 616-1851,callthepro.com,4.9,809,"Plumber, Air conditioning contractor, Air conditioning repair service, Bathroom remodeler, Gas installation service, Gasfitter, Hot water system supplier, HVAC contractor",CAC,CAC1820992,new,,companies.json (exact_name),ChIJyT3plYDBwogRKbPGCbKvxP4,https://www.google.com/maps/search/?api=1&query=All%20Pro%20Plumbing%20%26%20Air&query_place_id=ChIJyT3plYDBwogRKbPGCbKvxP4,Unverified,No confirmed PE/public/franchise match; most FL contractors are independently owned — ownership not verified,1
B — Phone + priority county,"CURRENT FLOW PLUMBING AND DRAINS, INC",Plumbing,Independent / Likely Family-Owned (unverified),Lee,Fort Myers,33916,"3664 Work Dr #6F, Fort Myers, FL, 33916",(239) 402-6858,currentflowplumbing.com,4.9,795,Plumber,CFC,CFC1429878,new,,companies.json (exact_name),ChIJf52FARZH24gRFCNAghjBdPE,https://www.google.com/maps/search/?api=1&query=Current%20Flow%20Plumbing%20and%20Drains&query_place_id=ChIJf52FARZH24gRFCNAghjBdPE,Unverified,No confirmed PE/public/franchise match; most FL contractors are independently owned — ownership not verified,1
B — Phone + priority county,COASTAL PLUMBING & MECHANICAL CORPORATION,Plumbing,Independent / Likely Family-Owned (unverified),Collier,Naples,34116,"3240 German Woods Court, Naples, FL, 34116",(239) 643-3278,coastalplumbing.com,4.9,790,"Plumber, Fire protection service, Fire protection system supplier, Septic system service",CFC,CFC1428902,new,,companies.json (exact_name),ChIJyyQbTmri2ogRsWe1PpaFQog,https://www.google.com/maps/search/?api=1&query=Coastal%20Plumbing%20%26%20Mechanical%20Corporation&query_place_id=ChIJyyQbTmri2ogRsWe1PpaFQog,Unverified,No confirmed PE/public/franchise match; most FL contractors are independently owned — ownership not verified,1
B — Phone + priority county,SUPERIOR PLUMBING SOLUTIONS,Plumbing,Independent / Likely Family-Owned (unverified),Lee,Cape Coral,33990,"1014  Se 12Th Ct Unit 5, Cape Coral, FL, 33990",(239) 518-2469,www.superiorplumbingflorida.com,5,730,"Plumber, Drainage service, Water testing service, Water treatment supplier",CFC,CFC1431951,new,,companies.json (exact_name),ChIJyVw9YWMYfyMRTJR83F5VkEA,https://www.google.com/maps/search/?api=1&query=Superior%20Plumbing%20Solutions&query_place_id=ChIJyVw9YWMYfyMRTJR83F5VkEA,Unverified,No confirmed PE/public/franchise match; most FL contractors are independently owned — ownership not verified,1
B — Phone + priority county,VAN FRANEY PLUMBING INC,Plumbing,Independent / Likely Family-Owned (unverified),Lee,Fort Myers,33908,"8550 Belle Meade Dr., Fort Myers, FL, 33908",(239) 851-0207,www.vanfraneyplumbing.com,4.9,684,Plumber,"CFC, RF",CFC1432145; RF0036901,new,,companies.json (exact_name),ChIJzfN6Pms-24gR7MB7mZ7ZdnA,https://www.google.com/maps/search/?api=1&query=Van%20Franey%20Plumbing%2C%20Inc.&query_place_id=ChIJzfN6Pms-24gR7MB7mZ7ZdnA,Unverified,No confirmed PE/public/franchise match; most FL contractors are independently owned — ownership not verified,2
B — Phone + priority county,BROWN HEATING AND COOLING INC,Plumbing + HVAC,Independent / Likely Family-Owned (unverified),Manatee,Venice,34293,"5503 80Th Avenue East, Palmetto, FL, 34221-8845",(941) 200-0716,browncoolingandplumbing.com,4.8,677,"Plumber, Air conditioning contractor, Air conditioning repair service, Air conditioning system supplier, Furnace repair service, Heating contractor, HVAC contractor","CAC, CFC",CAC1816257; CAC1821342; CAC1823262; CFC1431311,new,,companies.json (exact_name),ChIJQxFNrkU9w4gRX6ggH2AeHZU,https://www.google.com/maps/search/?api=1&query=Brown%20Heating%2C%20Cooling%20and%20Plumbing&query_place_id=ChIJQxFNrkU9w4gRX6ggH2AeHZU,Unverified,No confirmed PE/public/franchise match; most FL contractors are independently owned — ownership not verified,4
B — Phone + priority county,BROWN PLUMBING LLC,Plumbing,Independent / Likely Family-Owned (unverified),Broward,Davie,33324,"2440  Sw 105 Terr, Davie, FL, 33324",(941) 200-0716,browncoolingandplumbing.com,4.8,677,"Plumber, Air conditioning contractor, Air conditioning repair service, Air conditioning system supplier, Furnace repair service, Heating contractor, HVAC contractor",CFC,CFC1427691,new,,companies.json (exact_name),ChIJQxFNrkU9w4gRX6ggH2AeHZU,https://www.google.com/maps/search/?api=1&query=Brown%20Heating%2C%20Cooling%20and%20Plumbing&query_place_id=ChIJQxFNrkU9w4gRX6ggH2AeHZU,Unverified,No confirmed PE/public/franchise match; most FL contractors are independently owned — ownership not verified,1
B — Phone + priority county,TOTAL AIR SOLUTIONS LLC,HVAC / Mechanical,Independent / Likely Family-Owned (unverified),Sarasota,North Port,34289,"1050 Corporate Ave Unit 118, North Port, FL, 34289",(813) 935-2733,www.totalplumbingfl.com,4.9,657,Plumber,"CAC, CMC",CAC057284; CMC1250547,new,,companies.json (exact_name),ChIJO9SbahDBwogRfakrofXAjeQ,https://www.google.com/maps/search/?api=1&query=Total%20Plumbing%20Solutions&query_place_id=ChIJO9SbahDBwogRfakrofXAjeQ,Unverified,No confirmed PE/public/franchise match; most FL contractors are independently owned — ownership not verified,2
B — Phone + priority county,TOTAL PLUMBING SOLUTIONS INC,Plumbing,Independent / Likely Family-Owned (unverified),Hillsborough,Lutz,33549,"15901 N Florida Ave, Lutz, FL, 33549",(813) 935-2733,www.totalplumbingfl.com,4.9,657,Plumber,CFC,CFC1426118,new,,companies.json (exact_name),ChIJO9SbahDBwogRfakrofXAjeQ,https://www.google.com/maps/search/?api=1&query=Total%20Plumbing%20Solutions&query_place_id=ChIJO9SbahDBwogRfakrofXAjeQ,Unverified,No confirmed PE/public/franchise match; most FL contractors are independently owned — ownership not verified,1
B — Phone + priority county,"TOTAL SOLUTIONS FL, INC.",HVAC,Independent / Likely Family-Owned (unverified),Orange,Orlando,32807,"366 Southern Charm Dr, Orlando, FL, 32807",(813) 935-2733,www.totalplumbingfl.com,4.9,657,Plumber,CAC,CAC1824871,new,,companies.json (exact_name),ChIJO9SbahDBwogRfakrofXAjeQ,https://www.google.com/maps/search/?api=1&query=Total%20Plumbing%20Solutions&query_place_id=ChIJO9SbahDBwogRfakrofXAjeQ,Unverified,No confirmed PE/public/franchise match; most FL contractors are independently owned — ownership not verified,1
B — Phone + priority county,DUNEDIN PLUMBING INC,Plumbing,Independent / Likely Family-Owned (unverified),Pinellas,Dunedin,34698,"483 Patricia Avenue, Dunedin, FL, 34698",(727) 734-2879,www.dunedinplumbing.com,4.5,622,Plumber,CFC,CFC1426256,new,,companies.json (exact_name),ChIJDSPp4YLxwogRFxCTGic088s,https://www.google.com/maps/search/?api=1&query=Dunedin%20Plumbing%20Inc&query_place_id=ChIJDSPp4YLxwogRFxCTGic088s,Unverified,No confirmed PE/public/franchise match; most FL contractors are independently owned — ownership not verified,1
B — Phone + priority county,GP PLUMBING,Plumbing,Independent / Likely Family-Owned (unverified),Lee,Cape Coral,33909,"618 Ne 1St Ave, Cape Coral, FL, 33909",(239) 486-4609,gpplumb.com,4.8,622,Plumber,CFC,CFC1433905,new,,companies.json (exact_name),ChIJZ2WEhj0524gRyIdryztuTfc,https://www.google.com/maps/search/?api=1&query=GP%20Plumbing&query_place_id=ChIJZ2WEhj0524gRyIdryztuTfc,Unverified,No confirmed PE/public/franchise match; most FL contractors are independently owned — ownership not verified,1
B — Phone + priority county,RYAN'S HEATING AND AIR CONDITIONING,HVAC,Independent / Likely Family-Owned (unverified),Lee,Bonita Springs,34134,"4543 San Antonio Ln, Bonita Springs, FL, 34134",(941) 256-5580,www.ryansplumbing.com,4.9,591,"Plumber, Repair service",CAC,CAC1824624,new,,companies.json (exact_name),ChIJ8Z6jB9lGw4gRavTdP6ezGlA,https://www.google.com/maps/search/?api=1&query=Ryan's%20Plumbing%20LLC&query_place_id=ChIJ8Z6jB9lGw4gRavTdP6ezGlA,Unverified,No confirmed PE/public/franchise match; most FL contractors are independently owned — ownership not verified,1
B — Phone + priority county,RYAN'S PLUMBING LLC,Plumbing,Independent / Likely Family-Owned (unverified),Sarasota,Sarasota,34233-1528,"5428 Ashton Court Unit 3, Sarasota, FL, 34233-1528",(941) 256-5580,www.ryansplumbing.com,4.9,591,"Plumber, Repair service",CFC,CFC1427182,new,,companies.json (exact_name),ChIJ8Z6jB9lGw4gRavTdP6ezGlA,https://www.google.com/maps/search/?api=1&query=Ryan's%20Plumbing%20LLC&query_place_id=ChIJ8Z6jB9lGw4gRavTdP6ezGlA,Unverified,No confirmed PE/public/franchise match; most FL contractors are independently owned — ownership not verified,1
B — Phone + priority county,RYAN`S AIR CONDITIONING AND HEATING LLC,HVAC,Independent / Likely Family-Owned (unverified),Pinellas,St. Petersburg,33707,"220 Pasadena, St. Petersburg, FL, 33707",(941) 256-5580,www.ryansplumbing.com,4.9,591,"Plumber, Repair service",CAC,CAC1819957,new,,companies.json (exact_name),ChIJ8Z6jB9lGw4gRavTdP6ezGlA,https://www.google.com/maps/search/?api=1&query=Ryan's%20Plumbing%20LLC&query_place_id=ChIJ8Z6jB9lGw4gRavTdP6ezGlA,Unverified,No confirmed PE/public/franchise match; most FL contractors are independently owned — ownership not verified,1
B — Phone + priority county,"DIVERSIFIED PLUMBING SERVICES OF SW FLORIDA, INC.",Plumbing + HVAC,Independent / Likely Family-Owned (unverified),Lee,Lehigh Acres,33973,"534 Meadow Rd, Lehigh Acres, FL, 33973",(239) 850-6674,dpservicesfl.com,4.8,589,Plumber,"CAC, CFC",CAC1821670; CFC1428530,new,,companies.json (exact_name),ChIJc_bbHkUV24gRfbMoOsXM5k0,https://www.google.com/maps/search/?api=1&query=Diversified%20Plumbing%20Services%20of%20SW%20Florida&query_place_id=ChIJc_bbHkUV24gRfbMoOsXM5k0,Unverified,No confirmed PE/public/franchise match; most FL contractors are independently owned — ownership not verified,2
B — Phone + priority county,"MAX SOLON PLUMBING, LLC",Plumbing,Independent / Likely Family-Owned (unverified),Pinellas,Largo,33778,"11401 Seminole Blvd, Largo, FL, 33778",(727) 422-9062,maxsolonplumbing.com,4.9,538,"Plumber, Bathroom remodeler, Drainage service",CFC,CFC1429697,new,,companies.json (exact_name),ChIJa_0m-nH8wogRFnkGF-6xsik,https://www.google.com/maps/search/?api=1&query=Max%20Solon%20Plumbing%2C%20LLC&query_place_id=ChIJa_0m-nH8wogRFnkGF-6xsik,Unverified,No confirmed PE/public/franchise match; most FL contractors are independently owned — ownership not verified,1
B — Phone + priority county,GULFVIEW PLUMBING AND WATER TREATMENT,Plumbing,Independent / Likely Family-Owned (unverified),Pinellas,Clearwater,33764,"2028 Diplomat Dr, Clearwater, FL, 33764",(727) 351-4700,gulfviewplumbing.com,4.9,525,"Plumber, Bathroom remodeler, Kitchen remodeler, Water treatment supplier",CFC,CFC1429897,new,,companies.json (fuzzy_1.00),ChIJlVXapcPxwogRTPf15SJqGrk,https://www.google.com/maps/search/?api=1&query=Gulfview%20Plumbing%20%26%20Water%20Treatment&query_place_id=ChIJlVXapcPxwogRTPf15SJqGrk,Unverified,No confirmed PE/public/franchise match; most FL contractors are independently owned — ownership not verified,1
B — Phone + priority county,CHUCK'S PLUMBING,Plumbing,Independent / Likely Family-Owned (unverified),Hillsborough,Temple Terrace,33617,"11405 Gibraltar Place, Temple Terrace, FL, 33617",(813) 200-4118,www.chucksplumbing.com,4.8,514,"Plumber, Service establishment",CFC,CFC043049,new,,companies.json (exact_name),ChIJ64SMqNjGwogRoEIcuzYGRpE,https://www.google.com/maps/search/?api=1&query=Chuck's%20Plumbing%20LLC&query_place_id=ChIJ64SMqNjGwogRoEIcuzYGRpE,Unverified,No confirmed PE/public/franchise match; most FL contractors are independently owned — ownership not verified,1
B — Phone + priority county,"T PARKE SERVICES, INC.",Plumbing,Independent / Likely Family-Owned (unverified),Lee,Bonita Springs,34133,"P O Box 2133, Bonita Springs, FL, 34133",(239) 910-5005,www.tparkeservices.com,4.9,513,"Plumber, Service establishment",CFC,CFC1429758,new,,companies.json (exact_name),ChIJd_pLH2dycQ4RIg0cc9G6MEc,https://www.google.com/maps/search/?api=1&query=T%20Parke%20Services%2C%20Inc&query_place_id=ChIJd_pLH2dycQ4RIg0cc9G6MEc,Unverified,No confirmed PE/public/franchise match; most FL contractors are independently owned — ownership not verified,1
B — Phone + priority county,PROFESSIONAL PLUMBING & DESIGN INC,Plumbing,Independent / Likely Family-Owned (unverified),Sarasota,Sarasota,34234,"4450 Middle Avenue, Sarasota, FL, 34234",(941) 355-5400,www.proplumbingdesign.com,4.9,506,Plumber,CFC,CFC057045,new,,companies.json (exact_name),ChIJJ5BdHpg_w4gRkDTD-LnmVxU,https://www.google.com/maps/search/?api=1&query=Professional%20Plumbing%20%26%20Design%2C%20Inc&query_place_id=ChIJJ5BdHpg_w4gRkDTD-LnmVxU,Unverified,No confirmed PE/public/franchise match; most FL contractors are independently owned — ownership not verified,1
B — Phone + priority county,"PREMIUM PLUMBING, LLC",Plumbing,Independent / Likely Family-Owned (unverified),Hillsborough,Tampa,33614,"4706 North Thatcher Avenue, Tampa, FL, 33614",(813) 355-0883,mypremiumplumbing.com,4.9,505,"Plumber, Drainage service, Hot water system supplier, Water purification company, Water softening equipment supplier, Water testing service",CFC,CFC1429217,new,,companies.json (exact_name),ChIJq6oa39LDwogRlmH-IYKq-2s,https://www.google.com/maps/search/?api=1&query=Premium%20Plumbing&query_place_id=ChIJq6oa39LDwogRlmH-IYKq-2s,Unverified,No confirmed PE/public/franchise match; most FL contractors are independently owned — ownership not verified,1
B — Phone + priority county,PREMIUM SERVICES LLC,HVAC,Independent / Likely Family-Owned (unverified),Pinellas,Largo,33771,"8772 Christie Dr., Largo, FL, 33771",(813) 355-0883,mypremiumplumbing.com,4.9,505,"Plumber, Drainage service, Hot water system supplier, Water purification company, Water softening equipment supplier, Water testing service",CAC,CAC1816474,new,,companies.json (exact_name),ChIJq6oa39LDwogRlmH-IYKq-2s,https://www.google.com/maps/search/?api=1&query=Premium%20Plumbing&query_place_id=ChIJq6oa39LDwogRlmH-IYKq-2s,Unverified,No confirmed PE/public/franchise match; most FL contractors are independently owned — ownership not verified,1
B — Phone + priority county,"REFLOW PLUMBING, LLC",Plumbing,Independent / Likely Family-Owned (unverified),Lee,Cape Coral,33914,"2621 Sw Ninth Ave, Cape Coral, FL, 33914",(239) 839-2347,reflowplumbingllc.com,4.9,493,"Plumber, Drainage service",CFC,CFC1433821,new,,companies.json (exact_name),ChIJUfAYdkM824gRoSrvj2d6vYU,https://www.google.com/maps/search/?api=1&query=Reflow%20Plumbing%20LLC&query_place_id=ChIJUfAYdkM824gRoSrvj2d6vYU,Unverified,No confirmed PE/public/franchise match; most FL contractors are independently owned — ownership not verified,1
B — Phone + priority county,"ALL HOURS PLUMBER, LLC",Plumbing,Independent / Likely Family-Owned (unverified),Hillsborough,Tampa,33609,"5401 W Kennedy Blvd. Suite 100, Tampa, FL, 33609",(813) 774-1199,allhoursplumber.com,4.9,476,"Plumber, Drainage service, Gasfitter",CFC,CFC1431544,new,,companies.json (exact_name),ChIJUdgTkW7DwogR9oY6pAWHxUI,https://www.google.com/maps/search/?api=1&query=All%20Hours%20Plumber&query_place_id=ChIJUdgTkW7DwogR9oY6pAWHxUI,Unverified,No confirmed PE/public/franchise match; most FL contractors are independently owned — ownership not verified,1
B — Phone + priority county,SOUTHERN AIR CONDITIONING CO,HVAC,Independent / Likely Family-Owned (unverified),Palm Beach,Loxahatchee,33470,"16735 87Th Lane North, Loxahatchee, FL, 33470",(772) 564-6980,www.southernplumbinginc.com,4.8,468,Plumber,CAC,CAC057423,new,,companies.json (exact_name),ChIJjbW1_Wpe3ogRABi-a9-30W0,https://www.google.com/maps/search/?api=1&query=Southern%20Plumbing%20Inc.&query_place_id=ChIJjbW1_Wpe3ogRABi-a9-30W0,Unverified,No confirmed PE/public/franchise match; most FL contractors are independently owned — ownership not verified,1
B — Phone + priority county,"SOUTHERN AIR, INC.",HVAC,Independent / Likely Family-Owned (unverified),Miami-Dade,Homestead,33033,"14933 Sw 302 Terrace, Homestead, FL, 33033",(772) 564-6980,www.southernplumbinginc.com,4.8,468,Plumber,CAC,CAC1818856,new,,companies.json (exact_name),ChIJjbW1_Wpe3ogRABi-a9-30W0,https://www.google.com/maps/search/?api=1&query=Southern%20Plumbing%20Inc.&query_place_id=ChIJjbW1_Wpe3ogRABi-a9-30W0,Unverified,No confirmed PE/public/franchise match; most FL contractors are independently owned — ownership not verified,1
B — Phone + priority county,SOUTHERN HEATING AND AIR CONDITIONING LLC,HVAC,Independent / Likely Family-Owned (unverified),Hillsborough,Plant City,33567,"4423 Calhoun Rd, Plant City, FL, 33567",(772) 564-6980,www.southernplumbinginc.com,4.8,468,Plumber,CAC,CAC1822710,new,,companies.json (exact_name),ChIJjbW1_Wpe3ogRABi-a9-30W0,https://www.google.com/maps/search/?api=1&query=Southern%20Plumbing%20Inc.&query_place_id=ChIJjbW1_Wpe3ogRABi-a9-30W0,Unverified,No confirmed PE/public/franchise match; most FL contractors are independently owned — ownership not verified,1
B — Phone + priority county,"SOUTHERN HEATING AND COOLING, INC.",HVAC,Independent / Likely Family-Owned (unverified),Lee,Fort Myers,33913,"14261 Jetport Loop W Suite 1, Fort Myers, FL, 33913",(772) 564-6980,www.southernplumbinginc.com,4.8,468,Plumber,CAC,CAC1817773,new,,companies.json (exact_name),ChIJjbW1_Wpe3ogRABi-a9-30W0,https://www.google.com/maps/search/?api=1&query=Southern%20Plumbing%20Inc.&query_place_id=ChIJjbW1_Wpe3ogRABi-a9-30W0,Unverified,No confirmed PE/public/franchise match; most FL contractors are independently owned — ownership not verified,1
B — Phone + priority county,COUSINS PLUMBING,Plumbing,Independent / Likely Family-Owned (unverified),Pasco,Trinity,34655,"1615 Percheron Drive, Trinity, FL, 34655",(727) 248-2363,www.mycousinsplumbing.com,4.9,455,"Plumber, Service establishment",CFC,CFC1430443,new,,companies.json (exact_name),ChIJ8Y0YyOqTwogRr3EEcY1foew,https://www.google.com/maps/search/?api=1&query=Cousins%20Plumbing&query_place_id=ChIJ8Y0YyOqTwogRr3EEcY1foew,Unverified,No confirmed PE/public/franchise match; most FL contractors are independently owned — ownership not verified,1
B — Phone + priority county,ULTIMATE COOLING SOLUTIONS LLC,HVAC,Independent / Likely Family-Owned (unverified),Palm Beach,West Palm Beach,33412,"13759 82 Lane North, West Palm Beach, FL, 33412",(813) 296-2010,ultimateplumbingsolutions.com,4.9,450,"Plumber, Bathroom remodeler, Drainage service, Sewage disposal service",CAC,CAC1821527,new,,companies.json (exact_name),ChIJMxW3hH00eaARhCM90xvMtts,https://www.google.com/maps/search/?api=1&query=Ultimate%20Plumbing%20Solutions%20LLC&query_place_id=ChIJMxW3hH00eaARhCM90xvMtts,Unverified,No confirmed PE/public/franchise match; most FL contractors are independently owned — ownership not verified,1
B — Phone + priority county,"UNITED PLUMBING OF SOUTHWEST FLORIDA, LLC",Plumbing,Independent / Likely Family-Owned (unverified),Lee,Cape Coral,33909,"618 Ne 1St Ave, Cape Coral, FL, 33909",(239) 482-3888,unitedplumbinginc.com,4.9,423,"Plumber, Bathroom remodeler, Kitchen remodeler, Water softening equipment supplier",CFC,CFC1433130,new,,companies.json (exact_name),ChIJzyyRn4QV24gR0l8SPhxHl_I,https://www.google.com/maps/search/?api=1&query=United%20Plumbing%20of%20Southwest%20Florida&query_place_id=ChIJzyyRn4QV24gR0l8SPhxHl_I,Unverified,No confirmed PE/public/franchise match; most FL contractors are independently owned — ownership not verified,1
B — Phone + priority county,NEW LIFE COOLING AND HEATING INC.,HVAC,Independent / Likely Family-Owned (unverified),Lee,Lehigh Acres,33971,"1009 Carl Ave, Lehigh Acres, FL, 33971",(941) 504-4617,www.newlifeplumbingllc.com,5,419,"Plumber, Contractor",CAC,CAC1823981,new,,companies.json (exact_name),ChIJo1MPeSt8SYgRnssKP45zv5s,https://www.google.com/maps/search/?api=1&query=New%20Life%20Plumbing&query_place_id=ChIJo1MPeSt8SYgRnssKP45zv5s,Unverified,No confirmed PE/public/franchise match; most FL contractors are independently owned — ownership not verified,1
B — Phone + priority county,NEW LIFE PLUMBING LLC,Plumbing,Independent / Likely Family-Owned (unverified),Sarasota,Sarasota,34240,"1265 Porter Rd Bldg 3-2, Sarasota, FL, 34240",(941) 504-4617,www.newlifeplumbingllc.com,5,419,"Plumber, Contractor",CFC,CFC1432030,new,,companies.json (exact_name),ChIJo1MPeSt8SYgRnssKP45zv5s,https://www.google.com/maps/search/?api=1&query=New%20Life%20Plumbing&query_place_id=ChIJo1MPeSt8SYgRnssKP45zv5s,Unverified,No confirmed PE/public/franchise match; most FL contractors are independently owned — ownership not verified,1
B — Phone + priority county,ARMSTRONG BROS. PLUMBING,Plumbing,Independent / Likely Family-Owned (unverified),Manatee,Palmetto,34221,"923 4Th Street W, Palmetto, FL, 34221",(941) 721-4645,www.armstrongbrosplumbing.com,4.8,417,"Plumber, Contractor, Drainage service",CFC,CFC1430342,new,,companies.json (exact_name),ChIJNwxD8sIXw4gRfcxUw0cbVkw,https://www.google.com/maps/search/?api=1&query=Armstrong%20Bros%20Plumbing&query_place_id=ChIJNwxD8sIXw4gRfcxUw0cbVkw,Unverified,No confirmed PE/public/franchise match; most FL contractors are independently owned — ownership not verified,1
B — Phone + priority county,PARRISH PLUMBING LLC,Plumbing,Independent / Likely Family-Owned (unverified),Manatee,Parrish,34219,"14875  Us Hwy 301 N, Parrish, FL, 34219",(941) 803-4202,www.parrishplumbing.com,4.9,415,Plumber,CFC,CFC1427460,new,,companies.json (exact_name),ChIJmwBYQq4lw4gRmIxmT5qneSI,https://www.google.com/maps/search/?api=1&query=Parrish%20Plumbing%20LLC&query_place_id=ChIJmwBYQq4lw4gRmIxmT5qneSI,Unverified,No confirmed PE/public/franchise match; most FL contractors are independently owned — ownership not verified,1
B — Phone + priority county,FLORIDA PLUMBERS LLC,Plumbing,Independent / Likely Family-Owned (unverified),Hillsborough,Riverview,33569,"13008 Shadow Run Blvd, Riverview, FL, 33569",(239) 332-2750,theplumbersplumber.com/service-areas,4.9,413,"Plumber, Contractor, Drainage service, Service establishment, Water jet cutting service",CFC,CFC1430205,new,,companies.json (exact_name),ChIJVVVVVcVB24gRzwDmDBUKOVo,https://www.google.com/maps/search/?api=1&query=The%20Plumbers%20Plumber%2C%20Inc&query_place_id=ChIJVVVVVcVB24gRzwDmDBUKOVo,Unverified,No confirmed PE/public/franchise match; most FL contractors are independently owned — ownership not verified,1
B — Phone + priority county,PLUMBERS,Plumbing,Independent / Likely Family-Owned (unverified),Hillsborough,Odessa,33556,"13128 S.R. 54, Odessa, FL, 33556",(239) 332-2750,theplumbersplumber.com/service-areas,4.9,413,"Plumber, Contractor, Drainage service, Service establishment, Water jet cutting service",CFC,CFC048268; CFC057504,new,,companies.json (exact_name),ChIJVVVVVcVB24gRzwDmDBUKOVo,https://www.google.com/maps/search/?api=1&query=The%20Plumbers%20Plumber%2C%20Inc&query_place_id=ChIJVVVVVcVB24gRzwDmDBUKOVo,Unverified,No confirmed PE/public/franchise match; most FL contractors are independently owned — ownership not verified,2
B — Phone + priority county,THE PLUMBERS PLUMBER INC,Plumbing,Independent / Likely Family-Owned (unverified),Lee,North Fort Myers,33917,"3390 Trail Dairy Cir, North Fort Myers, FL, 33917",(239) 332-2750,theplumbersplumber.com/service-areas,4.9,413,"Plumber, Contractor, Drainage service, Service establishment, Water jet cutting service",CFC,CFC1425940; CFC1429575,new,,companies.json (exact_name),ChIJVVVVVcVB24gRzwDmDBUKOVo,https://www.google.com/maps/search/?api=1&query=The%20Plumbers%20Plumber%2C%20Inc&query_place_id=ChIJVVVVVcVB24gRzwDmDBUKOVo,Unverified,No confirmed PE/public/franchise match; most FL contractors are independently owned — ownership not verified,2
B — Phone + priority county,"THE PLUMBERS, LLC",Plumbing,Independent / Likely Family-Owned (unverified),Broward,Pompano Beach,33064,"1381 Ne 25 Street, Pompano Beach, FL, 33064",(239) 332-2750,theplumbersplumber.com/service-areas,4.9,413,"Plumber, Contractor, Drainage service, Service establishment, Water jet cutting service",CFC,CFC1431069,new,,companies.json (exact_name),ChIJVVVVVcVB24gRzwDmDBUKOVo,https://www.google.com/maps/search/?api=1&query=The%20Plumbers%20Plumber%2C%20Inc&query_place_id=ChIJVVVVVcVB24gRzwDmDBUKOVo,Unverified,No confirmed PE/public/franchise match; most FL contractors are independently owned — ownership not verified,1
B — Phone + priority county,IBIS PLUMBING LLC,Plumbing,Independent / Likely Family-Owned (unverified),Lee,Cape Coral,33991,"422 Sw 2Nd Ter #207, Cape Coral, FL, 33991",(239) 574-7586,ibisplumbing.com,5,412,Plumber,CFC,CFC1429880,new,,companies.json (exact_name),ChIJVVWJhEJE24gRsrHTISnEta8,https://www.google.com/maps/search/?api=1&query=Ibis%20Plumbing&query_place_id=ChIJVVWJhEJE24gRsrHTISnEta8,Unverified,No confirmed PE/public/franchise match; most FL contractors are independently owned — ownership not verified,1
B — Phone + priority county,ALL ASPECTS PLUMBING LLC,Plumbing,Independent / Likely Family-Owned (unverified),Sarasota,North Port,34288,"4938 Atlus Ave, North Port, FL, 34288",(941) 237-9717,allaspectsplumbing.com,5,397,"Plumber, Service establishment",CFC,CFC1430314,new,,companies.json (exact_name),ChIJAQAEH1paw4gR-2K4e4hyBME,https://www.google.com/maps/search/?api=1&query=All%20Aspects%20Plumbing&query_place_id=ChIJAQAEH1paw4gR-2K4e4hyBME,Unverified,No confirmed PE/public/franchise match; most FL contractors are independently owned — ownership not verified,1
B — Phone + priority county,HOME LOVE PLUMBING,Plumbing,Independent / Likely Family-Owned (unverified),Pinellas,Clearwater,33765-3623,"51 S Main Ave Suite 312, Clearwater, FL, 33765-3623",(727) 810-7341,homeloveplumbing.com,4.9,387,Plumber,CFC,CFC1426222,new,,companies.json (exact_name),ChIJ-Qqpid_xwogRhMCgisIRfy8,https://www.google.com/maps/search/?api=1&query=Home%20Love%20Plumbing&query_place_id=ChIJ-Qqpid_xwogRhMCgisIRfy8,Unverified,No confirmed PE/public/franchise match; most FL contractors are independently owned — ownership not verified,1
B — Phone + priority county,"OPTIMUM PLUMBING, LLC",Plumbing,Independent / Likely Family-Owned (unverified),Pasco,Land O' Lakes,34639,"5406 Land O Lakes Blvd, Land O' Lakes, FL, 34639",(813) 391-9287,www.optimumplumbingllc.com,4.9,386,Plumber,CFC,CFC1428662,new,,companies.json (exact_name),ChIJca0jkTO8wogRHQdgI1o-JS0,https://www.google.com/maps/search/?api=1&query=Optimum%20Plumbing%20LLC&query_place_id=ChIJca0jkTO8wogRHQdgI1o-JS0,Unverified,No confirmed PE/public/franchise match; most FL contractors are independently owned — ownership not verified,1
B — Phone + priority county,DOM BELLA PLUMBING LLC,Plumbing,Independent / Likely Family-Owned (unverified),St. Lucie,Port Saint Lucie,34986,"6104 Nw Butterfly Orchid Place, Port Saint Lucie, FL, 34986",(772) 202-0944,dombellaplumbing.com,4.9,383,"Plumber, Drainage service, Hot water system supplier, Water filter supplier, Water purification company, Water softening equipment supplier, Water testing service, Water treatment supplier",CFC,CFC1429752,new,,companies.json (exact_name),ChIJYVCoOczt3ogRb7GxLv7Z_4I,https://www.google.com/maps/search/?api=1&query=Dom%20Bella%20Plumbing%20LLC&query_place_id=ChIJYVCoOczt3ogRb7GxLv7Z_4I,Unverified,No confirmed PE/public/franchise match; most FL contractors are independently owned — ownership not verified,1
B — Phone + priority county,"LOFTIN PLUMBING, LLC",Plumbing,Independent / Likely Family-Owned (unverified),Manatee,Bradenton,34206,"Po Box 1592, Bradenton, FL, 34206",(941) 500-9259,www.loftinplumbing.com,4.8,382,"Plumber, Contractor, Home help, Remodeler",CFC,CFC1430135,new,,companies.json (exact_name),ChIJx83ejNoXw4gRLbsiZmJqAzI,https://www.google.com/maps/search/?api=1&query=Loftin%20Plumbing%20LLC&query_place_id=ChIJx83ejNoXw4gRLbsiZmJqAzI,Unverified,No confirmed PE/public/franchise match; most FL contractors are independently owned — ownership not verified,1
B — Phone + priority county,"REDEMPTION PLUMBING SERVICES, LLC",Plumbing,Independent / Likely Family-Owned (unverified),Manatee,Bradenton,34207,"2908 Florida Blvd, Bradenton, FL, 34207",(941) 541-7473,www.redemptionplumbingservices.com,4.8,376,Plumber,CFC,CFC1431820,new,,companies.json (exact_name),ChIJsebi5OjwN0ER5f73Ou5KbuQ,https://www.google.com/maps/search/?api=1&query=Redemption%20Plumbing&query_place_id=ChIJsebi5OjwN0ER5f73Ou5KbuQ,Unverified,No confirmed PE/public/franchise match; most FL contractors are independently owned — ownership not verified,1
B — Phone + priority county,"ROMO'S PLUMBING & A/C, INC.",Plumbing,Independent / Likely Family-Owned (unverified),Pinellas,Largo,33774,"12515   Ulmerton Rd, Largo, FL, 33774",(727) 463-3393,romosplumbing.com,4.8,354,"Plumber, Gas installation service",CFC,CFC1427805,new,,companies.json (exact_name),ChIJEYX8Hqf5wogRr3QWcqJuCNg,https://www.google.com/maps/search/?api=1&query=Romo's%20Plumbing%20%26%20A%2FC%20Inc.&query_place_id=ChIJEYX8Hqf5wogRr3QWcqJuCNg,Unverified,No confirmed PE/public/franchise match; most FL contractors are independently owned — ownership not verified,1
B — Phone + priority county,"TITAN CONTRACTING, LLC",Plumbing,Independent / Likely Family-Owned (unverified),Lee,Cape Coral,33909,"4233 Ne 20Th Place, Cape Coral, FL, 33909",(239) 689-5060,www.yourtitanteam.com,4.8,345,"Plumber, Bathroom remodeler, Cabinet maker, Concrete contractor, Electrician, Kitchen remodeler, Contractor, Tile contractor",CFC,CFC1432107,new,,companies.json (exact_name),ChIJC1nPbnpq24gRQ5BeKcS5PKA,https://www.google.com/maps/search/?api=1&query=Titan%20Contracting%20LLC&query_place_id=ChIJC1nPbnpq24gRQ5BeKcS5PKA,Unverified,No confirmed PE/public/franchise match; most FL contractors are independently owned — ownership not verified,1
B — Phone + priority county,NORTH RIVER PLUMBING SOLUTIONS LLC,Plumbing,Independent / Likely Family-Owned (unverified),Manatee,Palmetto,34221,"1611 12Th St E Suite C, Palmetto, FL, 34221",(941) 899-5843,northriverplumbingsolutions.com,5,338,"Plumber, Contractor",CFC,CFC1432499,new,,companies.json (exact_name),ChIJ9xpor0QFBQURz3Ta9jnUIT0,https://www.google.com/maps/search/?api=1&query=North%20River%20Plumbing%20Solutions%2C%20LLC&query_place_id=ChIJ9xpor0QFBQURz3Ta9jnUIT0,Unverified,No confirmed PE/public/franchise match; most FL contractors are independently owned — ownership not verified,1
B — Phone + priority county,PETE'S PLUMBING INC,Plumbing,Independent / Likely Family-Owned (unverified),Orange,Orlando,32801,"807 Washingington St, Orlando, FL, 32801",(407) 456-0081,petesplumbingfl.com,4.7,335,"Plumber, Drainage service",CFC,CFC057155,new,,companies.json (exact_name),ChIJoRAbVOF654gR3lXbhzKWXQ8,https://www.google.com/maps/search/?api=1&query=Pete's%20Plumbing%20Inc&query_place_id=ChIJoRAbVOF654gR3lXbhzKWXQ8,Unverified,No confirmed PE/public/franchise match; most FL contractors are independently owned — ownership not verified,1
B — Phone + priority county,"SALEMME PLUMBING, LLC",Plumbing,Independent / Likely Family-Owned (unverified),Pinellas,Saint Petersburg,33714,"3051 44Th Ave N, Saint Petersburg, FL, 33714",(727) 350-5704,www.salemmeplumbing.com,4.8,327,"Plumber, Gasfitter",CFC,CFC1429296,new,,companies.json (exact_name),ChIJw0yv7jb7wogRnICppQlb7W0,https://www.google.com/maps/search/?api=1&query=Salemme%20Plumbing%2C%20LLC&query_place_id=ChIJw0yv7jb7wogRnICppQlb7W0,Unverified,No confirmed PE/public/franchise match; most FL contractors are independently owned — ownership not verified,1
B — Phone + priority county,HARVEY BAKER PLUMBING INC,Plumbing,Independent / Likely Family-Owned (unverified),Orange,Orlando,32805,"1019 28Th St, Orlando, FL, 32805",(407) 859-3572,www.harveybakerplumbing.com,4.7,326,Plumber,CFC,CFC056875,new,,companies.json (exact_name),ChIJeSq0Lqxk54gRXaj5P2t13VM,https://www.google.com/maps/search/?api=1&query=Harvey%20Baker%20Plumbing%2C%20Inc&query_place_id=ChIJeSq0Lqxk54gRXaj5P2t13VM,Unverified,No confirmed PE/public/franchise match; most FL contractors are independently owned — ownership not verified,1
B — Phone + priority county,REEL PLUMBING INCORPORATED INC,Plumbing,Independent / Likely Family-Owned (unverified),St. Lucie,Fort Pierce,34982,"4715 S Us Highway 1, Fort Pierce, FL, 34982",(772) 621-8282,reelplumbing.com,4.9,323,"Plumber, Drainage service",CFC,CFC1429318; CFC1433547,new,,companies.json (exact_name),ChIJDxPyv-Hl3ogRl4MeY8wkAe8,https://www.google.com/maps/search/?api=1&query=Reel%20Plumbing%20inc.&query_place_id=ChIJDxPyv-Hl3ogRl4MeY8wkAe8,Unverified,No confirmed PE/public/franchise match; most FL contractors are independently owned — ownership not verified,2
B — Phone + priority county,ELITE AIR COOLING LLC,HVAC,Independent / Likely Family-Owned (unverified),Lee,North Fort Myers,33903,"13180  N Cleveland Ave #210, North Fort Myers, FL, 33903",(727) 234-5338,eliteplumbing.net,4.9,314,Plumber,CAC,CAC1816982,new,,companies.json (exact_name),ChIJ1w6NhqrywogRZVcDr38bIXs,https://www.google.com/maps/search/?api=1&query=Elite%20Plumbing%20Services%2C%20Inc.&query_place_id=ChIJ1w6NhqrywogRZVcDr38bIXs,Unverified,No confirmed PE/public/franchise match; most FL contractors are independently owned — ownership not verified,1
B — Phone + priority county,ELITE AIR SERVICES LLC,HVAC,Independent / Likely Family-Owned (unverified),Broward,Deerfield Beach,33442,"2750 Sw 11Th Pl, Deerfield Beach, FL, 33442",(727) 234-5338,eliteplumbing.net,4.9,314,Plumber,CAC,CAC1819530,new,,companies.json (exact_name),ChIJ1w6NhqrywogRZVcDr38bIXs,https://www.google.com/maps/search/?api=1&query=Elite%20Plumbing%20Services%2C%20Inc.&query_place_id=ChIJ1w6NhqrywogRZVcDr38bIXs,Unverified,No confirmed PE/public/franchise match; most FL contractors are independently owned — ownership not verified,1
B — Phone + priority county,ELITE COOLING INC,HVAC,Independent / Likely Family-Owned (unverified),Pinellas,Belleair,33756,"312 Sunny Ln, Belleair, FL, 33756",(727) 234-5338,eliteplumbing.net,4.9,314,Plumber,CAC,CAC057918,new,,companies.json (exact_name),ChIJ1w6NhqrywogRZVcDr38bIXs,https://www.google.com/maps/search/?api=1&query=Elite%20Plumbing%20Services%2C%20Inc.&query_place_id=ChIJ1w6NhqrywogRZVcDr38bIXs,Unverified,No confirmed PE/public/franchise match; most FL contractors are independently owned — ownership not verified,1
B — Phone + priority county,ELITE PLUMBING SERVICES INC,Plumbing,Independent / Likely Family-Owned (unverified),Pinellas,Palm Harbor,34684,"19  Lake Shore Dr, Palm Harbor, FL, 34684",(727) 234-5338,eliteplumbing.net,4.9,314,Plumber,CFC,CFC057905,new,,companies.json (exact_name),ChIJ1w6NhqrywogRZVcDr38bIXs,https://www.google.com/maps/search/?api=1&query=Elite%20Plumbing%20Services%2C%20Inc.&query_place_id=ChIJ1w6NhqrywogRZVcDr38bIXs,Unverified,No confirmed PE/public/franchise match; most FL contractors are independently owned — ownership not verified,1
B — Phone + priority county,FLORIDA ELITE HEATING AND COOLING INC,HVAC,Independent / Likely Family-Owned (unverified),Duval,Jacksonville,32224,"13758 Waterchase Way, Jacksonville, FL, 32224",(727) 234-5338,eliteplumbing.net,4.9,314,Plumber,CAC,CAC057860,new,,companies.json (exact_name),ChIJ1w6NhqrywogRZVcDr38bIXs,https://www.google.com/maps/search/?api=1&query=Elite%20Plumbing%20Services%2C%20Inc.&query_place_id=ChIJ1w6NhqrywogRZVcDr38bIXs,Unverified,No confirmed PE/public/franchise match; most FL contractors are independently owned — ownership not verified,1
B — Phone + priority county,TITAN AIR CONDITIONING CO,HVAC,Independent / Likely Family-Owned (unverified),Broward,Parkland,33076,"11360 Nw 68 Ct, Parkland, FL, 33076",(813) 519-3199,www.titanplumbingandelectric.com,4.7,313,"Plumber, Electric vehicle charging station contractor, Electrical installation service, Electrical repair shop, Electrician, Electric generator shop, Hot water system supplier, Lighting contractor",CAC,CAC042617,new,,companies.json (exact_name),ChIJsR_-ZpXHwogRjUov5n5fQRM,https://www.google.com/maps/search/?api=1&query=Titan%20Plumbing%20and%20Electric&query_place_id=ChIJsR_-ZpXHwogRjUov5n5fQRM,Unverified,No confirmed PE/public/franchise match; most FL contractors are independently owned — ownership not verified,1
B — Phone + priority county,TITAN PLUMBING AND ELECTRIC,Plumbing,Independent / Likely Family-Owned (unverified),Hillsborough,Tampa,33637,"8612 Poinsettia Drive, Tampa, FL, 33637",(813) 519-3199,www.titanplumbingandelectric.com,4.7,313,"Plumber, Electric vehicle charging station contractor, Electrical installation service, Electrical repair shop, Electrician, Electric generator shop, Hot water system supplier, Lighting contractor",CFC,CFC1431529,new,,companies.json (exact_name),ChIJsR_-ZpXHwogRjUov5n5fQRM,https://www.google.com/maps/search/?api=1&query=Titan%20Plumbing%20and%20Electric&query_place_id=ChIJsR_-ZpXHwogRjUov5n5fQRM,Unverified,No confirmed PE/public/franchise match; most FL contractors are independently owned — ownership not verified,1
B — Phone + priority county,GRIGGS PLUMBING CO,Plumbing,Independent / Likely Family-Owned (unverified),Hillsborough,Riverview,33569,"9320 Carr Rd, Riverview, FL, 33569",(941) 748-2151,griggsplumbingco.com,4.4,311,Plumber,CFC,CFC1427724,new,,companies.json (exact_name),ChIJC4p0sAYXw4gRUKTfT7xVcas,https://www.google.com/maps/search/?api=1&query=Griggs%20Plumbing%20Co&query_place_id=ChIJC4p0sAYXw4gRUKTfT7xVcas,Unverified,No confirmed PE/public/franchise match; most FL contractors are independently owned — ownership not verified,1
B — Phone + priority county,GENESIS PLUMBING CORP.,Plumbing,Independent / Likely Family-Owned (unverified),Lee,Lehigh Acres,33971,"3736 12Th St West, Lehigh Acres, FL, 33971",(772) 337-3682,genesisplumbingservices.com,4.9,310,Plumber,CFC,CFC1428903,new,,companies.json (exact_name),ChIJKcRqkznp3ogR_S3fthJpzDM,https://www.google.com/maps/search/?api=1&query=Genesis%20Plumbing%20Services%20Inc.&query_place_id=ChIJKcRqkznp3ogR_S3fthJpzDM,Unverified,No confirmed PE/public/franchise match; most FL contractors are independently owned — ownership not verified,1
B — Phone + priority county,GENESIS PLUMBING SERVICES INC,Plumbing,Independent / Likely Family-Owned (unverified),St. Lucie,Port St Lucie,34952-5549,"1532 Se Village Green Dr Suite B, Port St Lucie, FL, 34952-5549",(772) 337-3682,genesisplumbingservices.com,4.9,310,Plumber,CFC,CFC1429103,new,,companies.json (exact_name),ChIJKcRqkznp3ogR_S3fthJpzDM,https://www.google.com/maps/search/?api=1&query=Genesis%20Plumbing%20Services%20Inc.&query_place_id=ChIJKcRqkznp3ogR_S3fthJpzDM,Unverified,No confirmed PE/public/franchise match; most FL contractors are independently owned — ownership not verified,1
B — Phone + priority county,HOME TEAM PLUMBING INC.,Plumbing,Independent / Likely Family-Owned (unverified),Pinellas,Pinellas Park,33781,"5633 70Th Avenue N., Pinellas Park, FL, 33781",(727) 310-4111,www.hometeamplumbers.com,4.7,309,"Plumber, Drainage service",CFC,CFC1427092,new,,companies.json (exact_name),ChIJf4tC5o3jwogRlBozCdPYc_M,https://www.google.com/maps/search/?api=1&query=Home%20Team%20Plumbing%2C%20Inc&query_place_id=ChIJf4tC5o3jwogRlBozCdPYc_M,Unverified,No confirmed PE/public/franchise match; most FL contractors are independently owned — ownership not verified,1
B — Phone + priority county,SCOTT'S PLUMBING,Plumbing,Independent / Likely Family-Owned (unverified),Lee,Cape Coral,33993,"2202 Nw 8Th Place, Cape Coral, FL, 33993",(239) 288-9606,scottsplumbingfl.com,5,303,Plumber,CFC,CFC1428788,new,,companies.json (exact_name),ChIJVVSZ8cwT24gR_8PwlQq69Uk,https://www.google.com/maps/search/?api=1&query=Scott's%20Plumbing&query_place_id=ChIJVVSZ8cwT24gR_8PwlQq69Uk,Unverified,No confirmed PE/public/franchise match; most FL contractors are independently owned — ownership not verified,1
B — Phone + priority county,PRESTIGE PLUMBING & RESTORATION,Plumbing,Independent / Likely Family-Owned (unverified),Sarasota,Sarasota,34240,"1165 Fox Creek Dr., Sarasota, FL, 34240",(941) 882-0688,www.prestigious-plumber.com,4.9,300,"Plumber, Drainage service, Gas installation service",CFC,CFC1427131,new,,companies.json (exact_name),ChIJNc0jUzxHw4gRBcbicWEjdJg,https://www.google.com/maps/search/?api=1&query=Prestige%20Plumbing%20%26%20Restoration&query_place_id=ChIJNc0jUzxHw4gRBcbicWEjdJg,Unverified,No confirmed PE/public/franchise match; most FL contractors are independently owned — ownership not verified,1
B — Phone + priority county,PIRATES PLUMBING,Plumbing,Independent / Likely Family-Owned (unverified),Pinellas,Palm Harbor,34683,"3114  Alt 19 #A, Palm Harbor, FL, 34683",(727) 761-5035,piratesplumbing.com,4.8,298,"Plumber, Bathroom remodeler, Drainage service, Gas installation service, Gasfitter, Hot water system supplier, Water softening equipment supplier",CFC,CFC1432134,new,,companies.json (exact_name),ChIJJ-NuNxzzwogR3eAgX4AWhuY,https://www.google.com/maps/search/?api=1&query=Pirates%20Plumbing&query_place_id=ChIJJ-NuNxzzwogR3eAgX4AWhuY,Unverified,No confirmed PE/public/franchise match; most FL contractors are independently owned — ownership not verified,1
B — Phone + priority county,DYLEWSKI PLUMBING INC,Plumbing,Independent / Likely Family-Owned (unverified),Martin,Stuart,34997,"2285 Sw Ranch Trail, Stuart, FL, 34997",(772) 283-8640,martincountyplumbing.com,4.8,285,Plumber,RF,RF0066834,new,,companies.json (exact_name),ChIJRRmUXLbE3ogRQDo2Zn9wzNU,https://www.google.com/maps/search/?api=1&query=Dylewski%20Plumbing%20Inc.&query_place_id=ChIJRRmUXLbE3ogRQDo2Zn9wzNU,Unverified,No confirmed PE/public/franchise match; most FL contractors are independently owned — ownership not verified,1
B — Phone + priority county,"PAUL STEIN PLUMBING OF FLORIDA, LLC",Plumbing,Independent / Likely Family-Owned (unverified),Collier,Naples,34113,"7871 Players St., Naples, FL, 34113",(239) 374-1341,www.paulsteinplumbing.com,4.7,271,Plumber,CFC,CFC058039; CFC1430604,new,,companies.json (exact_name),ChIJKXjnMqXv2ogRfji09vJV1y4,https://www.google.com/maps/search/?api=1&query=Paul%20Stein%20Plumbing&query_place_id=ChIJKXjnMqXv2ogRfji09vJV1y4,Unverified,No confirmed PE/public/franchise match; most FL contractors are independently owned — ownership not verified,2
B — Phone + priority county,HEAVENLY PLUMBING LLC,Plumbing,Independent / Likely Family-Owned (unverified),Pinellas,St. Petersburg,33710,"2000 Dormieone Rd N, St. Petersburg, FL, 33710",(727) 238-4207,heavenlyplumbing.com/contact-us,5,264,Plumber,CFC,CFC1434031,new,,companies.json (exact_name),ChIJAQCUczvjwogRhM_qhCkf7f8,https://www.google.com/maps/search/?api=1&query=Heavenly%20Plumbing%20LLC&query_place_id=ChIJAQCUczvjwogRhM_qhCkf7f8,Unverified,No confirmed PE/public/franchise match; most FL contractors are independently owned — ownership not verified,1
B — Phone + priority county,"LAPENSEE PLUMBING, POOLS, AIR",Plumbing,Independent / Likely Family-Owned (unverified),Manatee,Bradenton,34207,"2505 S Radcliffe Pl, Bradenton, FL, 34207",(941) 778-5622,www.lapenseeplumbing.com,4.3,264,"Plumber, Air conditioning contractor, Bathroom supply store, Pool cleaning service, Swimming pool contractor, Swimming pool repair service",CFC,CFC1431532,new,,companies.json (exact_name),ChIJhT08-LQRw4gRILBEKN0OFNQ,https://www.google.com/maps/search/?api=1&query=LaPensee%20Plumbing%20%E2%80%A2%20Pools%20%E2%80%A2%20Air&query_place_id=ChIJhT08-LQRw4gRILBEKN0OFNQ,Unverified,No confirmed PE/public/franchise match; most FL contractors are independently owned — ownership not verified,1
B — Phone + priority county,FL PLUMBER,Plumbing,Independent / Likely Family-Owned (unverified),Pasco,Trinity,34655,"1339 Saffron Way, Trinity, FL, 34655",(727) 269-7579,www.flplumber.com,5,263,"Plumber, Bathroom remodeler, Drainage service, Service establishment, Hot water system supplier, Kitchen remodeler, Water softening equipment supplier",CFC,CFC1430682,new,,data/companies.json (Google Maps scrape),,,Unverified,No confirmed PE/public/franchise match; most FL contractors are independently owned — ownership not verified,1
B — Phone + priority county,ALLEN WRENCH PLUMBING CORP,Plumbing,Independent / Likely Family-Owned (unverified),Sarasota,North Port,34288,"5257 Barcelona Drive, North Port, FL, 34288",(941) 999-1029,allenwrenchplumbing.net,5,261,"Plumber, Drainage service, Service establishment, Water purification company",CFC,CFC1431030,new,,companies.json (exact_name),ChIJGw_guIl8iAARZK4tSGTpYHc,https://www.google.com/maps/search/?api=1&query=Allen%20Wrench%20Plumbing&query_place_id=ChIJGw_guIl8iAARZK4tSGTpYHc,Unverified,No confirmed PE/public/franchise match; most FL contractors are independently owned — ownership not verified,1
B — Phone + priority county,CORNERSTONE PLUMBING COMPANY LLC,Plumbing,Independent / Likely Family-Owned (unverified),Pinellas,St. Petersburg,33709,"5121 43Rd Ave N, St. Petersburg, FL, 33709",(727) 259-3229,cornerstoneplumbingcompany.com,4.8,258,Plumber,CFC,CFC1431463,new,,companies.json (exact_name),ChIJZX3f_azlwogRlWHWspZ-RUc,https://www.google.com/maps/search/?api=1&query=Cornerstone%20Plumbing%20Company&query_place_id=ChIJZX3f_azlwogRlWHWspZ-RUc,Unverified,No confirmed PE/public/franchise match; most FL contractors are independently owned — ownership not verified,1
B — Phone + priority county,BLUE AIR CONDITIONING INC,HVAC,Independent / Likely Family-Owned (unverified),Miami-Dade,Miami Springs,33166,"400 North Poinciana Boulevard G6, Miami Springs, FL, 33166",(239) 966-2583,blueplumbing.tech,5,256,"Plumber, Service establishment",CAC,CAC1817271,new,,companies.json (exact_name),ChIJAfpFLC9t24gRP9tjyGV_daU,https://www.google.com/maps/search/?api=1&query=Blue%20Plumbing&query_place_id=ChIJAfpFLC9t24gRP9tjyGV_daU,Unverified,No confirmed PE/public/franchise match; most FL contractors are independently owned — ownership not verified,1
B — Phone + priority county,BLUE AIR HEATING AND COOLING LLC,HVAC,Independent / Likely Family-Owned (unverified),Orange,Orlando,32812,"3822 Oyster Ct, Orlando, FL, 32812",(239) 966-2583,blueplumbing.tech,5,256,"Plumber, Service establishment",CAC,CAC1821751,new,,companies.json (exact_name),ChIJAfpFLC9t24gRP9tjyGV_daU,https://www.google.com/maps/search/?api=1&query=Blue%20Plumbing&query_place_id=ChIJAfpFLC9t24gRP9tjyGV_daU,Unverified,No confirmed PE/public/franchise match; most FL contractors are independently owned — ownership not verified,1
B — Phone + priority county,BLUE PLUMBING LLC,Plumbing,Independent / Likely Family-Owned (unverified),Lee,Cape Coral,33909,"929 Ne 4Th Ave, Cape Coral, FL, 33909",(239) 966-2583,blueplumbing.tech,5,256,"Plumber, Service establishment",CFC,CFC1431110,new,,companies.json (exact_name),ChIJAfpFLC9t24gRP9tjyGV_daU,https://www.google.com/maps/search/?api=1&query=Blue%20Plumbing&query_place_id=ChIJAfpFLC9t24gRP9tjyGV_daU,Unverified,No confirmed PE/public/franchise match; most FL contractors are independently owned — ownership not verified,1
B — Phone + priority county,FLORIDA BLUE PLUMBING SERVICES LLC,Plumbing,Independent / Likely Family-Owned (unverified),Miami-Dade,Cutler Bay,33189,"9740 Haitian Dr, Cutler Bay, FL, 33189",(239) 966-2583,blueplumbing.tech,5,256,"Plumber, Service establishment",CFC,CFC1433855,new,,companies.json (exact_name),ChIJAfpFLC9t24gRP9tjyGV_daU,https://www.google.com/maps/search/?api=1&query=Blue%20Plumbing&query_place_id=ChIJAfpFLC9t24gRP9tjyGV_daU,Unverified,No confirmed PE/public/franchise match; most FL contractors are independently owned — ownership not verified,1
B — Phone + priority county,JOHNSON FAMILY PLUMBING & DRAIN CLEANING LLC,Plumbing,Independent / Likely Family-Owned (unverified),Manatee,Parrish,34219,"10120 Charlotte Dr Charlotte Dr, Parrish, FL, 34219",(941) 324-6560,johnsonfamilyplumbing.com,5,255,"Plumber, Contractor",CFC,CFC1432679,new,,companies.json (exact_name),ChIJi0979uiHkwgROo_Ly4PWBpY,https://www.google.com/maps/search/?api=1&query=Johnson%20Family%20Plumbing%20%26%20Drain%20Cleaning&query_place_id=ChIJi0979uiHkwgROo_Ly4PWBpY,Unverified,No confirmed PE/public/franchise match; most FL contractors are independently owned — ownership not verified,1
B — Phone + priority county,"AQUA WORKS PLUMBING, CO.",Plumbing,Independent / Likely Family-Owned (unverified),Hillsborough,Tampa,33618,"13504 Palmwood Ln, Tampa, FL, 33618",(813) 909-1670,aquaworkspc.com,5,252,"Plumber, Service establishment",CFC,CFC1432200,new,,companies.json (exact_name),ChIJw_ipyDXuHKwRw0dBfy1_Mqw,https://www.google.com/maps/search/?api=1&query=Aqua%20Works%20Plumbing%20Co.&query_place_id=ChIJw_ipyDXuHKwRw0dBfy1_Mqw,Unverified,No confirmed PE/public/franchise match; most FL contractors are independently owned — ownership not verified,1
B — Phone + priority county,"ELITE PLUMBING OF FL, LLC",Plumbing,Independent / Likely Family-Owned (unverified),Pinellas,St.Petersburg,33710,"1275 66Th St N #41311, St.Petersburg, FL, 33710",(727) 607-8988,www.eliteplumbingoffloridallc.com,4.9,252,"Plumber, Bathroom remodeler, Drainage service, Kitchen remodeler, Water testing service",RF,RF11067889,new,,companies.json (exact_name),ChIJ1w6NhqrywogRZVcDr38bIXs,https://www.google.com/maps/search/?api=1&query=Elite%20Plumbing%20Services%2C%20Inc.&query_place_id=ChIJ1w6NhqrywogRZVcDr38bIXs,Unverified,No confirmed PE/public/franchise match; most FL contractors are independently owned — ownership not verified,1
B — Phone + priority county,TWIN EAGLES PLUMBING AND WATER CLEANUP LLC,Plumbing,Independent / Likely Family-Owned (unverified),Lee,Bonita Springs,34135,"28480 Old 41 1, Bonita Springs, FL, 34135",(239) 699-7770,www.twineaglesplumbing.com,4.8,251,"Plumber, Water damage restoration service",CFC,CFC1433066,new,,companies.json (fuzzy_1.00),ChIJAbf1_06RI2QRD45q-2tZlGo,https://www.google.com/maps/search/?api=1&query=Twin%20Eagles%20Plumbing%20%26%20Water%20Cleanup&query_place_id=ChIJAbf1_06RI2QRD45q-2tZlGo,Unverified,No confirmed PE/public/franchise match; most FL contractors are independently owned — ownership not verified,1
B — Phone + priority county,THE PAMPERING PLUMBER INC,Plumbing,Independent / Likely Family-Owned (unverified),Pasco,Odessa,33556,"13128 S.R. 54, Odessa, FL, 33556",(727) 496-8728,www.pamperingplumber.com,4.7,243,"Plumber, Water filter supplier, Water softening equipment supplier",CFC,CFC1427335,new,,companies.json (exact_name),ChIJ94KjemWRwogRYH1uVQJ2IBY,https://www.google.com/maps/search/?api=1&query=The%20Pampering%20Plumber&query_place_id=ChIJ94KjemWRwogRYH1uVQJ2IBY,Unverified,No confirmed PE/public/franchise match; most FL contractors are independently owned — ownership not verified,1
B — Phone + priority county,AVIS PLUMBING AND AIR CONDITIONING INC,Plumbing + HVAC,Independent / Likely Family-Owned (unverified),Lee,Cape Coral,33914,"831 Sw 44Th St, Cape Coral, FL, 33914",(239) 542-4421,www.avisplumbing.com,4.9,242,"Plumber, Air conditioning contractor, Air conditioning repair service","CAC, CFC",CAC057492; CAC1818693; CFC057368; CFC1429527,new,,companies.json (exact_name),ChIJg8GIlYE424gRlto7Y1z4N6Q,https://www.google.com/maps/search/?api=1&query=Avis%20Plumbing%20and%20Air%20Conditioning%2C%20Inc.&query_place_id=ChIJg8GIlYE424gRlto7Y1z4N6Q,Unverified,No confirmed PE/public/franchise match; most FL contractors are independently owned — ownership not verified,4
B — Phone + priority county,DAVID MILLER PLUMBING LLC,Plumbing,Independent / Likely Family-Owned (unverified),Lee,North Fort Myers,33917,"20230 Williams Drive, North Fort Myers, FL, 33917",(239) 543-9539,www.davidmillerplumbing.com,4.7,241,Plumber,CFC,CFC1425772,new,,companies.json (exact_name),ChIJs3rhbtJn24gRk8R-0MUKfAA,https://www.google.com/maps/search/?api=1&query=David%20Miller%20Plumbing&query_place_id=ChIJs3rhbtJn24gRk8R-0MUKfAA,Unverified,No confirmed PE/public/franchise match; most FL contractors are independently owned — ownership not verified,1
B — Phone + priority county,BRANDON SERVICE CORP,HVAC,Independent / Likely Family-Owned (unverified),Broward,Coral Springs,33076,"11930 Wiles Rd, Coral Springs, FL, 33076",(813) 544-3302,www.plumbingbrandonfl.com,4.3,239,Plumber,CAC,CAC058355,new,,companies.json (exact_name),ChIJ0Vchg87NwogRQUR7Qd2CDbQ,https://www.google.com/maps/search/?api=1&query=Brandon%20Plumbing&query_place_id=ChIJ0Vchg87NwogRQUR7Qd2CDbQ,Unverified,No confirmed PE/public/franchise match; most FL contractors are independently owned — ownership not verified,1
B — Phone + priority county,RELIANCE PLUMBING & DRAIN CLEANING,Plumbing,Independent / Likely Family-Owned (unverified),Orange,Orlando,32833,"19803 Robertson Street, Orlando, FL, 32833",(407) 900-0460,www.relianceplumbers.com,4.4,237,"Plumber, Drainage service",CFC,CFC1430482,new,,companies.json (exact_name),ChIJ3U8BcTtp54gR48ZhODRnTLI,https://www.google.com/maps/search/?api=1&query=Reliance%20Plumbing%20%26%20Drain%20Cleaning&query_place_id=ChIJ3U8BcTtp54gR48ZhODRnTLI,Unverified,No confirmed PE/public/franchise match; most FL contractors are independently owned — ownership not verified,1
B — Phone + priority county,"CHAMPION PLUMBING SEWER & DRAIN, LLC",Plumbing,Independent / Likely Family-Owned (unverified),Manatee,Bradenton,34208,"3110 69Th Street East, Bradenton, FL, 34208",(239) 257-2249,championplumbingswfl.com,4.9,236,"Plumber, Drainage service, Excavating contractor, Septic system service",CFC,CFC057375,new,,companies.json (exact_name),ChIJW_F_QzOd_K4Ryj1uZ5OW_yc,https://www.google.com/maps/search/?api=1&query=Champion%20Plumbing%20Sewer%20%26%20Drain%20LLC&query_place_id=ChIJW_F_QzOd_K4Ryj1uZ5OW_yc,Unverified,No confirmed PE/public/franchise match; most FL contractors are independently owned — ownership not verified,1
B — Phone + priority county,TRADEMARK PLUMBING LLC,Plumbing,Independent / Likely Family-Owned (unverified),St. Lucie,Port St Lucie,34953,"3141 Sw Esperanto Street, Port St Lucie, FL, 34953",(772) 292-7687,www.thetrademarkplumber.com,5,232,"Plumber, Contractor",CFC,CFC1432603,new,,companies.json (exact_name),ChIJ17zxAunr3ogRRHnlDic60gY,https://www.google.com/maps/search/?api=1&query=Trademark%20Plumbing&query_place_id=ChIJ17zxAunr3ogRRHnlDic60gY,Unverified,No confirmed PE/public/franchise match; most FL contractors are independently owned — ownership not verified,1
B — Phone + priority county,CORAL PELICAN PLUMBING LLC,Plumbing,Independent / Likely Family-Owned (unverified),Pinellas,Seminole,33777,"7490 91St Street N Unit B, Seminole, FL, 33777",(727) 325-2070,www.coralpelican.com,4.8,229,"Plumber, Water treatment supplier",CFC,CFC1433065,new,,companies.json (exact_name),ChIJZ6RmwizlwogRHx-IVI0q_hU,https://www.google.com/maps/search/?api=1&query=Coral%20Pelican%20Plumbing&query_place_id=ChIJZ6RmwizlwogRHx-IVI0q_hU,Unverified,No confirmed PE/public/franchise match; most FL contractors are independently owned — ownership not verified,1
B — Phone + priority county,RICCO'S RELIABLE PLUMBING LLC,Plumbing,Independent / Likely Family-Owned (unverified),Manatee,Parrish,34219,"3808 Shimmering Oaks Drive, Parrish, FL, 34219",(941) 417-7457,,5,227,Plumber,CFC,CFC1430959,new,,companies.json (exact_name),ChIJ883xewclw4gR2540FeIyZOM,https://www.google.com/maps/search/?api=1&query=Ricco's%20Reliable%20Plumbing%20LLC&query_place_id=ChIJ883xewclw4gR2540FeIyZOM,Unverified,No confirmed PE/public/franchise match; most FL contractors are independently owned — ownership not verified,1
B — Phone + priority county,AIR CONDITIONING SOLUTIONS INC.,Plumbing + HVAC,Independent / Likely Family-Owned (unverified),Pasco,Land O' Lakes,34639,"22813 Killington Blvd, Land O' Lakes, FL, 34639",(407) 456-7401,www.plumbingsolutionsfl.com,4.5,226,"Plumber, Drainage service, Gas installation service, Electric generator shop","CFC, CMC",CFC1428984; CMC1249503,new,,companies.json (exact_name),ChIJoal33SKH3YgRRLxMfVDz7p4,https://www.google.com/maps/search/?api=1&query=Plumbing%20Solutions&query_place_id=ChIJoal33SKH3YgRRLxMfVDz7p4,Unverified,No confirmed PE/public/franchise match; most FL contractors are independently owned — ownership not verified,2
B — Phone + priority county,AIR FLORIDA SOLUTIONS,HVAC,Independent / Likely Family-Owned (unverified),Broward,Port Saint Lucie,34952,"10217  Se Lennard Rd, Port Saint Lucie, FL, 34952",(407) 456-7401,www.plumbingsolutionsfl.com,4.5,226,"Plumber, Drainage service, Gas installation service, Electric generator shop",CAC,CAC1823335,new,,companies.json (exact_name),ChIJoal33SKH3YgRRLxMfVDz7p4,https://www.google.com/maps/search/?api=1&query=Plumbing%20Solutions&query_place_id=ChIJoal33SKH3YgRRLxMfVDz7p4,Unverified,No confirmed PE/public/franchise match; most FL contractors are independently owned — ownership not verified,1
B — Phone + priority county,FLORIDA COOLING SOLUTIONS INC,HVAC,Independent / Likely Family-Owned (unverified),Lee,Cape Coral,33914,"3117 Sw 17Th Ave, Cape Coral, FL, 33914",(407) 456-7401,www.plumbingsolutionsfl.com,4.5,226,"Plumber, Drainage service, Gas installation service, Electric generator shop",CAC,CAC1814378,new,,companies.json (exact_name),ChIJoal33SKH3YgRRLxMfVDz7p4,https://www.google.com/maps/search/?api=1&query=Plumbing%20Solutions&query_place_id=ChIJoal33SKH3YgRRLxMfVDz7p4,Unverified,No confirmed PE/public/franchise match; most FL contractors are independently owned — ownership not verified,1
B — Phone + priority county,"FLORIDA PLUMBING SOLUTIONS,CORP",Plumbing,Independent / Likely Family-Owned (unverified),Broward,Margate,33063,"7446 N.W. 25 Street, Margate, FL, 33063",(407) 456-7401,www.plumbingsolutionsfl.com,4.5,226,"Plumber, Drainage service, Gas installation service, Electric generator shop",CFC,CFC057653,new,,companies.json (exact_name),ChIJoal33SKH3YgRRLxMfVDz7p4,https://www.google.com/maps/search/?api=1&query=Plumbing%20Solutions&query_place_id=ChIJoal33SKH3YgRRLxMfVDz7p4,Unverified,No confirmed PE/public/franchise match; most FL contractors are independently owned — ownership not verified,1
B — Phone + priority county,"PLUMBING SOLUTIONS SERVICES, CORP",Plumbing,Independent / Likely Family-Owned (unverified),Miami-Dade,Opa Locka,33054,"1160 Ali Baba Ave, Opa Locka, FL, 33054",(407) 456-7401,www.plumbingsolutionsfl.com,4.5,226,"Plumber, Drainage service, Gas installation service, Electric generator shop",CFC,CFC1432902,new,,companies.json (exact_name),ChIJoal33SKH3YgRRLxMfVDz7p4,https://www.google.com/maps/search/?api=1&query=Plumbing%20Solutions&query_place_id=ChIJoal33SKH3YgRRLxMfVDz7p4,Unverified,No confirmed PE/public/franchise match; most FL contractors are independently owned — ownership not verified,1
B — Phone + priority county,SOLUTIONS PLUMBING INC,Plumbing,Independent / Likely Family-Owned (unverified),Collier,Naples,34103,"1300 Illinois Drive, Naples, FL, 34103",(407) 456-7401,www.plumbingsolutionsfl.com,4.5,226,"Plumber, Drainage service, Gas installation service, Electric generator shop",CFC,CFC1428835,new,,companies.json (exact_name),ChIJoal33SKH3YgRRLxMfVDz7p4,https://www.google.com/maps/search/?api=1&query=Plumbing%20Solutions&query_place_id=ChIJoal33SKH3YgRRLxMfVDz7p4,Unverified,No confirmed PE/public/franchise match; most FL contractors are independently owned — ownership not verified,1
B — Phone + priority county,ALPINE AIR CONDITIONING INC,HVAC,Independent / Likely Family-Owned (unverified),Broward,Plantation,33325-1509,"800 N.W. 116Th Avenue, Plantation, FL, 33325-1509",(813) 940-4943,www.alpineplumbing.net,4.9,223,"Plumber, Septic system service",CAC,CAC057742,new,,companies.json (exact_name),ChIJ4xD1UbfqwogRBGkFJc-vMlg,https://www.google.com/maps/search/?api=1&query=Alpine%20Plumbing&query_place_id=ChIJ4xD1UbfqwogRBGkFJc-vMlg,Unverified,No confirmed PE/public/franchise match; most FL contractors are independently owned — ownership not verified,1
B — Phone + priority county,ALPINE PLUMBING INC,Plumbing,Independent / Likely Family-Owned (unverified),Hillsborough,Odessa,33556,"8513 Gunn Highway, Odessa, FL, 33556",(813) 940-4943,www.alpineplumbing.net,4.9,223,"Plumber, Septic system service",CFC,CFC035741; CFC57035,new,,companies.json (exact_name),ChIJ4xD1UbfqwogRBGkFJc-vMlg,https://www.google.com/maps/search/?api=1&query=Alpine%20Plumbing&query_place_id=ChIJ4xD1UbfqwogRBGkFJc-vMlg,Unverified,No confirmed PE/public/franchise match; most FL contractors are independently owned — ownership not verified,2
B — Phone + priority county,AQUA CARE WATER TREATMENT AND PLUMBING,Plumbing,Independent / Likely Family-Owned (unverified),Lee,Lehigh Acres,33971-6300,"603 Leonard Blvd N, Lehigh Acres, FL, 33971-6300",(239) 939-3656,aquacarewater.com/service-areas,4.7,218,"Plumber, Water softening equipment supplier, Water testing service",CFC,CFC1426942; CFC1428870,new,,companies.json (exact_name),ChIJk2dfgkJs24gRnAcLrYhu50M,https://www.google.com/maps/search/?api=1&query=Aqua%20Care%20Water%20Treatment%20and%20Plumbing&query_place_id=ChIJk2dfgkJs24gRnAcLrYhu50M,Unverified,No confirmed PE/public/franchise match; most FL contractors are independently owned — ownership not verified,2
B — Phone + priority county,GULF COAST PLUMBING CLEARWATER INC,Plumbing,Independent / Likely Family-Owned (unverified),Pinellas,Clearwater,33761,"2580  Elderberry Dr, Clearwater, FL, 33761",(727) 401-0511,gulfcoastplumber.com,4.9,216,Plumber,CFC,CFC019116,new,,companies.json (exact_name),ChIJv39JFaPtwogRjUwdT1ZvcGY,https://www.google.com/maps/search/?api=1&query=Gulf%20Coast%20Plumbing%20Clearwater%2C%20Inc.&query_place_id=ChIJv39JFaPtwogRjUwdT1ZvcGY,Unverified,No confirmed PE/public/franchise match; most FL contractors are independently owned — ownership not verified,1
B — Phone + priority county,BALMORE PLUMBING LLC,Plumbing,Independent / Likely Family-Owned (unverified),Collier,Naples,34112,"5581 Wendy Ln, Naples, FL, 34112",(239) 384-0404,balmoreplumbing.org,4.8,214,Plumber,CFC,CFC1427341,new,,companies.json (exact_name),ChIJXWUqCGvj2ogRaZPrJ_svyvk,https://www.google.com/maps/search/?api=1&query=Balmore%20Plumbing%20LLC&query_place_id=ChIJXWUqCGvj2ogRaZPrJ_svyvk,Unverified,No confirmed PE/public/franchise match; most FL contractors are independently owned — ownership not verified,1
B — Phone + priority county,BEARDED PLUMBER LLC,Plumbing,Independent / Likely Family-Owned (unverified),Pinellas,Clearwater,33761,"3066 Augusta Dr W, Clearwater, FL, 33761",(866) 882-3273,www.beardedplumber.com,4.9,213,Plumber,CFC,CFC1431677,new,,companies.json (exact_name),ChIJX_JUU7Vib4QRt9mEPY2LKsM,https://www.google.com/maps/search/?api=1&query=Bearded%20Plumber&query_place_id=ChIJX_JUU7Vib4QRt9mEPY2LKsM,Unverified,No confirmed PE/public/franchise match; most FL contractors are independently owned — ownership not verified,1
B — Phone + priority county,"JOE'S FAMILY PLUMBING, INC.",Plumbing,Independent / Likely Family-Owned (unverified),Pasco,Hudson,34669,"12273 Sharon St, Hudson, FL, 34669",(727) 723-8626,www.joesfamilyplumbing.com,4.4,213,Plumber,CFC,CFC1429617,new,,companies.json (exact_name),ChIJG7VmxS_ywogRmapvR7xZ8y4,https://www.google.com/maps/search/?api=1&query=Joe's%20Family%20Plumbing%20Inc.&query_place_id=ChIJG7VmxS_ywogRmapvR7xZ8y4,Unverified,No confirmed PE/public/franchise match; most FL contractors are independently owned — ownership not verified,1
B — Phone + priority county,GREEN AIR CONDITIONING INC,HVAC,Independent / Likely Family-Owned (unverified),Palm Beach,Boca Raton,33496,"8248 Summerbreeze Ln, Boca Raton, FL, 33496",(850) 842-7929,www.greenairgroup.com,4.8,210,"Plumber, Air conditioning contractor, Air conditioning repair service, Air conditioning system supplier, Heating contractor, HVAC contractor",CAC,CAC1815754,new,,companies.json (exact_name),ChIJbfSOEm3dk4gRiCSNFg-1gEE,https://www.google.com/maps/search/?api=1&query=Green%20Air&query_place_id=ChIJbfSOEm3dk4gRiCSNFg-1gEE,Unverified,No confirmed PE/public/franchise match; most FL contractors are independently owned — ownership not verified,1
B — Phone + priority county,PLUMBING WAREHOUSE LLC,Plumbing,Independent / Likely Family-Owned (unverified),Manatee,Parrish,34219,"4303 Wolf Ridge Xing, Parrish, FL, 34219",(941) 362-3344,plumbingwarehouse.co,4.8,203,Plumber,CFC,CFC1433182,new,,companies.json (exact_name),ChIJIYX5VEk9w4gRwBNIjjDbBN0,https://www.google.com/maps/search/?api=1&query=Plumbing%20Warehouse%20LLC&query_place_id=ChIJIYX5VEk9w4gRwBNIjjDbBN0,Unverified,No confirmed PE/public/franchise match; most FL contractors are independently owned — ownership not verified,1
B — Phone + priority county,ASAP COOLING,HVAC,Independent / Likely Family-Owned (unverified),Broward,Coral Springs,33065,"2730 Nw 106Th Drive, Coral Springs, FL, 33065",(407) 565-8808,asapserviceplumbing.com,4.8,200,"Plumber, Drainage service, Hot water system supplier",CAC,CAC1818039,new,,companies.json (exact_name),ChIJoWcqc8FH3YgRtk5PaOdO2ZI,https://www.google.com/maps/search/?api=1&query=ASAP%20SERVICE%20PLUMBING&query_place_id=ChIJoWcqc8FH3YgRtk5PaOdO2ZI,Unverified,No confirmed PE/public/franchise match; most FL contractors are independently owned — ownership not verified,1
B — Phone + priority county,"NOTTINGHAM PLUMBING AND WATER SOLUTIONS, INC.",Plumbing,Independent / Likely Family-Owned (unverified),Sarasota,Venice,34293,"2590 Dawn Road, Venice, FL, 34293",(941) 688-5001,www.nottinghamplumbingfl.com,4.9,196,Plumber,CFC,CFC1430281,new,,companies.json (exact_name),ChIJC8JrVL5bw4gRAWCgF6PWyn0,https://www.google.com/maps/search/?api=1&query=Nottingham%20Plumbing%20and%20Water%20Solutions&query_place_id=ChIJC8JrVL5bw4gRAWCgF6PWyn0,Unverified,No confirmed PE/public/franchise match; most FL contractors are independently owned — ownership not verified,1
B — Phone + priority county,"EXCELLENT PLUMBING SERVICES, LLC",Plumbing,Independent / Likely Family-Owned (unverified),Pasco,Wesley Chapel,33545,"6525 Dutton Dr, Wesley Chapel, FL, 33545",(813) 734-9192,www.excellentplumbingtampa.com,4.9,194,"Plumber, Drainage service, Septic system service",CFC,CFC1431146,new,,companies.json (exact_name),ChIJLxfcXC7BwogR6h5L72xKLGs,https://www.google.com/maps/search/?api=1&query=Excellent%20Plumbing%20Services&query_place_id=ChIJLxfcXC7BwogR6h5L72xKLGs,Unverified,No confirmed PE/public/franchise match; most FL contractors are independently owned — ownership not verified,1
B — Phone + priority county,MCCULLERS WELL SERVICES AND PLUMBING,Plumbing + HVAC,Independent / Likely Family-Owned (unverified),Lee,Fort Myers,33967,"17470B Jean Street, Fort Myers, FL, 33967",(239) 317-5060,wellservicesandplumbing.com,4.8,192,"Plumber, Contractor","CFC, CMC",CFC057163; CMC057164,new,,companies.json (exact_name),ChIJETRiWOoW24gR8Fg2Klzj71E,https://www.google.com/maps/search/?api=1&query=McCullers%20Well%20Services%20and%20Plumbing&query_place_id=ChIJETRiWOoW24gR8Fg2Klzj71E,Unverified,No confirmed PE/public/franchise match; most FL contractors are independently owned — ownership not verified,2
B — Phone + priority county,"ON TAP PLUMBING, LLC",Plumbing,Independent / Likely Family-Owned (unverified),Pinellas,Pinellas Park,33781,"8480 57Th Street N, Pinellas Park, FL, 33781",(727) 313-4266,otplumbing.com,4.8,192,"Plumber, Property maintenance, Repair service",CFC,CFC1431121,new,,companies.json (exact_name),ChIJCXc5KFXxwogREk2296DGesM,https://www.google.com/maps/search/?api=1&query=On%20Tap%20Plumbing&query_place_id=ChIJCXc5KFXxwogREk2296DGesM,Unverified,No confirmed PE/public/franchise match; most FL contractors are independently owned — ownership not verified,1
B — Phone + priority county,SLAUGHTER PLUMBING SERVICE INC,Plumbing,Independent / Likely Family-Owned (unverified),Pinellas,Largo,33774,"12920  Walsingham Road, Largo, FL, 33774",(727) 596-5663,slaughterplumbing.com,4.4,190,Plumber,RF,RF11067209,new,,companies.json (exact_name),ChIJu_pCOiv6wogR-RUGQygVuQk,https://www.google.com/maps/search/?api=1&query=Slaughter%20Plumbing%20Service%2C%20Inc.&query_place_id=ChIJu_pCOiv6wogR-RUGQygVuQk,Unverified,No confirmed PE/public/franchise match; most FL contractors are independently owned — ownership not verified,1
B — Phone + priority county,"WORRY FREE PLUMBING, INC.",Plumbing,Independent / Likely Family-Owned (unverified),Miami-Dade,Miami,33189,"20300 Sw 84Th Avenue, Miami, FL, 33189",(863) 233-3207,,4.9,190,Plumber,CFC,CFC1429320,new,,companies.json (exact_name),ChIJe85OX7v724gR_3eKx4Odxfc,https://www.google.com/maps/search/?api=1&query=Worry%20Free%20Plumbing&query_place_id=ChIJe85OX7v724gR_3eKx4Odxfc,Unverified,No confirmed PE/public/franchise match; most FL contractors are independently owned — ownership not verified,1
B — Phone + priority county,"ECHOLS PLUMBING & AIR CONDITIONING, LLC",Plumbing + HVAC,Independent / Likely Family-Owned (unverified),St. Lucie,Fort Pierce,34945,"2510 S Rock Road, Fort Pierce, FL, 34945",(863) 763-6461,echolsplumbingandac.com,4.3,184,"Plumber, Air conditioning contractor","CAC, CFC",CAC053793; CFC022585,new,,companies.json (exact_name),ChIJMW9veM8h3IgRpthRxLM3yIc,https://www.google.com/maps/search/?api=1&query=Echols%20Plumbing%20%26%20Air%20Conditioning&query_place_id=ChIJMW9veM8h3IgRpthRxLM3yIc,Unverified,No confirmed PE/public/franchise match; most FL contractors are independently owned — ownership not verified,2
B — Phone + priority county,JJM PLUMBING LLC,Plumbing,Independent / Likely Family-Owned (unverified),Hillsborough,Odessa,33556,"7110 West County Line Road, Odessa, FL, 33556",(813) 833-4987,www.jjmplumbingfl.com,5,183,"Plumber, Contractor, Service establishment, Septic system service",CFC,CFC1430377,new,,companies.json (exact_name),ChIJcY9EZPrBwogRUhwtnNGKyL0,https://www.google.com/maps/search/?api=1&query=JJM%20Plumbing&query_place_id=ChIJcY9EZPrBwogRUhwtnNGKyL0,Unverified,No confirmed PE/public/franchise match; most FL contractors are independently owned — ownership not verified,1
B — Phone + priority county,AIR EXPERTS,HVAC,Independent / Likely Family-Owned (unverified),Sarasota,Sarasota,34234,"1715 Independence Blvd  Ste B-1, Sarasota, FL, 34234",(813) 363-9726,expertsplumbingservices.com,4.7,177,"Plumber, Service establishment",CAC,CAC1816885,new,,companies.json (exact_name),ChIJde-_nTXAwogRaiQNjYePFS0,https://www.google.com/maps/search/?api=1&query=Experts%20Plumbing%20Services%2C%20LLC&query_place_id=ChIJde-_nTXAwogRaiQNjYePFS0,Unverified,No confirmed PE/public/franchise match; most FL contractors are independently owned — ownership not verified,1
B — Phone + priority county,"COOLING EXPERTS , INC.",HVAC,Independent / Likely Family-Owned (unverified),Broward,Davie,33314,"4700 Sw 51St Street Suite #209, Davie, FL, 33314",(813) 363-9726,expertsplumbingservices.com,4.7,177,"Plumber, Service establishment",CAC,CAC1817008,new,,companies.json (exact_name),ChIJde-_nTXAwogRaiQNjYePFS0,https://www.google.com/maps/search/?api=1&query=Experts%20Plumbing%20Services%2C%20LLC&query_place_id=ChIJde-_nTXAwogRaiQNjYePFS0,Unverified,No confirmed PE/public/franchise match; most FL contractors are independently owned — ownership not verified,1
B — Phone + priority county,"EXPERTS AIR CONDITIONING, LLC",Mechanical,Independent / Likely Family-Owned (unverified),Miami-Dade,Miami,33196,"15478 Sw 110Th Ter, Miami, FL, 33196",(813) 363-9726,expertsplumbingservices.com,4.7,177,"Plumber, Service establishment",CMC,CMC1251285,new,,companies.json (exact_name),ChIJde-_nTXAwogRaiQNjYePFS0,https://www.google.com/maps/search/?api=1&query=Experts%20Plumbing%20Services%2C%20LLC&query_place_id=ChIJde-_nTXAwogRaiQNjYePFS0,Unverified,No confirmed PE/public/franchise match; most FL contractors are independently owned — ownership not verified,1
B — Phone + priority county,EXPERTS PLUMBING SERVICES LLC,Plumbing,Independent / Likely Family-Owned (unverified),Pasco,Hudson,34667,"9392 Highland Hills Dr, Hudson, FL, 34667",(813) 363-9726,expertsplumbingservices.com,4.7,177,"Plumber, Service establishment",CFC,CFC1428527,new,,companies.json (exact_name),ChIJde-_nTXAwogRaiQNjYePFS0,https://www.google.com/maps/search/?api=1&query=Experts%20Plumbing%20Services%2C%20LLC&query_place_id=ChIJde-_nTXAwogRaiQNjYePFS0,Unverified,No confirmed PE/public/franchise match; most FL contractors are independently owned — ownership not verified,1
B — Phone + priority county,FLORIDA AIR CONDITIONING EXPERTS LLC,Mechanical,Independent / Likely Family-Owned (unverified),Palm Beach,Loxahatchee,33470,"14408 76Th Rd N, Loxahatchee, FL, 33470",(813) 363-9726,expertsplumbingservices.com,4.7,177,"Plumber, Service establishment",CMC,CMC1251839,new,,companies.json (exact_name),ChIJde-_nTXAwogRaiQNjYePFS0,https://www.google.com/maps/search/?api=1&query=Experts%20Plumbing%20Services%2C%20LLC&query_place_id=ChIJde-_nTXAwogRaiQNjYePFS0,Unverified,No confirmed PE/public/franchise match; most FL contractors are independently owned — ownership not verified,1
B — Phone + priority county,FLORIDA AIR EXPERTS INC,Mechanical,Independent / Likely Family-Owned (unverified),Palm Beach,Loxahatchee,33470,"18725 42Nd Rd N, Loxahatchee, FL, 33470",(813) 363-9726,expertsplumbingservices.com,4.7,177,"Plumber, Service establishment","CMC, RM",CMC1249554; RM14017027,new,,companies.json (exact_name),ChIJde-_nTXAwogRaiQNjYePFS0,https://www.google.com/maps/search/?api=1&query=Experts%20Plumbing%20Services%2C%20LLC&query_place_id=ChIJde-_nTXAwogRaiQNjYePFS0,Unverified,No confirmed PE/public/franchise match; most FL contractors are independently owned — ownership not verified,2
B — Phone + priority county,THE PLUMBING EXPERTS INC,Plumbing + HVAC,Independent / Likely Family-Owned (unverified),Miami-Dade,Miami,33179,"382 Ne 191St Street 12072 C/O Joseph Winke, Miami, FL, 33179",(813) 363-9726,expertsplumbingservices.com,4.7,177,"Plumber, Service establishment","CAC, CFC",CAC1816169; CFC1427238,new,,companies.json (exact_name),ChIJde-_nTXAwogRaiQNjYePFS0,https://www.google.com/maps/search/?api=1&query=Experts%20Plumbing%20Services%2C%20LLC&query_place_id=ChIJde-_nTXAwogRaiQNjYePFS0,Unverified,No confirmed PE/public/franchise match; most FL contractors are independently owned — ownership not verified,2
B — Phone + priority county,CYPRESS AIR CONDITIONING INC,HVAC,Independent / Likely Family-Owned (unverified),Palm Beach,West Palm,33401,"1400 N.  Sapodilla Ave, West Palm, FL, 33401",(239) 504-1665,cypressplumbing.com,4.7,172,Plumber,CAC,CAC1813600,new,,companies.json (exact_name),ChIJq6qqqp5z24gRVVQn1wyZmXo,https://www.google.com/maps/search/?api=1&query=Cypress%20Plumbing&query_place_id=ChIJq6qqqp5z24gRVVQn1wyZmXo,Unverified,No confirmed PE/public/franchise match; most FL contractors are independently owned — ownership not verified,1
B — Phone + priority county,FL. PRO PLUMBING LLC,Plumbing,Independent / Likely Family-Owned (unverified),Palm Beach,Jupiter,33478,"16593 Alexander Run, Jupiter, FL, 33478",(813) 238-9511,www.proplumbing-air.com,4.7,172,"Plumber, Plumbing supply store",CFC,CFC1432697,new,,companies.json (exact_name),ChIJVSIYpyHEwogRr6bPpRJnjtw,https://www.google.com/maps/search/?api=1&query=Pro%20Plumbing%20Services%20Corp&query_place_id=ChIJVSIYpyHEwogRr6bPpRJnjtw,Unverified,No confirmed PE/public/franchise match; most FL contractors are independently owned — ownership not verified,1
B — Phone + priority county,FLORIDA AIR PRO INC,HVAC,Independent / Likely Family-Owned (unverified),Pasco,New Port Richey,34655,"5116 Haltata Court, New Port Richey, FL, 34655",(813) 238-9511,www.proplumbing-air.com,4.7,172,"Plumber, Plumbing supply store",CAC,CAC1824184,new,,companies.json (exact_name),ChIJVSIYpyHEwogRr6bPpRJnjtw,https://www.google.com/maps/search/?api=1&query=Pro%20Plumbing%20Services%20Corp&query_place_id=ChIJVSIYpyHEwogRr6bPpRJnjtw,Unverified,No confirmed PE/public/franchise match; most FL contractors are independently owned — ownership not verified,1
B — Phone + priority county,FLORIDA PRO PLUMBING LLC,Plumbing,Independent / Likely Family-Owned (unverified),Broward,Cooper City,33328,"5061 Sw 94Th Ave, Cooper City, FL, 33328",(813) 238-9511,www.proplumbing-air.com,4.7,172,"Plumber, Plumbing supply store",CFC,CFC1431564,new,,companies.json (exact_name),ChIJVSIYpyHEwogRr6bPpRJnjtw,https://www.google.com/maps/search/?api=1&query=Pro%20Plumbing%20Services%20Corp&query_place_id=ChIJVSIYpyHEwogRr6bPpRJnjtw,Unverified,No confirmed PE/public/franchise match; most FL contractors are independently owned — ownership not verified,1
B — Phone + priority county,"FLORIDA PRO SERVICES, LLC",HVAC,Independent / Likely Family-Owned (unverified),Orange,Orlando,32808,"4004 Golfside Dr, Orlando, FL, 32808",(813) 238-9511,www.proplumbing-air.com,4.7,172,"Plumber, Plumbing supply store",CAC,CAC056336,new,,companies.json (exact_name),ChIJVSIYpyHEwogRr6bPpRJnjtw,https://www.google.com/maps/search/?api=1&query=Pro%20Plumbing%20Services%20Corp&query_place_id=ChIJVSIYpyHEwogRr6bPpRJnjtw,Unverified,No confirmed PE/public/franchise match; most FL contractors are independently owned — ownership not verified,1
B — Phone + priority county,"HVAC PRO, LLC.",HVAC,Independent / Likely Family-Owned (unverified),Broward,Sunrise,33323,"11861 Nw 29Th St, Sunrise, FL, 33323",(813) 238-9511,www.proplumbing-air.com,4.7,172,"Plumber, Plumbing supply store",CAC,CAC1824092,new,,companies.json (exact_name),ChIJVSIYpyHEwogRr6bPpRJnjtw,https://www.google.com/maps/search/?api=1&query=Pro%20Plumbing%20Services%20Corp&query_place_id=ChIJVSIYpyHEwogRr6bPpRJnjtw,Unverified,No confirmed PE/public/franchise match; most FL contractors are independently owned — ownership not verified,1
B — Phone + priority county,PLUMBING PRO,Plumbing,Independent / Likely Family-Owned (unverified),Broward,Pompano Beach,33060,"510 Sw 16 Avenue, Pompano Beach, FL, 33060",(813) 238-9511,www.proplumbing-air.com,4.7,172,"Plumber, Plumbing supply store",CFC,CFC1433991,new,,companies.json (exact_name),ChIJVSIYpyHEwogRr6bPpRJnjtw,https://www.google.com/maps/search/?api=1&query=Pro%20Plumbing%20Services%20Corp&query_place_id=ChIJVSIYpyHEwogRr6bPpRJnjtw,Unverified,No confirmed PE/public/franchise match; most FL contractors are independently owned — ownership not verified,1
B — Phone + priority county,"PRO AIR CONDITIONING, INC.",HVAC,Independent / Likely Family-Owned (unverified),Miami-Dade,Miami,33193,"14853 Sw 65Th Ter, Miami, FL, 33193",(813) 238-9511,www.proplumbing-air.com,4.7,172,"Plumber, Plumbing supply store",CAC,CAC1819249,new,,companies.json (exact_name),ChIJVSIYpyHEwogRr6bPpRJnjtw,https://www.google.com/maps/search/?api=1&query=Pro%20Plumbing%20Services%20Corp&query_place_id=ChIJVSIYpyHEwogRr6bPpRJnjtw,Unverified,No confirmed PE/public/franchise match; most FL contractors are independently owned — ownership not verified,1
B — Phone + priority county,PRO COOLING INC.,HVAC,Independent / Likely Family-Owned (unverified),Miami-Dade,Miami Gardens,33055,"17510 Nw 52 Ave, Miami Gardens, FL, 33055",(813) 238-9511,www.proplumbing-air.com,4.7,172,"Plumber, Plumbing supply store",CAC,CAC1819218,new,,companies.json (exact_name),ChIJVSIYpyHEwogRr6bPpRJnjtw,https://www.google.com/maps/search/?api=1&query=Pro%20Plumbing%20Services%20Corp&query_place_id=ChIJVSIYpyHEwogRr6bPpRJnjtw,Unverified,No confirmed PE/public/franchise match; most FL contractors are independently owned — ownership not verified,1
B — Phone + priority county,PRO SERVICE PLUMBING INC,Plumbing,Independent / Likely Family-Owned (unverified),Palm Beach,Boynton Beach,33426,"1207 Nw 7Th Ct, Boynton Beach, FL, 33426",(813) 238-9511,www.proplumbing-air.com,4.7,172,"Plumber, Plumbing supply store",CFC,CFC1430730,new,,companies.json (exact_name),ChIJVSIYpyHEwogRr6bPpRJnjtw,https://www.google.com/maps/search/?api=1&query=Pro%20Plumbing%20Services%20Corp&query_place_id=ChIJVSIYpyHEwogRr6bPpRJnjtw,Unverified,No confirmed PE/public/franchise match; most FL contractors are independently owned — ownership not verified,1
B — Phone + priority county,"PRO-PLUMBING SERVICES, CORP.",Plumbing,Independent / Likely Family-Owned (unverified),Hillsborough,Tampa,33603,"5205 N Nebraska Ave, Tampa, FL, 33603",(813) 238-9511,www.proplumbing-air.com,4.7,172,"Plumber, Plumbing supply store",CFC,CFC033845,new,,companies.json (exact_name),ChIJVSIYpyHEwogRr6bPpRJnjtw,https://www.google.com/maps/search/?api=1&query=Pro%20Plumbing%20Services%20Corp&query_place_id=ChIJVSIYpyHEwogRr6bPpRJnjtw,Unverified,No confirmed PE/public/franchise match; most FL contractors are independently owned — ownership not verified,1
B — Phone + priority county,GRANDA PLUMBING LLC,Plumbing,Independent / Likely Family-Owned (unverified),Hillsborough,Tampa,33607,"1523  W Grace St, Tampa, FL, 33607",(813) 599-2468,grandaplumbing.com,4.9,171,Plumber,CFC,CFC1430156,new,,companies.json (exact_name),ChIJ71IN79CQIacReY_T1pe6Rzo,https://www.google.com/maps/search/?api=1&query=Granda%20Plumbing&query_place_id=ChIJ71IN79CQIacReY_T1pe6Rzo,Unverified,No confirmed PE/public/franchise match; most FL contractors are independently owned — ownership not verified,1
B — Phone + priority county,"BELLA PLUMBING, LLC",Plumbing,Independent / Likely Family-Owned (unverified),Hillsborough,Tampa,33619,"6816 Thomas Circle B, Tampa, FL, 33619",(727) 226-0698,www.bellaplumbingfl.com,4.8,169,Plumber,CFC,CFC1429409,new,,companies.json (exact_name),ChIJfS_wT46_wogRGE5JmO01-1k,https://www.google.com/maps/search/?api=1&query=Bella%20Plumbing&query_place_id=ChIJfS_wT46_wogRGE5JmO01-1k,Unverified,No confirmed PE/public/franchise match; most FL contractors are independently owned — ownership not verified,1
B — Phone + priority county,BELIEVE PLUMBING INC,Plumbing,Independent / Likely Family-Owned (unverified),Hillsborough,Tampa,33607,"2312 W Kathleen St, Tampa, FL, 33607",(813) 516-4486,believeplumbing.com,4.5,168,Plumber,CFC,CFC1429476,new,,companies.json (exact_name),ChIJmUVz_zXDwogRNAIWPlCzvh8,https://www.google.com/maps/search/?api=1&query=Believe%20Plumbing&query_place_id=ChIJmUVz_zXDwogRNAIWPlCzvh8,Unverified,No confirmed PE/public/franchise match; most FL contractors are independently owned — ownership not verified,1
B — Phone + priority county,SWFL PLUMBING,Plumbing,Independent / Likely Family-Owned (unverified),Lee,Cape Coral,33991,"615 Sw 19Th St, Cape Coral, FL, 33991",(239) 208-5066,www.swflplumbing.com,4.9,167,Plumber,CFC,CFC1428879,new,,companies.json (exact_name),ChIJW8MkrGxH24gRKcx8_hqW0YA,https://www.google.com/maps/search/?api=1&query=SWFL%20Plumbing&query_place_id=ChIJW8MkrGxH24gRKcx8_hqW0YA,Unverified,No confirmed PE/public/franchise match; most FL contractors are independently owned — ownership not verified,1
B — Phone + priority county,BAY AREA PLUMBING INC,Plumbing,Independent / Likely Family-Owned (unverified),Hillsborough,Tampa,33605,"4101 East 12Th Avenue Unit E-2, Tampa, FL, 33605",(813) 620-0044,bayareaplumbinginc.com,4.4,164,Plumber,CFC,CFC1425599,new,,companies.json (exact_name),ChIJlW4dEL3FwogROrXkRhBW7yE,https://www.google.com/maps/search/?api=1&query=Bay%20Area%20Plumbing%2C%20Inc.&query_place_id=ChIJlW4dEL3FwogROrXkRhBW7yE,Unverified,No confirmed PE/public/franchise match; most FL contractors are independently owned — ownership not verified,1
B — Phone + priority county,JACKSON TOTAL SERVICE INC,Plumbing + HVAC,Independent / Likely Family-Owned (unverified),Collier,Naples,34101,"Po Box 9589, Naples, FL, 34101",(239) 643-0923,jacksontotal.com,4.5,163,"Plumber, Air conditioning contractor, Air conditioning repair service, Electrician, Furnace parts supplier, Furnace repair service, Heating contractor, Heating equipment supplier","CAC, CFC",CAC014249; CAC1814513; CFC019073; CFC1434467,new,,companies.json (exact_name),ChIJrV4YCRbi2ogR01hm8xGXI1o,https://www.google.com/maps/search/?api=1&query=Jackson%20Total%20Service&query_place_id=ChIJrV4YCRbi2ogR01hm8xGXI1o,Unverified,No confirmed PE/public/franchise match; most FL contractors are independently owned — ownership not verified,4
B — Phone + priority county,PLUMBGREAT LLC,Plumbing,Independent / Likely Family-Owned (unverified),Hillsborough,Tampa,33611,"4315  Aegean Dr. Apt. 256C, Tampa, FL, 33611",(813) 595-3563,www.plumbgreat.com,5,158,Plumber,CFC,CFC1430811,new,,companies.json (exact_name),ChIJOTjZaGfdwogRNpr9gzAf18M,https://www.google.com/maps/search/?api=1&query=Plumbgreat%20Plumbing%20LLC&query_place_id=ChIJOTjZaGfdwogRNpr9gzAf18M,Unverified,No confirmed PE/public/franchise match; most FL contractors are independently owned — ownership not verified,1
B — Phone + priority county,WATERDOG PLUMBING LLC,Plumbing,Independent / Likely Family-Owned (unverified),Sarasota,Sarasota,34237,"2868 Browning Street, Sarasota, FL, 34237",(941) 724-3067,www.waterdogplumbing.com,5,157,"Plumber, Service establishment",CFC,CFC1431631,new,,companies.json (exact_name),ChIJ_Qh-sKsC8EoRfcl7V93IdAk,https://www.google.com/maps/search/?api=1&query=Waterdog%20Plumbing&query_place_id=ChIJ_Qh-sKsC8EoRfcl7V93IdAk,Unverified,No confirmed PE/public/franchise match; most FL contractors are independently owned — ownership not verified,1
B — Phone + priority county,KABAM PLUMBING SERVICES LLC,Plumbing,Independent / Likely Family-Owned (unverified),Hillsborough,Sun City Center,33573,"4017 Salida Del Sol Drive, Sun City Center, FL, 33573",(813) 702-9366,www.kabamplumbingservices.com,5,156,"Plumber, Contractor, Septic system service, Water softening equipment supplier",CFC,CFC1431658,new,,companies.json (exact_name),ChIJTTeOV8jRqw8RrNL09Y6q5RU,https://www.google.com/maps/search/?api=1&query=KABAM%20Plumbing%20Services&query_place_id=ChIJTTeOV8jRqw8RrNL09Y6q5RU,Unverified,No confirmed PE/public/franchise match; most FL contractors are independently owned — ownership not verified,1
B — Phone + priority county,KBR PLUMBING LLC,Plumbing,Independent / Likely Family-Owned (unverified),Pasco,Hudson,34667,"14120 Faldo Ct, Hudson, FL, 34667",(727) 809-6754,kbrplumbing.com,4.8,156,Plumber,CFC,CFC1430190,new,,companies.json (exact_name),ChIJnbqXDWqbwogR7pGqfGbbE3A,https://www.google.com/maps/search/?api=1&query=KBR%20Plumbing%20LLC&query_place_id=ChIJnbqXDWqbwogR7pGqfGbbE3A,Unverified,No confirmed PE/public/franchise match; most FL contractors are independently owned — ownership not verified,1
B — Phone + priority county,WOODSON PLUMBING,Plumbing,Independent / Likely Family-Owned (unverified),Pinellas,Clearwater,33756,"711 Smith St, Clearwater, FL, 33756",(727) 966-3766,woodsonplumbing.com,5,155,"Plumber, Water damage restoration service",CFC,CFC1431060,new,,companies.json (exact_name),ChIJpTzZphsKzgUREQYvR00U8k0,https://www.google.com/maps/search/?api=1&query=Woodson%20Plumbing&query_place_id=ChIJpTzZphsKzgUREQYvR00U8k0,Unverified,No confirmed PE/public/franchise match; most FL contractors are independently owned — ownership not verified,1
B — Phone + priority county,ACCURATE PLUMBERS OF FLORIDA INC.,Plumbing,Independent / Likely Family-Owned (unverified),Pasco,New Port Richey,34654,"8032 Sycamore Dr, New Port Richey, FL, 34654",(727) 376-1195,www.accurateplumbersoffl.com,5,151,"Plumber, Bathroom remodeler, Drainage service, Kitchen remodeler",CFC,CFC1426722,new,,companies.json (exact_name),ChIJGz1F9AmRwogRD68AAnXpvbY,https://www.google.com/maps/search/?api=1&query=Accurate%20Plumbers%20Of%20Florida%20Inc&query_place_id=ChIJGz1F9AmRwogRD68AAnXpvbY,Unverified,No confirmed PE/public/franchise match; most FL contractors are independently owned — ownership not verified,1
B — Phone + priority county,SAVE MONEY PLUMBING LLC,Plumbing,Independent / Likely Family-Owned (unverified),Pasco,Hudson,34667,"13429 Morrow Ln, Hudson, FL, 34667",(352) 770-4463,www.savemoneyplumbing.com,4.9,151,Plumber,RF,RF11067916,new,,companies.json (exact_name),ChIJvc3PktWfwogRkvixhI7v8rU,https://www.google.com/maps/search/?api=1&query=Save%20money%20Plumbing&query_place_id=ChIJvc3PktWfwogRkvixhI7v8rU,Unverified,No confirmed PE/public/franchise match; most FL contractors are independently owned — ownership not verified,1
B — Phone + priority county,BOB HILL PLUMBING,Plumbing,Independent / Likely Family-Owned (unverified),Collier,Naples,34102,"985 1St Avenue South, Naples, FL, 34102",(239) 262-6119,www.bobhillplumbing.com,4.7,149,"Hot water system supplier, Bathroom remodeler, Kitchen remodeler, Plumber, Plumbing supply store, Water pump supplier",CFC,CFC1425622,new,,companies.json (exact_name),ChIJWz4xzpvh2ogRjdy3h2YDRr4,https://www.google.com/maps/search/?api=1&query=Bob%20Hill%20Plumbing&query_place_id=ChIJWz4xzpvh2ogRjdy3h2YDRr4,Unverified,No confirmed PE/public/franchise match; most FL contractors are independently owned — ownership not verified,1
B — Phone + priority county,SUNCOAST COOLING LLC,HVAC,Independent / Likely Family-Owned (unverified),Sarasota,Venice,34293,"115 Hourglass Drive, Venice, FL, 34293",(727) 453-8900,www.suncoastplumbingservices.com,5,146,"Plumber, Service establishment",CAC,CAC1824148,new,,companies.json (exact_name),ChIJVQ8sQ_m9wogR15SfaNY6gjY,https://www.google.com/maps/search/?api=1&query=Suncoast%20Plumbing%20of%20Florida%2C%20Inc&query_place_id=ChIJVQ8sQ_m9wogR15SfaNY6gjY,Unverified,No confirmed PE/public/franchise match; most FL contractors are independently owned — ownership not verified,1
B — Phone + priority county,BRIAN HOLLINGER PLUMBING,Plumbing,Independent / Likely Family-Owned (unverified),Palm Beach,Loxahatchee,33470,"15885 80Th Lane North, Loxahatchee, FL, 33470",(561) 502-0592,www.bhppbc.com,4.8,144,"Plumber, Service establishment",CFC,CFC1429002,new,,companies.json (exact_name),ChIJy0beRIky2YgRXpQzOgrRUvg,https://www.google.com/maps/search/?api=1&query=Brian%20Hollinger%20Plumbing%20Inc&query_place_id=ChIJy0beRIky2YgRXpQzOgrRUvg,Unverified,No confirmed PE/public/franchise match; most FL contractors are independently owned — ownership not verified,1
B — Phone + priority county,SHORELINE AIR CONDITIONING LLC,HVAC,Independent / Likely Family-Owned (unverified),Palm Beach,West Palm Beach,33405,"8010 S. Flager Dr., West Palm Beach, FL, 33405",(678) 488-4215,shorelineservices.jobbersites.com,5,143,"Plumber, Service establishment",CAC,CAC1816501,new,,companies.json (exact_name),ChIJpxfZeKw79YgRZoCLz2w5WLw,https://www.google.com/maps/search/?api=1&query=Shoreline%20Services&query_place_id=ChIJpxfZeKw79YgRZoCLz2w5WLw,Unverified,No confirmed PE/public/franchise match; most FL contractors are independently owned — ownership not verified,1
B — Phone + priority county,CALELLO PLUMBING LLC,Plumbing,Independent / Likely Family-Owned (unverified),Pinellas,Tarpon Springs,34698,"705  Live Oak St. Suite F, Tarpon Springs, FL, 34698",(727) 431-5580,www.calelloplumbing.com,4.8,137,"Plumber, Bathroom remodeler, Heating contractor",CFC,CFC1427767,new,,companies.json (exact_name),ChIJf7WHDnTywogRqb4QNLnGeOQ,https://www.google.com/maps/search/?api=1&query=Calello%20Plumbing%20LLC&query_place_id=ChIJf7WHDnTywogRqb4QNLnGeOQ,Unverified,No confirmed PE/public/franchise match; most FL contractors are independently owned — ownership not verified,1
B — Phone + priority county,HARMONY AIR LLC,HVAC,Independent / Likely Family-Owned (unverified),St. Lucie,Port St Lucie,34986,"5846 Northwest South Dooley Circle, Port St Lucie, FL, 34986",(239) 603-1140,myharmonyplumbing.com,5,135,"Service establishment, Plumber",CAC,CAC1822339,new,,companies.json (exact_name),ChIJbwcg3GhB24gRR8UPB1FRWFY,https://www.google.com/maps/search/?api=1&query=Harmony%20Plumbing&query_place_id=ChIJbwcg3GhB24gRR8UPB1FRWFY,Unverified,No confirmed PE/public/franchise match; most FL contractors are independently owned — ownership not verified,1
B — Phone + priority county,HARMONY PLUMBING LLC,Plumbing,Independent / Likely Family-Owned (unverified),Lee,Cape Coral,33990,"2211 Se 3Rd St, Cape Coral, FL, 33990",(239) 603-1140,myharmonyplumbing.com,5,135,"Service establishment, Plumber",CFC,CFC1429009,new,,companies.json (exact_name),ChIJbwcg3GhB24gRR8UPB1FRWFY,https://www.google.com/maps/search/?api=1&query=Harmony%20Plumbing&query_place_id=ChIJbwcg3GhB24gRR8UPB1FRWFY,Unverified,No confirmed PE/public/franchise match; most FL contractors are independently owned — ownership not verified,1
B — Phone + priority county,"AIR RESCUE AIR CONDITIONING, INC.",Mechanical,Independent / Likely Family-Owned (unverified),Pinellas,Largo,33770,"801 West Bay Drive, Suite 302, Largo, FL, 33770",(727) 320-4324,stpeteplumber.com,4.9,133,Plumber,CMC,CMC1251304,new,,companies.json (exact_name),ChIJaUH8vj3jwogRiMn--2zm3cI,https://www.google.com/maps/search/?api=1&query=Rescue%20Plumbing%2C%20LLC&query_place_id=ChIJaUH8vj3jwogRiMn--2zm3cI,Unverified,No confirmed PE/public/franchise match; most FL contractors are independently owned — ownership not verified,1
B — Phone + priority county,AIR RESCUE COOLING AND HEATING INC,HVAC,Independent / Likely Family-Owned (unverified),Broward,Margate,33063,"6483 Nw 23Rd Street, Margate, FL, 33063",(727) 320-4324,stpeteplumber.com,4.9,133,Plumber,CAC,CAC1813653,new,,companies.json (exact_name),ChIJaUH8vj3jwogRiMn--2zm3cI,https://www.google.com/maps/search/?api=1&query=Rescue%20Plumbing%2C%20LLC&query_place_id=ChIJaUH8vj3jwogRiMn--2zm3cI,Unverified,No confirmed PE/public/franchise match; most FL contractors are independently owned — ownership not verified,1
B — Phone + priority county,BROOKS PLUMBING L.L.C.,Plumbing,Independent / Likely Family-Owned (unverified),Pasco,Land O' Lakes,34639,"4915 Thornbriar Place, Land O' Lakes, FL, 34639",(813) 695-5833,www.brooksplumbingfl.com,4.9,133,Plumber,CFC,CFC1430399,new,,data/companies.json (Google Maps scrape),,,Unverified,No confirmed PE/public/franchise match; most FL contractors are independently owned — ownership not verified,1
B — Phone + priority county,"RESCUE AIR, LLC",HVAC,Independent / Likely Family-Owned (unverified),Lee,Fort Myers,33967,"18439 Fern Rd, Fort Myers, FL, 33967",(727) 320-4324,stpeteplumber.com,4.9,133,Plumber,CAC,CAC1819757,new,,companies.json (exact_name),ChIJaUH8vj3jwogRiMn--2zm3cI,https://www.google.com/maps/search/?api=1&query=Rescue%20Plumbing%2C%20LLC&query_place_id=ChIJaUH8vj3jwogRiMn--2zm3cI,Unverified,No confirmed PE/public/franchise match; most FL contractors are independently owned — ownership not verified,1
B — Phone + priority county,RESCUE PLUMBING LLC,Plumbing,Independent / Likely Family-Owned (unverified),Pinellas,St. Petersburg,33711,"4650 12Th Ave South, St. Petersburg, FL, 33711",(727) 320-4324,stpeteplumber.com,4.9,133,Plumber,CFC,CFC1430831,new,,companies.json (exact_name),ChIJaUH8vj3jwogRiMn--2zm3cI,https://www.google.com/maps/search/?api=1&query=Rescue%20Plumbing%2C%20LLC&query_place_id=ChIJaUH8vj3jwogRiMn--2zm3cI,Unverified,No confirmed PE/public/franchise match; most FL contractors are independently owned — ownership not verified,1
B — Phone + priority county,"LT PLUMBING, LLC",Plumbing,Independent / Likely Family-Owned (unverified),Manatee,Palmetto,34221,"1504 18Th Ave Dr E, Palmetto, FL, 34221",(941) 729-1111,www.ltplumbingllc.com,4.6,132,"Plumber, Septic system service",CFC,CFC1431822,new,,companies.json (exact_name),ChIJs_cg111qHQERB27xPa0MaAE,https://www.google.com/maps/search/?api=1&query=LT%20Plumbing%20LLC&query_place_id=ChIJs_cg111qHQERB27xPa0MaAE,Unverified,No confirmed PE/public/franchise match; most FL contractors are independently owned — ownership not verified,1
B — Phone + priority county,MARCO PLUMBING,Plumbing,Independent / Likely Family-Owned (unverified),Collier,Naples,34114,"3887 Mannix Drive #624, Naples, FL, 34114",(239) 394-4488,www.marcoplumbing.com,4.4,131,Plumber,CFC,CFC050557,new,,companies.json (exact_name),ChIJ54jf02sZ24gRibtiwo9k9d0,https://www.google.com/maps/search/?api=1&query=Marco%20Plumbing&query_place_id=ChIJ54jf02sZ24gRibtiwo9k9d0,Unverified,No confirmed PE/public/franchise match; most FL contractors are independently owned — ownership not verified,1
B — Phone + priority county,MY FLORIDA PLUMBER LLC,Plumbing,Independent / Likely Family-Owned (unverified),Pinellas,Tarpon Springs,34689,"1108 Sunset Ridge Lane, Tarpon Springs, FL, 34689",(727) 935-6441,myfloridaplumber.com,4.9,131,"Plumber, Drainage service, Sewage disposal service",CFC,CFC1429364,new,,companies.json (exact_name),ChIJ8_La47qNwogRHmVn4OYiM-o,https://www.google.com/maps/search/?api=1&query=My%20Florida%20Plumber%20LLC&query_place_id=ChIJ8_La47qNwogRHmVn4OYiM-o,Unverified,No confirmed PE/public/franchise match; most FL contractors are independently owned — ownership not verified,1
B — Phone + priority county,MY PLUMBER INC,Plumbing,Independent / Likely Family-Owned (unverified),Hillsborough,Tampa,33605,"2610  E Clark St Unit 2, Tampa, FL, 33605",(727) 935-6441,myfloridaplumber.com,4.9,131,"Plumber, Drainage service, Sewage disposal service",CFC,CFC1430752,new,,companies.json (exact_name),ChIJ8_La47qNwogRHmVn4OYiM-o,https://www.google.com/maps/search/?api=1&query=My%20Florida%20Plumber%20LLC&query_place_id=ChIJ8_La47qNwogRHmVn4OYiM-o,Unverified,No confirmed PE/public/franchise match; most FL contractors are independently owned — ownership not verified,1
B — Phone + priority county,PEREZ AIR CONDITIONING SERVICES CO,HVAC,Independent / Likely Family-Owned (unverified),Hillsborough,Brandon,33510,"208 W Jersey Ave, Brandon, FL, 33510",(813) 907-1515,perezplumbing.com,4.9,130,"Plumber, Contractor, Drainage service, Sewage disposal service",CAC,CAC057999,new,,companies.json (exact_name),ChIJxzR4zZ67wogRfU-1IcCC5ls,https://www.google.com/maps/search/?api=1&query=Perez%20Plumbing%20Inc.&query_place_id=ChIJxzR4zZ67wogRfU-1IcCC5ls,Unverified,No confirmed PE/public/franchise match; most FL contractors are independently owned — ownership not verified,1
B — Phone + priority county,"PEREZ COOLING , CORP",HVAC,Independent / Likely Family-Owned (unverified),Miami-Dade,Miami,33174,"425 Sw 95 Ct, Miami, FL, 33174",(813) 907-1515,perezplumbing.com,4.9,130,"Plumber, Contractor, Drainage service, Sewage disposal service",CAC,CAC1817123,new,,companies.json (exact_name),ChIJxzR4zZ67wogRfU-1IcCC5ls,https://www.google.com/maps/search/?api=1&query=Perez%20Plumbing%20Inc.&query_place_id=ChIJxzR4zZ67wogRfU-1IcCC5ls,Unverified,No confirmed PE/public/franchise match; most FL contractors are independently owned — ownership not verified,1
B — Phone + priority county,CW PLUMBING,Plumbing,Independent / Likely Family-Owned (unverified),Pinellas,Pinellas Park,33781,"3820 68Th Avenue N, Pinellas Park, FL, 33781",(727) 522-1607,cwplumbingfl.com,4.8,128,"Plumber, Construction company, Consultant, Contractor",CFC,CFC1428532,new,,companies.json (exact_name),ChIJsQWmf3zkwogRkjEUkW0k6vA,https://www.google.com/maps/search/?api=1&query=CW%20Plumbing&query_place_id=ChIJsQWmf3zkwogRkjEUkW0k6vA,Unverified,No confirmed PE/public/franchise match; most FL contractors are independently owned — ownership not verified,1
B — Phone + priority county,FIX MY PLUMBING PRO LLC,Plumbing,Independent / Likely Family-Owned (unverified),Pinellas,Palm Harbor,34682,"P.O. Box 2204, Palm Harbor, FL, 34682",(727) 432-0256,www.fixmyplumbingpro.com,5,128,"Plumber, Drainage service",CFC,CFC1431778,new,,companies.json (exact_name),ChIJj5W9uziNwogRIDrH0hHvaWs,https://www.google.com/maps/search/?api=1&query=Fix%20My%20Plumbing%20Pro&query_place_id=ChIJj5W9uziNwogRIDrH0hHvaWs,Unverified,No confirmed PE/public/franchise match; most FL contractors are independently owned — ownership not verified,1
B — Phone + priority county,"LOCAL FLO PLUMBING, LLC",Plumbing,Independent / Likely Family-Owned (unverified),Sarasota,Sarasota,34232,"5317 Fruitville Rd #223, Sarasota, FL, 34232",(941) 600-8367,localfloplumbing.com,5,126,"Plumber, Drainage service, Gas installation service",CFC,CFC1430805,new,,companies.json (exact_name),ChIJ9Q0dLpRHw4gRmN3U8KeA_zU,https://www.google.com/maps/search/?api=1&query=Local%20Flo%20Plumbing&query_place_id=ChIJ9Q0dLpRHw4gRmN3U8KeA_zU,Unverified,No confirmed PE/public/franchise match; most FL contractors are independently owned — ownership not verified,1
B — Phone + priority county,PLUMBING QUALITY SERVICES INC,Plumbing,Independent / Likely Family-Owned (unverified),Miami-Dade,Miami,33147,"8454 Nw 24Th Place, Miami, FL, 33147",(941) 281-3039,qualityplumbingsrq.com,4.7,126,"Plumber, Water softening equipment supplier, Water treatment supplier",CFC,CFC1428937,new,,companies.json (exact_name),ChIJpQO_cbE9w4gRYi-UonZKLQM,https://www.google.com/maps/search/?api=1&query=Quality%20Plumbing&query_place_id=ChIJpQO_cbE9w4gRYi-UonZKLQM,Unverified,No confirmed PE/public/franchise match; most FL contractors are independently owned — ownership not verified,1
B — Phone + priority county,QUALITY PLUMBING INC,Plumbing,Independent / Likely Family-Owned (unverified),Lee,Cape Coral,33990-1981,"1306 Se 23Rd Ave, Cape Coral, FL, 33990-1981",(941) 281-3039,qualityplumbingsrq.com,4.7,126,"Plumber, Water softening equipment supplier, Water treatment supplier",CFC,CFC1427278,new,,companies.json (exact_name),ChIJpQO_cbE9w4gRYi-UonZKLQM,https://www.google.com/maps/search/?api=1&query=Quality%20Plumbing&query_place_id=ChIJpQO_cbE9w4gRYi-UonZKLQM,Unverified,No confirmed PE/public/franchise match; most FL contractors are independently owned — ownership not verified,1
B — Phone + priority county,CLEARWATER AIR CONDITIONING CORP,HVAC,Independent / Likely Family-Owned (unverified),Pinellas,Dunedin,34698,"1455 Windmoor Drive, Dunedin, FL, 34698",(727) 446-8355,clearwaterplumbing.com,4.2,125,Plumber,CAC,CAC1814257,new,,companies.json (exact_name),ChIJne3t-N_wwogR63rSko3reeQ,https://www.google.com/maps/search/?api=1&query=Clearwater%20Plumbing%20Inc&query_place_id=ChIJne3t-N_wwogR63rSko3reeQ,Unverified,No confirmed PE/public/franchise match; most FL contractors are independently owned — ownership not verified,1
B — Phone + priority county,CLEARWATER PLUMBING INC,Plumbing,Independent / Likely Family-Owned (unverified),Pinellas,Clearwater,33765,"2101 Calumet St, Clearwater, FL, 33765",(727) 446-8355,clearwaterplumbing.com,4.2,125,Plumber,CFC,CFC033850,new,,companies.json (exact_name),ChIJne3t-N_wwogR63rSko3reeQ,https://www.google.com/maps/search/?api=1&query=Clearwater%20Plumbing%20Inc&query_place_id=ChIJne3t-N_wwogR63rSko3reeQ,Unverified,No confirmed PE/public/franchise match; most FL contractors are independently owned — ownership not verified,1
B — Phone + priority county,GALLO PLUMBING SERVICES INC,Plumbing,Independent / Likely Family-Owned (unverified),Sarasota,Sarasota,34233,"5324 Ashton Court, Sarasota, FL, 34233",(941) 544-5686,www.galloplumbingservicesinc.com,4.8,119,Plumber,CFC,CFC1427144,new,,companies.json (exact_name),ChIJCUiEwEpBw4gRj5CbU5p1yCU,https://www.google.com/maps/search/?api=1&query=Gallo%20Plumbing%20Services%2C%20Inc&query_place_id=ChIJCUiEwEpBw4gRj5CbU5p1yCU,Unverified,No confirmed PE/public/franchise match; most FL contractors are independently owned — ownership not verified,1
B — Phone + priority county,"NORDIC PLUMBING, LLC",Plumbing,Independent / Likely Family-Owned (unverified),Lee,Cape Coral,33990,"911 Se 9Th Terrace Unit A, Cape Coral, FL, 33990",(239) 994-0076,nordicplumbingswfl.com,4.9,118,"Plumber, Drainage service",CFC,CFC1429939,new,,companies.json (exact_name),ChIJzbgDOvNH24gRSV4iJnzyW2s,https://www.google.com/maps/search/?api=1&query=Nordic%20Plumbing%20LLC&query_place_id=ChIJzbgDOvNH24gRSV4iJnzyW2s,Unverified,No confirmed PE/public/franchise match; most FL contractors are independently owned — ownership not verified,1
B — Phone + priority county,"UNITED PLUMBING & DRAIN, LLC",Plumbing,Independent / Likely Family-Owned (unverified),Pinellas,Seminole,33772,"12143 88Th Avenue, Seminole, FL, 33772",(813) 576-8639,unitedplumbingdrain.com,4.7,117,"Plumber, Contractor, Drainage service, Service establishment",CFC,CFC1431054,new,,companies.json (exact_name),ChIJU7JvvJa3wogRXK3ki5Akd0Q,https://www.google.com/maps/search/?api=1&query=United%20Plumbing%20%26%20Drain%20LLC&query_place_id=ChIJU7JvvJa3wogRXK3ki5Akd0Q,Unverified,No confirmed PE/public/franchise match; most FL contractors are independently owned — ownership not verified,1
B — Phone + priority county,DU-ALL PLUMBING,Plumbing,Independent / Likely Family-Owned (unverified),Palm Beach,Palm Beach Gardens,33410,"3738 Holiday Rd, Palm Beach Gardens, FL, 33410",(772) 238-6456,www.duallplumbing.com,4.7,116,"Plumber, Drainage service, Septic system service, Sewage disposal service",CFC,CFC1432569,new,,companies.json (exact_name),ChIJvVJ5TkXD3ogRkDoLN-Zm9YQ,https://www.google.com/maps/search/?api=1&query=Du-All%20Plumbing&query_place_id=ChIJvVJ5TkXD3ogRkDoLN-Zm9YQ,Unverified,No confirmed PE/public/franchise match; most FL contractors are independently owned — ownership not verified,1
B — Phone + priority county,REAL AMERICAN PLUMBING LLC,Plumbing,Independent / Likely Family-Owned (unverified),Manatee,Bradenton,34207,"2908 Florida Blvd, Bradenton, FL, 34207",(941) 201-0950,realamericanplumbing.com,5,114,Plumber,CFC,CFC1433106,new,,companies.json (exact_name),ChIJr5kaHRxLkokRU0cQlf9_DwU,https://www.google.com/maps/search/?api=1&query=Real%20American%20Plumbing%20LLC&query_place_id=ChIJr5kaHRxLkokRU0cQlf9_DwU,Unverified,No confirmed PE/public/franchise match; most FL contractors are independently owned — ownership not verified,1
B — Phone + priority county,BILL THE PLUMBER INC,Plumbing,Independent / Likely Family-Owned (unverified),Sarasota,Sarasota,34238,"6020 Deacon Road Suite: F, Sarasota, FL, 34238",(941) 845-6711,www.billtheplumber.com,4,113,"Plumber, Bathroom remodeler, Drainage service, Kitchen remodeler, Pump supplier, Water filter supplier, Water pump supplier, Water softening equipment supplier",CFC,CFC057491,new,,companies.json (exact_name),ChIJsw0mn01Bw4gRkXm-X-GyTb8,https://www.google.com/maps/search/?api=1&query=Bill%20The%20Plumber%2C%20Inc.&query_place_id=ChIJsw0mn01Bw4gRkXm-X-GyTb8,Unverified,No confirmed PE/public/franchise match; most FL contractors are independently owned — ownership not verified,1
B — Phone + priority county,DYNAMIC PLUMBING PLUS INC.,Plumbing,Independent / Likely Family-Owned (unverified),Pinellas,Clearwater,33756,"1280 Lakeview Rd Lot 202, Clearwater, FL, 33756",(727) 616-7066,dynamicplumbingplus.com,5,113,Plumber,CFC,CFC1432382,new,,companies.json (exact_name),ChIJGxiRqhbvwogR-cTf0NpqSNA,https://www.google.com/maps/search/?api=1&query=Dynamic%20Plumbing%20Plus&query_place_id=ChIJGxiRqhbvwogR-cTf0NpqSNA,Unverified,No confirmed PE/public/franchise match; most FL contractors are independently owned — ownership not verified,1
B — Phone + priority county,SAMPLE PLUMBING INC,Plumbing,Independent / Likely Family-Owned (unverified),Hillsborough,Tampa,33629,"4103 W. San Rafael St, Tampa, FL, 33629",(813) 251-0280,sampleplumbinginc.com,4.6,110,"Plumber, Service establishment",CFC,CFC1425683,new,,companies.json (exact_name),ChIJzXFZ-iPDwogRTMYYQO49AaU,https://www.google.com/maps/search/?api=1&query=Sample%20Plumbing%20Inc&query_place_id=ChIJzXFZ-iPDwogRTMYYQO49AaU,Unverified,No confirmed PE/public/franchise match; most FL contractors are independently owned — ownership not verified,1
B — Phone + priority county,SPRINGSTEAD PLUMBING LLC,Plumbing,Independent / Likely Family-Owned (unverified),Pinellas,Seminole,33772,"11972 84Th Ave, Seminole, FL, 33772",(727) 871-0016,www.springsteadplumbing.com,5,110,"Plumber, Service establishment",CFC,CFC1430674,new,,companies.json (exact_name),ChIJ9VllvWT7wogRfWu2gBoGiv4,https://www.google.com/maps/search/?api=1&query=Springstead%20Plumbing&query_place_id=ChIJ9VllvWT7wogRfWu2gBoGiv4,Unverified,No confirmed PE/public/franchise match; most FL contractors are independently owned — ownership not verified,1
B — Phone + priority county,RAHN PLUMBING LLC,Plumbing,Independent / Likely Family-Owned (unverified),Pasco,Hudson,34669,"12748  Circle Lake Dr, Hudson, FL, 34669",(813) 686-7246,www.rahnplumbing.com,5,108,"Plumber, Contractor",RF,RF11067856,new,,companies.json (exact_name),ChIJudj3TpWzcSkRxwGThSdpuec,https://www.google.com/maps/search/?api=1&query=Rahn%20Plumbing%20LLC&query_place_id=ChIJudj3TpWzcSkRxwGThSdpuec,Unverified,No confirmed PE/public/franchise match; most FL contractors are independently owned — ownership not verified,1
B — Phone + priority county,NORTH FORT MYERS PLUMBING INC,Plumbing,Independent / Likely Family-Owned (unverified),Lee,North Ft Myers,33903,"1659 Mansville Terrace, North Ft Myers, FL, 33903",(239) 565-9904,nfmplumbing.com,5,107,Plumber,CFC,CFC057466; CFC1432601,new,,companies.json (exact_name),ChIJFz1JAegQsC4RPXUj2Hvxuf0,https://www.google.com/maps/search/?api=1&query=North%20Fort%20Myers%20Plumbing%20Inc&query_place_id=ChIJFz1JAegQsC4RPXUj2Hvxuf0,Unverified,No confirmed PE/public/franchise match; most FL contractors are independently owned — ownership not verified,2
B — Phone + priority county,DANIEL'S PLUMBING SERVICE INC,Plumbing,Independent / Likely Family-Owned (unverified),Sarasota,Sarasota,34233,"5730 Jason Lee Pl, Sarasota, FL, 34233",(941) 926-7272,www.danielsplumbingservice.com,3.8,106,"Plumber, Drainage service",CFC,CFC054892,new,,companies.json (exact_name),ChIJgZC7ZrNGw4gR2eHVX0jBEHA,https://www.google.com/maps/search/?api=1&query=Daniel's%20Plumbing%20Services&query_place_id=ChIJgZC7ZrNGw4gR2eHVX0jBEHA,Unverified,No confirmed PE/public/franchise match; most FL contractors are independently owned — ownership not verified,1
B — Phone + priority county,T-N-T PRIDE PLUMBING LLC,Plumbing,Independent / Likely Family-Owned (unverified),Lee,Cape Coral,33993,"2626 Nw 25Th Pl, Cape Coral, FL, 33993",(239) 299-5992,www.tntprideplumbing.com,5,104,"Plumber, Service establishment",CFC,CFC1431089,new,,companies.json (exact_name),ChIJ_VZ7ywM3sasRl6uwnHQMhN8,https://www.google.com/maps/search/?api=1&query=T-N-T%20PRIDE%20PLUMBING%2C%20LLC&query_place_id=ChIJ_VZ7ywM3sasRl6uwnHQMhN8,Unverified,No confirmed PE/public/franchise match; most FL contractors are independently owned — ownership not verified,1
B — Phone + priority county,TRUE PLUMBING LLC,Plumbing,Independent / Likely Family-Owned (unverified),Broward,Plantation,33317,"649 N Bel Air Dr, Plantation, FL, 33317",(941) 212-1239,www.trueplumbing4u.com,4.8,104,"Plumber, Service establishment",CFC,CFC1432550,new,,companies.json (exact_name),ChIJybMfxVQ3w4gRJdSDdrhdnAU,https://www.google.com/maps/search/?api=1&query=True%20Plumbing%20Service%2C%20Inc.&query_place_id=ChIJybMfxVQ3w4gRJdSDdrhdnAU,Unverified,No confirmed PE/public/franchise match; most FL contractors are independently owned — ownership not verified,1
B — Phone + priority county,TRUE PLUMBING SERVICE INC,Plumbing,Independent / Likely Family-Owned (unverified),Manatee,Sun City,33573,"15323 Broad Brush Drive, Sun City, FL, 33573",(941) 212-1239,www.trueplumbing4u.com,4.8,104,"Plumber, Service establishment",CFC,CFC1427279,new,,companies.json (exact_name),ChIJybMfxVQ3w4gRJdSDdrhdnAU,https://www.google.com/maps/search/?api=1&query=True%20Plumbing%20Service%2C%20Inc.&query_place_id=ChIJybMfxVQ3w4gRJdSDdrhdnAU,Unverified,No confirmed PE/public/franchise match; most FL contractors are independently owned — ownership not verified,1
B — Phone + priority county,ADVANCED PLUMBING SOLUTIONS & DESIGN LLC,Plumbing,Independent / Likely Family-Owned (unverified),Sarasota,Nokomis,34274,"P.O. Box 2O6, Nokomis, FL, 34274",(941) 278-4284,www.sarasotalicensedplumber.com,4.9,101,Plumber,CFC,CFC1428814,new,,companies.json (exact_name),ChIJAQAMOipbw4gR6ruzsAYBxJU,https://www.google.com/maps/search/?api=1&query=Advanced%20Plumbing%20Solutions%20%26%20Design%2C%20LLC&query_place_id=ChIJAQAMOipbw4gR6ruzsAYBxJU,Unverified,No confirmed PE/public/franchise match; most FL contractors are independently owned — ownership not verified,1
B — Phone + priority county,R CARR INC,Plumbing,Independent / Likely Family-Owned (unverified),Pinellas,Safety Harbor,34695-3504,"250-9Th Ave No, Safety Harbor, FL, 34695-3504",(727) 725-1687,,4.5,101,Plumber,CFC,CFC019221; CFC1431512,new,,companies.json (exact_name),ChIJ4dQELWHuwogRFDRzJ9smpAs,https://www.google.com/maps/search/?api=1&query=R%20Carr%20Inc%20Plumbing&query_place_id=ChIJ4dQELWHuwogRFDRzJ9smpAs,Unverified,No confirmed PE/public/franchise match; most FL contractors are independently owned — ownership not verified,2
B — Phone + priority county,"SUMMERS PLUMBING SERVICE, INC.",Plumbing,Independent / Likely Family-Owned (unverified),Collier,Naples,34116,"5790 Dogwood Way, Naples, FL, 34116",(239) 435-1822,spsnaples.com,4.7,101,Plumber,CFC,CFC042960,new,,companies.json (exact_name),ChIJoxGNphId24gRnB9YiU6V7z4,https://www.google.com/maps/search/?api=1&query=Summers%20Plumbing%20Service&query_place_id=ChIJoxGNphId24gRnB9YiU6V7z4,Unverified,No confirmed PE/public/franchise match; most FL contractors are independently owned — ownership not verified,1
B — Phone + priority county,GOLDEN AIR AND PLUMBING LLC,Plumbing + HVAC,Independent / Likely Family-Owned (unverified),Broward,Deerfield Beach,33441,"455 Fairway Dr #223, Deerfield Beach, FL, 33441",(239) 899-4653,www.goldenplumbingfl.com,5,100,"Plumber, Gas installation service, Gasfitter","CAC, CFC",CAC1823096; CFC1433781,new,,companies.json (exact_name),ChIJ2zwVBhhH24gRHAlXefg68sk,https://www.google.com/maps/search/?api=1&query=Golden%20Plumbing&query_place_id=ChIJ2zwVBhhH24gRHAlXefg68sk,Unverified,No confirmed PE/public/franchise match; most FL contractors are independently owned — ownership not verified,2
B — Phone + priority county,GOLDEN PLUMBING LLC,Plumbing,Independent / Likely Family-Owned (unverified),Collier,Naples,34103,"2614 9Th Street North Suite 101, Naples, FL, 34103",(239) 899-4653,www.goldenplumbingfl.com,5,100,"Plumber, Gas installation service, Gasfitter",CFC,CFC1431057,new,,companies.json (exact_name),ChIJ2zwVBhhH24gRHAlXefg68sk,https://www.google.com/maps/search/?api=1&query=Golden%20Plumbing&query_place_id=ChIJ2zwVBhhH24gRHAlXefg68sk,Unverified,No confirmed PE/public/franchise match; most FL contractors are independently owned — ownership not verified,1
B — Phone + priority county,TROPICAL INC,HVAC,Independent / Likely Family-Owned (unverified),Sarasota,Sarasota,34232,"419  Houle Ave., Sarasota, FL, 34232",(239) 542-0787,tropicalplumbingco.com,4.8,100,Plumber,CAC,CAC055514,new,,companies.json (exact_name),ChIJDWW1hKs424gRfuWEPNtzwoc,https://www.google.com/maps/search/?api=1&query=Tropical%20Plumbing%20Co&query_place_id=ChIJDWW1hKs424gRfuWEPNtzwoc,Unverified,No confirmed PE/public/franchise match; most FL contractors are independently owned — ownership not verified,1
B — Phone + priority county,TROPICAL PLUMBING CO.,Plumbing,Independent / Likely Family-Owned (unverified),Lee,Fort Myers,33966,"11220 Metro Parkway Unit #26, Fort Myers, FL, 33966",(239) 542-0787,tropicalplumbingco.com,4.8,100,Plumber,CFC,CFC1431517,new,,companies.json (exact_name),ChIJDWW1hKs424gRfuWEPNtzwoc,https://www.google.com/maps/search/?api=1&query=Tropical%20Plumbing%20Co&query_place_id=ChIJDWW1hKs424gRfuWEPNtzwoc,Unverified,No confirmed PE/public/franchise match; most FL contractors are independently owned — ownership not verified,1
B — Phone + priority county,"MCGRATH PLUMBING, DRAINS & WATER HEATERS OF NAPLES, LLC",Plumbing,Independent / Likely Family-Owned (unverified),Collier,Naples,34103,"3201 Tamiami Trail N, Naples, FL, 34103",(239) 376-3077,www.mcgrathplumbingnaples.com,5,99,Plumber,CFC,CFC1432700,new,,companies.json (exact_name),ChIJrWpY76bh2ogRw26-sj_W6IE,https://www.google.com/maps/search/?api=1&query=Mcgrath%20Plumbing%2C%20Drains%20%26%20Water%20Heaters%20Of%20Naples&query_place_id=ChIJrWpY76bh2ogRw26-sj_W6IE,Unverified,No confirmed PE/public/franchise match; most FL contractors are independently owned — ownership not verified,1
B — Phone + priority county,"HANCOCK PLUMBING, INC.",Plumbing,Independent / Likely Family-Owned (unverified),Collier,Naples,34104,"4573 Exchange Ave #6, Naples, FL, 34104",(239) 352-1853,www.hancockplumbing.com,4.9,98,Plumber,CFC,CFC1428957,new,,companies.json (exact_name),ChIJ0XQd2Uf92ogR5b462wqsrKs,https://www.google.com/maps/search/?api=1&query=Hancock%20Plumbing%20Inc&query_place_id=ChIJ0XQd2Uf92ogR5b462wqsrKs,Unverified,No confirmed PE/public/franchise match; most FL contractors are independently owned — ownership not verified,1
B — Phone + priority county,THS PLUMBING,Plumbing,Independent / Likely Family-Owned (unverified),Sarasota,Sarasota,34233,"4073 Sawyer Ct #1, Sarasota, FL, 34233",(941) 306-7975,thsplumbing.us,5,97,"Plumber, Bathroom remodeler, Drainage service, Excavating contractor, Gas installation service, Gasfitter, Hot water system supplier, Pump supplier",CFC,CFC1431304,new,,companies.json (exact_name),ChIJO9OAuI1Bw4gReO-mdaLnFNs,https://www.google.com/maps/search/?api=1&query=THS%20Plumbing&query_place_id=ChIJO9OAuI1Bw4gReO-mdaLnFNs,Unverified,No confirmed PE/public/franchise match; most FL contractors are independently owned — ownership not verified,1
B — Phone + priority county,"ULTRA PLUMBING & DRAIN CLEANING, INC",Plumbing,Independent / Likely Family-Owned (unverified),Lee,Cape Coral,33909,"414 Ne 14Th Place, Cape Coral, FL, 33909",(239) 203-7047,ultraplumbingservice.com,5,97,Plumber,CFC,CFC1430549,new,,companies.json (exact_name),ChIJLW6P_BVB24gRNPsBa_i8M4I,https://www.google.com/maps/search/?api=1&query=Ultra%20Plumbing%20%26%20Drain%20Cleaning%2C%20Inc.&query_place_id=ChIJLW6P_BVB24gRNPsBa_i8M4I,Unverified,No confirmed PE/public/franchise match; most FL contractors are independently owned — ownership not verified,1
B — Phone + priority county,PLUMBER JOE LLC,Plumbing,Independent / Likely Family-Owned (unverified),Lee,Fort Myers,33901,"2345 Jeffcott St, Fort Myers, FL, 33901",(239) 244-5784,plumberjoellc.com,5,96,"Plumber, Service establishment",CFC,CFC1432130,new,,companies.json (exact_name),ChIJeVIBpn-TxAURZYhqBS_0fGI,https://www.google.com/maps/search/?api=1&query=Joe%20the%20Plumber%2C%20Inc.&query_place_id=ChIJeVIBpn-TxAURZYhqBS_0fGI,Unverified,No confirmed PE/public/franchise match; most FL contractors are independently owned — ownership not verified,1
B — Phone + priority county,WYMAN PLUMBING INC,Plumbing,Independent / Likely Family-Owned (unverified),Manatee,Tallevast,34270,"Po Box 131, Tallevast, FL, 34270",(941) 755-1595,www.wymanplumbing.com,4.1,95,"Plumber, Plumbing supply store",CFC,CFC1432641; CFCA57644,new,,companies.json (exact_name),ChIJCeEPIm8Ww4gRf8Wh1qENZ_g,https://www.google.com/maps/search/?api=1&query=Wyman%20Plumbing&query_place_id=ChIJCeEPIm8Ww4gRf8Wh1qENZ_g,Unverified,No confirmed PE/public/franchise match; most FL contractors are independently owned — ownership not verified,2
B — Phone + priority county,YOUR PLUMBER LLC,Plumbing,Independent / Likely Family-Owned (unverified),Lee,Fort Myers,33916,"3420 Willard St, Fort Myers, FL, 33916",(239) 771-9892,yourplumberllc.com,4.9,95,"Plumber, Service establishment",CFC,CFC1431176,new,,companies.json (exact_name),ChIJbR5t98avNowRBzSV3jMolsE,https://www.google.com/maps/search/?api=1&query=Your%20Plumber%20LLC&query_place_id=ChIJbR5t98avNowRBzSV3jMolsE,Unverified,No confirmed PE/public/franchise match; most FL contractors are independently owned — ownership not verified,1
B — Phone + priority county,"ALLEN'S PLUMBING, INC.",Plumbing,Independent / Likely Family-Owned (unverified),Pinellas,St. Petersburg,33714,"4219 54Th Avenue North, St. Petersburg, FL, 33714",(727) 546-6261,allensplumbinginc.com,3.6,93,"Plumber, Excavating contractor, Plumbing supply store",CFC,CFC057696,new,,companies.json (exact_name),ChIJBSvgxoHjwogRox-mm2laxog,https://www.google.com/maps/search/?api=1&query=Allen's%20Plumbing%20Inc&query_place_id=ChIJBSvgxoHjwogRox-mm2laxog,Unverified,No confirmed PE/public/franchise match; most FL contractors are independently owned — ownership not verified,1
B — Phone + priority county,GREATER BAY PLUMBING,Plumbing,Independent / Likely Family-Owned (unverified),Sarasota,Sarasota,34240,"2250 Bern Creek Lp, Sarasota, FL, 34240",(941) 809-5849,greaterbayplumbing.com,4.6,93,Plumber,CFC,CFC1427633,new,,companies.json (exact_name),ChIJ_____w9Ew4gRXw-AUNziLZM,https://www.google.com/maps/search/?api=1&query=Greater%20Bay%20Plumbing%20LLC&query_place_id=ChIJ_____w9Ew4gRXw-AUNziLZM,Unverified,No confirmed PE/public/franchise match; most FL contractors are independently owned — ownership not verified,1
B — Phone + priority county,"GOODE PLUMBING, INC",Plumbing,Independent / Likely Family-Owned (unverified),Lee,Lehigh Acres,33974,"727 Bedford Point Ave, Lehigh Acres, FL, 33974",(239) 440-3801,www.goodeplumbing.org,4.8,87,"Plumber, Service establishment",CFC,CFC1429794,new,,companies.json (exact_name),ChIJibN48q1024gRKFRgt3qEPSQ,https://www.google.com/maps/search/?api=1&query=Goode%20Plumbing&query_place_id=ChIJibN48q1024gRKFRgt3qEPSQ,Unverified,No confirmed PE/public/franchise match; most FL contractors are independently owned — ownership not verified,1
B — Phone + priority county,KG PLUMBING SERVICES OF NWFL LLC,Plumbing,Independent / Likely Family-Owned (unverified),Hillsborough,Tampa,33605,"2610  E Clark St Unit 2, Tampa, FL, 33605",(850) 902-4558,www.kgplumbingnwfl.com,4.9,87,Plumber,CFC,CFC1429596,new,,companies.json (exact_name),ChIJjQ3vkfQNkYgRcHepje8lnDc,https://www.google.com/maps/search/?api=1&query=KG%20Plumbing%20Services%20of%20NWFL&query_place_id=ChIJjQ3vkfQNkYgRcHepje8lnDc,Unverified,No confirmed PE/public/franchise match; most FL contractors are independently owned — ownership not verified,1
B — Phone + priority county,ROYAL KING PLUMBING LLC,Plumbing,Independent / Likely Family-Owned (unverified),Pinellas,Seminole,33776,"12933 83Rd Ave, Seminole, FL, 33776",(800) 990-6514,www.royalkingplumbing.com,5,87,Plumber,CFC,CFC057189,new,,companies.json (exact_name),ChIJET79VIrlwogRb4sA1wgAtjg,https://www.google.com/maps/search/?api=1&query=Royal%20King%20Plumbing&query_place_id=ChIJET79VIrlwogRb4sA1wgAtjg,Unverified,No confirmed PE/public/franchise match; most FL contractors are independently owned — ownership not verified,1
B — Phone + priority county,"KUMA PLUMBING AND DRAIN, LLC",Plumbing,Independent / Likely Family-Owned (unverified),Hillsborough,Riverview,33578,"8312 Arabian Dunes Place, Riverview, FL, 33578",(813) 724-0380,www.kumaplumbingdrain.com,4.9,85,"Plumber, Contractor, Drainage service, Service establishment, Repair service",CFC,CFC1432309,new,,companies.json (exact_name),ChIJJ4fbq2nTQEMRGfFqXbRiz_s,https://www.google.com/maps/search/?api=1&query=Kuma%20Plumbing%20and%20Drain&query_place_id=ChIJJ4fbq2nTQEMRGfFqXbRiz_s,Unverified,No confirmed PE/public/franchise match; most FL contractors are independently owned — ownership not verified,1
B — Phone + priority county,THE PLUMBING WORKS INC.,Plumbing,Independent / Likely Family-Owned (unverified),St. Lucie,Port St Lucie,34986,"2178 Reserve Park Trace, Port St Lucie, FL, 34986",(772) 336-7272,www.theplumbingworksinc.com,4.8,84,Plumber,CFC,CFC1428419,new,,companies.json (exact_name),ChIJS2UfFWfq3ogRKsictyb_3Rw,https://www.google.com/maps/search/?api=1&query=The%20Plumbing%20Works%20Inc&query_place_id=ChIJS2UfFWfq3ogRKsictyb_3Rw,Unverified,No confirmed PE/public/franchise match; most FL contractors are independently owned — ownership not verified,1
B — Phone + priority county,VECTOR PLUMBING LLC,Plumbing,Independent / Likely Family-Owned (unverified),Hillsborough,Brandon,33510,"909 Oak Hollow Pl, Brandon, FL, 33510",(850) 816-0150,vectorrestores.com,4.9,83,"Plumber, Contractor, Remodeler",CFC,CFC1433863,new,,companies.json (exact_name),ChIJE1liODyGO4YRp5_h5Vh4lgg,https://www.google.com/maps/search/?api=1&query=Vector%20Plumbing&query_place_id=ChIJE1liODyGO4YRp5_h5Vh4lgg,Unverified,No confirmed PE/public/franchise match; most FL contractors are independently owned — ownership not verified,1
B — Phone + priority county,"CITRUS PLUMBING OF VENICE, INC.",Plumbing,Independent / Likely Family-Owned (unverified),Sarasota,Nokomis,34275,"715 Florence St, Nokomis, FL, 34275",(941) 484-4990,citrusplumbingfl.com,4.8,82,"Plumber, Bathroom remodeler, Drainage service, Kitchen remodeler",CFC,CFC1431621; CFC1432531,new,,companies.json (exact_name),ChIJ6ywxwDdaw4gRAnA6clCCd1I,https://www.google.com/maps/search/?api=1&query=Citrus%20Plumbing%20of%20Venice%2C%20Inc.&query_place_id=ChIJ6ywxwDdaw4gRAnA6clCCd1I,Unverified,No confirmed PE/public/franchise match; most FL contractors are independently owned — ownership not verified,2
B — Phone + priority county,A PLUS COOLING LLC,Mechanical,Independent / Likely Family-Owned (unverified),Miami-Dade,Miami,33186,"12763 Sw 146Th Ln, Miami, FL, 33186",(352) 584-7549,,4.8,81,Plumber,CMC,CMC1251833,new,,companies.json (exact_name),ChIJL9p1MZsf6IgRVr-n_E4i7Ac,https://www.google.com/maps/search/?api=1&query=A%20Plus%20Plumbing&query_place_id=ChIJL9p1MZsf6IgRVr-n_E4i7Ac,Unverified,No confirmed PE/public/franchise match; most FL contractors are independently owned — ownership not verified,1
B — Phone + priority county,A-PLUS,HVAC,Independent / Likely Family-Owned (unverified),Hillsborough,Sun City Center,33571,"Po Box 5568, Sun City Center, FL, 33571",(352) 584-7549,,4.8,81,Plumber,CAC,CAC1816456,new,,companies.json (exact_name),ChIJL9p1MZsf6IgRVr-n_E4i7Ac,https://www.google.com/maps/search/?api=1&query=A%20Plus%20Plumbing&query_place_id=ChIJL9p1MZsf6IgRVr-n_E4i7Ac,Unverified,No confirmed PE/public/franchise match; most FL contractors are independently owned — ownership not verified,1
B — Phone + priority county,MONARCH OF PLUMBING LLC,Plumbing,Independent / Likely Family-Owned (unverified),Palm Beach,West Palm Beach,33405,"3300 S.Dixie Hwy #1133, West Palm Beach, FL, 33405",(863) 385-0517,www.monarchplumb.com,4.8,81,Plumber,CFC,CFC1427425,new,,companies.json (exact_name),ChIJXbKuaMpX3IgRYkySVYMVJXM,https://www.google.com/maps/search/?api=1&query=Monarch%20Plumbing%20Inc&query_place_id=ChIJXbKuaMpX3IgRYkySVYMVJXM,Unverified,No confirmed PE/public/franchise match; most FL contractors are independently owned — ownership not verified,1
B — Phone + priority county,"C. LACEY PLUMBING, INC.",Plumbing,Independent / Likely Family-Owned (unverified),Pinellas,Clearwater,33760,"1855 Oak Street, Clearwater, FL, 33760",(727) 581-9883,claceyplumbing.com,4.5,79,Plumber,CFC,CFC1432281,new,,companies.json (exact_name),ChIJ1TF0yZ7wwogRCCm7kSMe6rs,https://www.google.com/maps/search/?api=1&query=C.%20Lacey%20Plumbing&query_place_id=ChIJ1TF0yZ7wwogRCCm7kSMe6rs,Unverified,No confirmed PE/public/franchise match; most FL contractors are independently owned — ownership not verified,1
B — Phone + priority county,CAPE CORAL AIR CONDITIONING LLC,HVAC,Independent / Likely Family-Owned (unverified),Lee,Cape Coral,33990,"1415 Se 21St St, Cape Coral, FL, 33990",(239) 693-4714,www.capecoralplumbing.com,4.5,79,Plumber,CAC,CAC1823670,new,,companies.json (exact_name),ChIJszUiSGdp24gRqWsreOuf_Bc,https://www.google.com/maps/search/?api=1&query=Cape%20Coral%20Plumbing%20Inc&query_place_id=ChIJszUiSGdp24gRqWsreOuf_Bc,Unverified,No confirmed PE/public/franchise match; most FL contractors are independently owned — ownership not verified,1
B — Phone + priority county,CAPE CORAL PLUMBING INC,Plumbing,Independent / Likely Family-Owned (unverified),Lee,Ft. Myers,33905,"5812 Enterprise Pkwy, Ft. Myers, FL, 33905",(239) 693-4714,www.capecoralplumbing.com,4.5,79,Plumber,CFC,CFC1430931,new,,companies.json (exact_name),ChIJszUiSGdp24gRqWsreOuf_Bc,https://www.google.com/maps/search/?api=1&query=Cape%20Coral%20Plumbing%20Inc&query_place_id=ChIJszUiSGdp24gRqWsreOuf_Bc,Unverified,No confirmed PE/public/franchise match; most FL contractors are independently owned — ownership not verified,1
B — Phone + priority county,WHISKEY CREEK PLUMBING LLC,Plumbing,Independent / Likely Family-Owned (unverified),Lee,Fort Myers,33967,"8123 Caloosa Rd, Fort Myers, FL, 33967",(239) 785-9022,www.whiskeycreekplumbing.com,5,79,"Plumber, Drainage service, Service establishment, Swimming pool repair service, Water treatment supplier",CFC,CFC1431877,new,,companies.json (exact_name),ChIJ92XJQXNB24gRFCTfM6GG6-k,https://www.google.com/maps/search/?api=1&query=Whiskey%20Creek%20Plumbing&query_place_id=ChIJ92XJQXNB24gRFCTfM6GG6-k,Unverified,No confirmed PE/public/franchise match; most FL contractors are independently owned — ownership not verified,1
B — Phone + priority county,ALL AMERICAN COOLING INC,Mechanical,Independent / Likely Family-Owned (unverified),Broward,Plantation,33317,"891 Renmar Drive, Plantation, FL, 33317",(727) 943-8300,allamericanplumbingservices.com,4.6,78,"Plumber, Bathroom remodeler, Kitchen remodeler, Water treatment supplier",CMC,CMC1250339,new,,companies.json (exact_name),ChIJ4-jiyBiSwogRxO-OBSASUBw,https://www.google.com/maps/search/?api=1&query=All%20American%20Plumbing%20Services&query_place_id=ChIJ4-jiyBiSwogRxO-OBSASUBw,Unverified,No confirmed PE/public/franchise match; most FL contractors are independently owned — ownership not verified,1
B — Phone + priority county,ALL AMERICAN PLUMBING LLC,Plumbing,Independent / Likely Family-Owned (unverified),Pasco,New Port Richey,34655,"3152  Little Rd. Ste. 120, New Port Richey, FL, 34655",(727) 943-8300,allamericanplumbingservices.com,4.6,78,"Plumber, Bathroom remodeler, Kitchen remodeler, Water treatment supplier",CFC,CFC1428832,new,,companies.json (exact_name),ChIJ4-jiyBiSwogRxO-OBSASUBw,https://www.google.com/maps/search/?api=1&query=All%20American%20Plumbing%20Services&query_place_id=ChIJ4-jiyBiSwogRxO-OBSASUBw,Unverified,No confirmed PE/public/franchise match; most FL contractors are independently owned — ownership not verified,1
B — Phone + priority county,SWIFTLINE PLUMBING LLC,Plumbing,Independent / Likely Family-Owned (unverified),St. Lucie,Port St Lucie,34987,"11186 Sw Kingslake Circle, Port St Lucie, FL, 34987",(772) 359-0005,swiftlineplumbing.com,4.8,75,"Plumber, Drainage service, Hot water system supplier, Septic system service, Water filter supplier, Water treatment supplier",CFC,CFC1428759,new,,companies.json (exact_name),ChIJRZEY9pzt3ogRsHtDyZp7-No,https://www.google.com/maps/search/?api=1&query=Swiftline%20Plumbing%20LLC&query_place_id=ChIJRZEY9pzt3ogRsHtDyZp7-No,Unverified,No confirmed PE/public/franchise match; most FL contractors are independently owned — ownership not verified,1
B — Phone + priority county,ALERT AIR INC,HVAC,Independent / Likely Family-Owned (unverified),Broward,Miramar,33023,"2270 Acapulco Drive, Miramar, FL, 33023",(863) 494-6794,www.alertplumbing.com,4.3,74,Plumber,CAC,CAC1816525,new,,companies.json (exact_name),ChIJ2W7puVS53IgRDdQhFQ1_bRI,https://www.google.com/maps/search/?api=1&query=Alert%20Plumbing%20Service&query_place_id=ChIJ2W7puVS53IgRDdQhFQ1_bRI,Unverified,No confirmed PE/public/franchise match; most FL contractors are independently owned — ownership not verified,1
B — Phone + priority county,A-1 SOUTHERN PLUMBING,Plumbing,Independent / Likely Family-Owned (unverified),Pasco,Holiday,34690,"2940 Grand Blvd, Holiday, FL, 34690",(727) 845-8090,www.a1southernplumbing.net,3.5,73,Plumber,RF,RF0044431,new,,companies.json (exact_name),ChIJLdZWI-mQwogRhzC1JHoUp2A,https://www.google.com/maps/search/?api=1&query=A-1%20Southern%20Plumbing&query_place_id=ChIJLdZWI-mQwogRhzC1JHoUp2A,Unverified,No confirmed PE/public/franchise match; most FL contractors are independently owned — ownership not verified,1
B — Phone + priority county,"MCNATT PLUMBING COMPANY, LLC",Plumbing,Independent / Likely Family-Owned (unverified),Hillsborough,Tampa,33619,"5800 E. Broadway Avenue, Tampa, FL, 33619",(813) 971-6100,www.mcnattplumbing.com,3.9,73,Plumber,CFC,CFC045185,new,,companies.json (exact_name),ChIJw2yhoonFwogR907-RZdbwIc,https://www.google.com/maps/search/?api=1&query=McNatt%20Plumbing%20Company%20Inc.&query_place_id=ChIJw2yhoonFwogR907-RZdbwIc,Unverified,No confirmed PE/public/franchise match; most FL contractors are independently owned — ownership not verified,1
B — Phone + priority county,R ACRES PLUMBING CO LLC,Plumbing,Independent / Likely Family-Owned (unverified),Collier,Naples,34109,"1911 Seward Ave Suite 3, Naples, FL, 34109",(239) 598-0800,www.acresplumbing.com,4.7,70,Plumber,CFC,CFC1425770,new,,companies.json (exact_name),ChIJScpMLnYe24gRre9eMnuiQPU,https://www.google.com/maps/search/?api=1&query=R%20Acres%20Plumbing%20Co%2C%20LLC&query_place_id=ChIJScpMLnYe24gRre9eMnuiQPU,Unverified,No confirmed PE/public/franchise match; most FL contractors are independently owned — ownership not verified,1
B — Phone + priority county,THE PLUMBING COMPANY OF THE TREASURE COAST INC,Plumbing,Independent / Likely Family-Owned (unverified),Martin,Palm City,34990,"2095  Sw Mapp Rd, Palm City, FL, 34990",(772) 223-8688,www.theplumbingco.net,4.4,70,"Plumber, Construction equipment supplier, Water softening equipment supplier",CFC,CFC1425875; CFC1426630,new,,companies.json (exact_name),ChIJh2RbOQLD3ogRP2YON0kTh3k,https://www.google.com/maps/search/?api=1&query=The%20Plumbing%20Company%20of%20the%20Treasure%20Coast&query_place_id=ChIJh2RbOQLD3ogRP2YON0kTh3k,Unverified,No confirmed PE/public/franchise match; most FL contractors are independently owned — ownership not verified,2
B — Phone + priority county,LELAND PLUMBING CONTRACTORS,Plumbing,Independent / Likely Family-Owned (unverified),Pinellas,Kenneth City,33709,"6095 54Th Ave North, Kenneth City, FL, 33709",(727) 381-1111,www.facebook.com/pg/Leland-Plumbing-Contractors-Inc-2152577788303499/about,4.6,69,Plumber,CFC,CFC1429299,new,,companies.json (exact_name),ChIJaaj2o8_iwogRijHGOf3r-g8,https://www.google.com/maps/search/?api=1&query=Leland%20Plumbing%20Contractors&query_place_id=ChIJaaj2o8_iwogRijHGOf3r-g8,Unverified,No confirmed PE/public/franchise match; most FL contractors are independently owned — ownership not verified,1
B — Phone + priority county,MONAHAN'S PLUMBING INC,Plumbing,Independent / Likely Family-Owned (unverified),Lee,Cape Coral,33914,"627  Cape Coral Parkway Unit 202, Cape Coral, FL, 33914",(239) 541-9527,www.monahansplumbing.com,4.9,69,Plumber,CFC,CFC032576,new,,companies.json (exact_name),ChIJu7m1bqI424gRfLmFxL5wvGY,https://www.google.com/maps/search/?api=1&query=Monahan's%20Plumbing&query_place_id=ChIJu7m1bqI424gRfLmFxL5wvGY,Unverified,No confirmed PE/public/franchise match; most FL contractors are independently owned — ownership not verified,1
B — Phone + priority county,"SPECIALTY PLUMBING AND DRAINS, LLC",Plumbing,Independent / Likely Family-Owned (unverified),Sarasota,Venice,34293,"4504 Alligator Dr, Venice, FL, 34293",(941) 310-2014,www.specialtyplumbinganddrains.com,5,69,Plumber,CFC,CFC1434124,new,,companies.json (exact_name),ChIJ9_SqFFhZw4gR9MYLibpDIho,https://www.google.com/maps/search/?api=1&query=Specialty%20Plumbing%20and%20Drains%2C%20LLC&query_place_id=ChIJ9_SqFFhZw4gR9MYLibpDIho,Unverified,No confirmed PE/public/franchise match; most FL contractors are independently owned — ownership not verified,1
B — Phone + priority county,CROWN COOLING LLC,HVAC,Independent / Likely Family-Owned (unverified),Lee,Fort Myers,33913,"827 Nyasa Ave, Fort Myers, FL, 33913",(850) 682-4440,thecrownplumbing.com,4.4,68,"Plumber, Septic system service",CAC,CAC1819721,new,,companies.json (exact_name),ChIJz6o-Wm4LkYgRIMfMTY5KNPk,https://www.google.com/maps/search/?api=1&query=Crown%20Plumbing&query_place_id=ChIJz6o-Wm4LkYgRIMfMTY5KNPk,Unverified,No confirmed PE/public/franchise match; most FL contractors are independently owned — ownership not verified,1
B — Phone + priority county,TRANQUILITY PLUMBING INC,Plumbing,Independent / Likely Family-Owned (unverified),Lee,Fort Myers,33916,"4306 Kernel Circle, Fort Myers, FL, 33916",(239) 939-3000,tranquilityplumbing.com,4.7,68,"Plumber, Contractor",CFC,CFC057314,new,,companies.json (exact_name),ChIJ673_t41q24gRmTL8E9DHBvY,https://www.google.com/maps/search/?api=1&query=TRANQUILITY%20PLUMBING%2C%20INC.&query_place_id=ChIJ673_t41q24gRmTL8E9DHBvY,Unverified,No confirmed PE/public/franchise match; most FL contractors are independently owned — ownership not verified,1
B — Phone + priority county,ANYTIME PLUMBING OF CENTRAL FLORIDA INC,Plumbing,Independent / Likely Family-Owned (unverified),Pasco,Land O' Lakes,34639,"8141 Ehren Cutoff, Land O' Lakes, FL, 34639",(813) 792-2264,plumbinganytime.com,4.3,67,Plumber,CFC,CFC1425923,new,,companies.json (exact_name),ChIJ_ZycoB--wogRyb9mSz2DrAI,https://www.google.com/maps/search/?api=1&query=Anytime%20Plumbing%20of%20Central%20Florida&query_place_id=ChIJ_ZycoB--wogRyb9mSz2DrAI,Unverified,No confirmed PE/public/franchise match; most FL contractors are independently owned — ownership not verified,1
B — Phone + priority county,HILL & HILL PLUMBING CO.,Plumbing,Independent / Likely Family-Owned (unverified),Sarasota,Venice,34285,"249 Grove Street South, Venice, FL, 34285",(941) 488-2665,www.hillandhillplumbing.com,4.6,67,Plumber,CFC,CFC055681,new,,companies.json (exact_name),ChIJeWT-9LJbw4gRKltiTGJPJGQ,https://www.google.com/maps/search/?api=1&query=Hill%20%26%20Hill%20Plumbing%20Co&query_place_id=ChIJeWT-9LJbw4gRKltiTGJPJGQ,Unverified,No confirmed PE/public/franchise match; most FL contractors are independently owned — ownership not verified,1
B — Phone + priority county,HUSKY PLUMBING PROS INC,Plumbing,Independent / Likely Family-Owned (unverified),Miami-Dade,Hialeah,33018,"17545 Nw 91 Ct, Hialeah, FL, 33018",(239) 788-6186,www.huskyplumbingpros.net,4.4,67,"Plumber, Drainage service, Dry wall contractor, Service establishment, General contractor",CFC,CFC1433091,new,,companies.json (exact_name),ChIJw2YKqXo04EIRDjSHmxkXR5c,https://www.google.com/maps/search/?api=1&query=Husky%20Plumbing%20Pros&query_place_id=ChIJw2YKqXo04EIRDjSHmxkXR5c,Unverified,No confirmed PE/public/franchise match; most FL contractors are independently owned — ownership not verified,1
B — Phone + priority county,"DOLPHIN PLUMBING AND DRAIN, INC",Plumbing,Independent / Likely Family-Owned (unverified),Lee,Fort Myers,33966,"6241  Arc Way Unit A, Fort Myers, FL, 33966",(239) 810-3311,www.dolphinplumbingdrain.com,4.8,66,"Plumber, Drainage service",CFC,CFC1430260,new,,companies.json (fuzzy_1.00),ChIJ5ZFkTQkV24gRyQIfzpBoJkM,https://www.google.com/maps/search/?api=1&query=Dolphin%20Plumbing%20%26%20Drain%20Inc.&query_place_id=ChIJ5ZFkTQkV24gRyQIfzpBoJkM,Unverified,No confirmed PE/public/franchise match; most FL contractors are independently owned — ownership not verified,1
B — Phone + priority county,PLUMBING SERVICES BY GUS,Plumbing + HVAC,Independent / Likely Family-Owned (unverified),Pinellas,Tampa,33619,"1429 Massaro Blvd, Tampa, FL, 33619",(727) 734-8804,plumbingbygus.com,4.6,66,Plumber,"CFC, CMC, RF",CFC1428321; CMC056854; RF11067142,new,,companies.json (exact_name),ChIJW3-7O5TzwogRYmqjcu3YYJA,https://www.google.com/maps/search/?api=1&query=Plumbing%20Services%20By%20Gus&query_place_id=ChIJW3-7O5TzwogRYmqjcu3YYJA,Unverified,No confirmed PE/public/franchise match; most FL contractors are independently owned — ownership not verified,3
B — Phone + priority county,KEN LEONARD PLUMBING INC,Plumbing,Independent / Likely Family-Owned (unverified),Pasco,New Port Richey,34652,"7380 Jasmine Dr, New Port Richey, FL, 34652",(727) 534-6417,www.kenleonardplumbing.com,4.5,65,"Plumber, Bathroom remodeler",CFC,CFC1426830,new,,companies.json (exact_name),ChIJl74-6mGawogRWDJdi6U_nXM,https://www.google.com/maps/search/?api=1&query=Ken%20Leonard%20Plumbing%20Inc.&query_place_id=ChIJl74-6mGawogRWDJdi6U_nXM,Unverified,No confirmed PE/public/franchise match; most FL contractors are independently owned — ownership not verified,1
B — Phone + priority county,FIRST CLASS,Plumbing + HVAC,Independent / Likely Family-Owned (unverified),Lee,Cape Coral,33909,"1036 Ne Pine Island Rd Unit 1, Cape Coral, FL, 33909",(239) 597-9997,www.firstclassplumbinginc.com,4,63,Plumber,"CAC, CFC",CAC011453; CAC1818222; CFC022605,new,,companies.json (exact_name),ChIJKwA0bGgd24gR6WjVYYc912E,https://www.google.com/maps/search/?api=1&query=First%20Class%20Plumbing%20of%20Florida%2C%20Inc.&query_place_id=ChIJKwA0bGgd24gR6WjVYYc912E,Unverified,No confirmed PE/public/franchise match; most FL contractors are independently owned — ownership not verified,3
B — Phone + priority county,"FIRST CLASS PLUMBING OF FLORIDA, INC.",Plumbing,Independent / Likely Family-Owned (unverified),Collier,Naples,34117,"3875 31St Ave Sw, Naples, FL, 34117",(239) 597-9997,www.firstclassplumbinginc.com,4,63,Plumber,CFC,CFC1429800,new,,companies.json (exact_name),ChIJKwA0bGgd24gR6WjVYYc912E,https://www.google.com/maps/search/?api=1&query=First%20Class%20Plumbing%20of%20Florida%2C%20Inc.&query_place_id=ChIJKwA0bGgd24gR6WjVYYc912E,Unverified,No confirmed PE/public/franchise match; most FL contractors are independently owned — ownership not verified,1
B — Phone + priority county,"SUPERIOR PLUMBING MAINTENANCE, LLC",Plumbing,Independent / Likely Family-Owned (unverified),Sarasota,Sarasota,34232,"753  Cattlemen Rd Unit 3, Sarasota, FL, 34232",(941) 217-8139,www.superiorplumbingfl.com,5,62,Plumber,CFC,CFC1431426,new,,companies.json (exact_name),ChIJ_5tuMVWYoUMR47ikcG5jC8M,https://www.google.com/maps/search/?api=1&query=Superior%20Plumbing%20Maintenance%20LLC&query_place_id=ChIJ_5tuMVWYoUMR47ikcG5jC8M,Unverified,No confirmed PE/public/franchise match; most FL contractors are independently owned — ownership not verified,1
B — Phone + priority county,"WEST COAST PLUMBING & WATER TREATMENT, LLC",Plumbing,Independent / Likely Family-Owned (unverified),Lee,Fort Myers,33912,"5651 Halifax Avenue Suite 3, Fort Myers, FL, 33912",(239) 340-8224,www.plumbingandwater.com,4.7,62,"Plumber, Water purification company",CFC,CFC1427865,new,,companies.json (exact_name),ChIJFVVwLiVw24gRsiGrAivzcac,https://www.google.com/maps/search/?api=1&query=West%20Coast%20Plumbing%20%26%20Water%20Treatment%20LLC.&query_place_id=ChIJFVVwLiVw24gRsiGrAivzcac,Unverified,No confirmed PE/public/franchise match; most FL contractors are independently owned — ownership not verified,1
B — Phone + priority county,FITZPATRICK PLUMBING INC,Plumbing,Independent / Likely Family-Owned (unverified),St. Lucie,Ft Pierce,34979-2117,"P O Box 12117, Ft Pierce, FL, 34979-2117",(772) 464-5115,www.fitzpatrickplumbingfl.com,4.5,61,"Plumber, Drainage service",CFC,CFC029701,new,,companies.json (exact_name),ChIJIQsYMTvu3ogRmliZ5IrbfBI,https://www.google.com/maps/search/?api=1&query=Fitzpatrick%20Plumbing%20Inc&query_place_id=ChIJIQsYMTvu3ogRmliZ5IrbfBI,Unverified,No confirmed PE/public/franchise match; most FL contractors are independently owned — ownership not verified,1
B — Phone + priority county,STRAHORN PLUMBING LLC,Plumbing,Independent / Likely Family-Owned (unverified),Pinellas,Pinellas Park,33781,"6555 44Th St North Unit 2014, Pinellas Park, FL, 33781",(727) 202-6010,www.strahornplumbing.com,5,61,"Plumber, Construction company, Contractor",CFC,CFC1430216,new,,companies.json (exact_name),ChIJwarIZgDjwogRIMPguHg9tjI,https://www.google.com/maps/search/?api=1&query=Strahorn%20Plumbing%20LLC&query_place_id=ChIJwarIZgDjwogRIMPguHg9tjI,Unverified,No confirmed PE/public/franchise match; most FL contractors are independently owned — ownership not verified,1
B — Phone + priority county,SHERMAN PLUMBING INC,Plumbing,Independent / Likely Family-Owned (unverified),St. Lucie,Port Saint Lucie,34952,"1193 Se Port Saint Lucie Blvd. #237, Port Saint Lucie, FL, 34952",(561) 746-2000,www.homeadvisor.com/rated.ShermanPlumbingInc.52746684.html,5,60,"Plumber, Service establishment",CFC,CFC021454,new,,companies.json (exact_name),ChIJ0WdgtQoC2YgRg-VONZFRhhE,https://www.google.com/maps/search/?api=1&query=Sherman%20Plumbing%20Inc&query_place_id=ChIJ0WdgtQoC2YgRg-VONZFRhhE,Unverified,No confirmed PE/public/franchise match; most FL contractors are independently owned — ownership not verified,1
B — Phone + priority county,"BC PLUMBING & DRAIN, INC.",Plumbing,Independent / Likely Family-Owned (unverified),Collier,Naples,34114,"3899 Mannix Drive #421, Naples, FL, 34114",(239) 455-5040,www.bcplumbingswfl.com,4.7,58,Plumber,CFC,CFC1426225,new,,companies.json (exact_name),ChIJsxmy_Ov92ogR94CHs6WrQkM,https://www.google.com/maps/search/?api=1&query=BC%20PLUMBING%20%26%20DRAIN%20INC.&query_place_id=ChIJsxmy_Ov92ogR94CHs6WrQkM,Unverified,No confirmed PE/public/franchise match; most FL contractors are independently owned — ownership not verified,1
B — Phone + priority county,"FRANZESE PLUMBING, INC.",Plumbing,Independent / Likely Family-Owned (unverified),Lee,Cape Coral,33993,"2220 Nw 25Th Place, Cape Coral, FL, 33993",(239) 574-4121,www.franzeseplumbing.com,4.2,58,Plumber,CFC,CFC1432009; CFC1432126,new,,companies.json (exact_name),ChIJVVVVVXHh2ogRh4K-AZtSTHU,https://www.google.com/maps/search/?api=1&query=Franzese%20Plumbing%20Inc.&query_place_id=ChIJVVVVVXHh2ogRh4K-AZtSTHU,Unverified,No confirmed PE/public/franchise match; most FL contractors are independently owned — ownership not verified,2
B — Phone + priority county,"ACME ELECTRICAL SERVICES, INC.",HVAC,Independent / Likely Family-Owned (unverified),Hillsborough,Tampa,33604,"6707 N Rome Ave, Tampa, FL, 33604",(850) 389-2155,www.acmeplumbingdestin.com,4.2,57,Plumber,CAC,CAC1818526,new,,companies.json (exact_name),ChIJXcgFwOJDkYgRDTP6WkAZ4HI,https://www.google.com/maps/search/?api=1&query=Acme%20Plumbing&query_place_id=ChIJXcgFwOJDkYgRDTP6WkAZ4HI,Unverified,No confirmed PE/public/franchise match; most FL contractors are independently owned — ownership not verified,1
B — Phone + priority county,BATTON PLUMBING CO INC,Plumbing,Independent / Likely Family-Owned (unverified),Pinellas,St. Petersburg,33713-8903,"1709 1St Ave N, St. Petersburg, FL, 33713-8903",(727) 822-3282,www.battonplumbing.com,4.5,57,Plumber,CFC,CFC1427765; CFC1433053,new,,companies.json (exact_name),ChIJN-tnyi3iwogRTelWkA6zqo0,https://www.google.com/maps/search/?api=1&query=Batton%20Plumbing%20Co%20Inc&query_place_id=ChIJN-tnyi3iwogRTelWkA6zqo0,Unverified,No confirmed PE/public/franchise match; most FL contractors are independently owned — ownership not verified,2
B — Phone + priority county,ARISTOCRAT PLUMBING INC,Plumbing,Independent / Likely Family-Owned (unverified),Lee,Lehigh Acres,33971,"300  Leonard Blvd., North, Lehigh Acres, FL, 33971",(239) 274-7993,,4.4,55,Plumber,CFC,CFC056897,new,,companies.json (exact_name),ChIJlTWuERls24gRdM4U85AnWLc,https://www.google.com/maps/search/?api=1&query=Aristocrat%20Plumbing&query_place_id=ChIJlTWuERls24gRdM4U85AnWLc,Unverified,No confirmed PE/public/franchise match; most FL contractors are independently owned — ownership not verified,1
B — Phone + priority county,JOHNNIE JONES PLUMBING CO,Plumbing,Independent / Likely Family-Owned (unverified),Pinellas,St Petersburg,33713,"4369  31 Avenue North, St Petersburg, FL, 33713",(727) 323-2300,johnnie-co-inc.jany.io,4.1,55,Plumber,CFC,CFC1427395,new,,companies.json (exact_name),ChIJYde2kbjjwogRPWfaue_EAUQ,https://www.google.com/maps/search/?api=1&query=Johnnie%20Jones%20Plumbing%20Co%20Inc&query_place_id=ChIJYde2kbjjwogRPWfaue_EAUQ,Unverified,No confirmed PE/public/franchise match; most FL contractors are independently owned — ownership not verified,1
B — Phone + priority county,"PALMETTO PLUMBING, INC",Plumbing,Independent / Likely Family-Owned (unverified),Manatee,Palmetto,34221,"427 9Th Ave West, Palmetto, FL, 34221",(941) 722-2812,,4.3,55,Plumber,CFC,CFC1425835; CFC1425836,new,,companies.json (exact_name),ChIJ5dDXlsIXw4gR1mBA0kpEOPk,https://www.google.com/maps/search/?api=1&query=Palmetto%20Plumbing%20Inc&query_place_id=ChIJ5dDXlsIXw4gR1mBA0kpEOPk,Unverified,No confirmed PE/public/franchise match; most FL contractors are independently owned — ownership not verified,2
B — Phone + priority county,PHILLIPS PLUMBING,Plumbing,Independent / Likely Family-Owned (unverified),Sarasota,Sarasota,34234,"894 47Th St, Sarasota, FL, 34234",(941) 756-8454,phillipsplumbinginc.com,4.5,55,"Plumber, Plumbing supply store",CFC,CFC024517; CFC1425805; CFC1428059,new,,companies.json (exact_name),ChIJuT9ocNY_w4gReW4hfnXPU9w,https://www.google.com/maps/search/?api=1&query=Phillips%20Plumbing&query_place_id=ChIJuT9ocNY_w4gReW4hfnXPU9w,Unverified,No confirmed PE/public/franchise match; most FL contractors are independently owned — ownership not verified,3
B — Phone + priority county,TRUE PLUMBERS,Plumbing,Independent / Likely Family-Owned (unverified),Hillsborough,Seffner,33584,"827 John Cressler Drive, Seffner, FL, 33584",(813) 435-9031,trueplumbers.com,5,55,"Plumber, Air conditioning contractor, Service establishment, HVAC contractor",CFC,CFC1428965,new,,companies.json (fuzzy_1.00),ChIJfayCivyxwogRORO6yCw12ig,https://www.google.com/maps/search/?api=1&query=True%20Plumbers%20%26%20AC&query_place_id=ChIJfayCivyxwogRORO6yCw12ig,Unverified,No confirmed PE/public/franchise match; most FL contractors are independently owned — ownership not verified,1
B — Phone + priority county,A-PLUS PLUMBING SERVICES,Plumbing,Independent / Likely Family-Owned (unverified),Sarasota,Sarasota,34235,"3866 Melgert Lane, Sarasota, FL, 34235",(772) 532-7676,aplusplumbingverobeach.com,4.9,54,"Plumber, Pipe supplier, Repair service",CFC,CFC1426294; CFC1427832,new,,companies.json (exact_name),ChIJL9p1MZsf6IgRVr-n_E4i7Ac,https://www.google.com/maps/search/?api=1&query=A%20Plus%20Plumbing&query_place_id=ChIJL9p1MZsf6IgRVr-n_E4i7Ac,Unverified,No confirmed PE/public/franchise match; most FL contractors are independently owned — ownership not verified,2
B — Phone + priority county,PARAMOUNT AIR CONDITIONING INC,HVAC,Independent / Likely Family-Owned (unverified),Miami-Dade,Miami,33184,"1310 Sw 135Th Place, Miami, FL, 33184",(407) 292-9891,paramountplumbing.com,4.3,52,"Plumber, Drainage service",CAC,CAC1816453,new,,companies.json (exact_name),ChIJp8pHoAh554gRC-0kQFZJtu8,https://www.google.com/maps/search/?api=1&query=Paramount%20Plumbing%20Inc&query_place_id=ChIJp8pHoAh554gRC-0kQFZJtu8,Unverified,No confirmed PE/public/franchise match; most FL contractors are independently owned — ownership not verified,1
B — Phone + priority county,PARAMOUNT AIR LLC,HVAC,Independent / Likely Family-Owned (unverified),Manatee,Bradenton,34211,"12143 Cranston Way, Bradenton, FL, 34211",(407) 292-9891,paramountplumbing.com,4.3,52,"Plumber, Drainage service",CAC,CAC1820366,new,,companies.json (exact_name),ChIJp8pHoAh554gRC-0kQFZJtu8,https://www.google.com/maps/search/?api=1&query=Paramount%20Plumbing%20Inc&query_place_id=ChIJp8pHoAh554gRC-0kQFZJtu8,Unverified,No confirmed PE/public/franchise match; most FL contractors are independently owned — ownership not verified,1
B — Phone + priority county,PARAMOUNT PLUMBING INC,Plumbing,Independent / Likely Family-Owned (unverified),Orange,Orlando,32835,"5831 W Church Street, Orlando, FL, 32835",(407) 292-9891,paramountplumbing.com,4.3,52,"Plumber, Drainage service",CFC,CFC1430116,new,,companies.json (exact_name),ChIJp8pHoAh554gRC-0kQFZJtu8,https://www.google.com/maps/search/?api=1&query=Paramount%20Plumbing%20Inc&query_place_id=ChIJp8pHoAh554gRC-0kQFZJtu8,Unverified,No confirmed PE/public/franchise match; most FL contractors are independently owned — ownership not verified,1
B — Phone + priority county,PARAMOUNT PLUMBING SERVICES LLC,Plumbing,Independent / Likely Family-Owned (unverified),Broward,Pembroke Pines,33024,"130 Nw 77Th Way, Pembroke Pines, FL, 33024",(407) 292-9891,paramountplumbing.com,4.3,52,"Plumber, Drainage service",CFC,CFC1430059,new,,companies.json (exact_name),ChIJp8pHoAh554gRC-0kQFZJtu8,https://www.google.com/maps/search/?api=1&query=Paramount%20Plumbing%20Inc&query_place_id=ChIJp8pHoAh554gRC-0kQFZJtu8,Unverified,No confirmed PE/public/franchise match; most FL contractors are independently owned — ownership not verified,1
B — Phone + priority county,"BUCKEYE PLUMBING OF SOUTHWEST FLORIDA, INC.",Plumbing,Independent / Likely Family-Owned (unverified),Collier,Naples,34116,"6235 Lancewood Way, Naples, FL, 34116",(239) 438-6662,www.buckeyeplumbinginc.com,4.4,51,"Plumber, Service establishment",CFC,CFC1429403,new,,companies.json (exact_name),ChIJVSF3_zgd24gREt9Hfucd8CE,https://www.google.com/maps/search/?api=1&query=Buckeye%20Plumbing%20Of%20Southwest%20Florida%20Inc&query_place_id=ChIJVSF3_zgd24gREt9Hfucd8CE,Unverified,No confirmed PE/public/franchise match; most FL contractors are independently owned — ownership not verified,1
B — Phone + priority county,JOEL'S PLUMBING INC,Plumbing,Independent / Likely Family-Owned (unverified),Lee,St. James City,33956,"5582 Doug Taylor Circle, St. James City, FL, 33956",(239) 283-7888,,4.8,51,Plumber,CFC,CFC1427077,new,,companies.json (exact_name),ChIJNV5KdJFJ24gRGVogNfxPTv8,https://www.google.com/maps/search/?api=1&query=Joel's%20Plumbing%20Inc&query_place_id=ChIJNV5KdJFJ24gRGVogNfxPTv8,Unverified,No confirmed PE/public/franchise match; most FL contractors are independently owned — ownership not verified,1
B — Phone + priority county,JOEL'S PLUMBING SERVICES INC,Plumbing,Independent / Likely Family-Owned (unverified),Hillsborough,Lutz,33548,"701 Deer Lake Drive West, Lutz, FL, 33548",(239) 283-7888,,4.8,51,Plumber,CFC,CFC025580,new,,companies.json (exact_name),ChIJNV5KdJFJ24gRGVogNfxPTv8,https://www.google.com/maps/search/?api=1&query=Joel's%20Plumbing%20Inc&query_place_id=ChIJNV5KdJFJ24gRGVogNfxPTv8,Unverified,No confirmed PE/public/franchise match; most FL contractors are independently owned — ownership not verified,1
B — Phone + priority county,SPARTAN AIR CONDITIONING,HVAC,Independent / Likely Family-Owned (unverified),Pasco,Land O' Lakes,34639,"23624 Shining Star Dr, Land O' Lakes, FL, 34639",(941) 202-5562,www.spartanplumbing.us,5,51,Plumber,CAC,CAC1819761,new,,companies.json (exact_name),ChIJoddlUII5w4gRNLSa978ioYI,https://www.google.com/maps/search/?api=1&query=Spartan%20Plumbing&query_place_id=ChIJoddlUII5w4gRNLSa978ioYI,Unverified,No confirmed PE/public/franchise match; most FL contractors are independently owned — ownership not verified,1
B — Phone + priority county,"SPARTAN PLUMBING, LLC",Plumbing,Independent / Likely Family-Owned (unverified),Lee,Fort Myers,33912,"10916 Cherry Laurel Dr, Fort Myers, FL, 33912",(941) 202-5562,www.spartanplumbing.us,5,51,Plumber,CFC,CFC1432624; CFC1434700,new,,companies.json (exact_name),ChIJoddlUII5w4gRNLSa978ioYI,https://www.google.com/maps/search/?api=1&query=Spartan%20Plumbing&query_place_id=ChIJoddlUII5w4gRNLSa978ioYI,Unverified,No confirmed PE/public/franchise match; most FL contractors are independently owned — ownership not verified,2
B — Phone + priority county,APOLLO BEACH PLUMBING INC,Plumbing,Independent / Likely Family-Owned (unverified),Hillsborough,Apollo Beach,33572,"135 Silver Falls Drive, Apollo Beach, FL, 33572",(813) 645-0300,www.apollobeachplumbinginc.com,4.6,50,Plumber,CFC,CFC1426427,new,,companies.json (exact_name),ChIJEY9R1zLYwogRMLlhnZuJn6E,https://www.google.com/maps/search/?api=1&query=Apollo%20Beach%20Plumbing&query_place_id=ChIJEY9R1zLYwogRMLlhnZuJn6E,Unverified,No confirmed PE/public/franchise match; most FL contractors are independently owned — ownership not verified,1
B — Phone + priority county,H&H AIR CONDITIONING INC.,HVAC,Independent / Likely Family-Owned (unverified),Duval,Jacksonville,32234,"5255 Manning Cemetery Road, Jacksonville, FL, 32234",(772) 778-3194,besharpcallharp.com,4.6,50,Plumber,CAC,CAC1824355,new,,companies.json (exact_name),ChIJu5R7dIT13ogR1ZGxU8mMXGw,https://www.google.com/maps/search/?api=1&query=H%26H%20Plumbing&query_place_id=ChIJu5R7dIT13ogR1ZGxU8mMXGw,Unverified,No confirmed PE/public/franchise match; most FL contractors are independently owned — ownership not verified,1
B — Phone + priority county,H&H PLUMBING,Plumbing,Independent / Likely Family-Owned (unverified),Palm Beach,Delray Beach,33446,"9984 Marsala Way, Delray Beach, FL, 33446",(772) 778-3194,besharpcallharp.com,4.6,50,Plumber,CFC,CFC1431851,new,,companies.json (exact_name),ChIJu5R7dIT13ogR1ZGxU8mMXGw,https://www.google.com/maps/search/?api=1&query=H%26H%20Plumbing&query_place_id=ChIJu5R7dIT13ogR1ZGxU8mMXGw,Unverified,No confirmed PE/public/franchise match; most FL contractors are independently owned — ownership not verified,1
B — Phone + priority county,MOON PLUMBING OF SW FLORIDA INC,Plumbing,Independent / Likely Family-Owned (unverified),Lee,North Fort Myers,33917,"16451 Williams Rd, North Fort Myers, FL, 33917",(239) 728-6800,moonplumbingswfl.com,4.2,49,Plumber,CFC,CFC1426618,new,,companies.json (exact_name),ChIJVVVVVQUV24gRgztKD9LUROU,https://www.google.com/maps/search/?api=1&query=Moon%20Plumbing%20of%20SW%20Florida&query_place_id=ChIJVVVVVQUV24gRgztKD9LUROU,Unverified,No confirmed PE/public/franchise match; most FL contractors are independently owned — ownership not verified,1
B — Phone + priority county,HEARTLAND PLUMBING LLC,Plumbing,Independent / Likely Family-Owned (unverified),Lee,Cape Coral,33990,"105  Se 12Th Ave., Cape Coral, FL, 33990",(239) 333-7807,heartlandplumbingfl.com,4.9,47,"Plumber, Service establishment",CFC,CFC1429341,new,,companies.json (exact_name),ChIJzd70Wl5G24gRcLkZ2jSKbYs,https://www.google.com/maps/search/?api=1&query=Heartland%20Plumbing%20LLC&query_place_id=ChIJzd70Wl5G24gRcLkZ2jSKbYs,Unverified,No confirmed PE/public/franchise match; most FL contractors are independently owned — ownership not verified,1
B — Phone + priority county,DAVIS JR PLUMBING INC,Plumbing,Independent / Likely Family-Owned (unverified),Lee,Cape Coral,33991,"2131 Sw 19Th Pl, Cape Coral, FL, 33991",(239) 558-8599,www.davisjrplumbing.com,4.2,46,Plumber,CFC,CFC1427580,new,,companies.json (exact_name),ChIJKbOtybZH24gRbCsNXbUWK44,https://www.google.com/maps/search/?api=1&query=Davis%20Jr.%20Plumbing%2C%20Inc.&query_place_id=ChIJKbOtybZH24gRbCsNXbUWK44,Unverified,No confirmed PE/public/franchise match; most FL contractors are independently owned — ownership not verified,1
B — Phone + priority county,HERSHMAN PLUMBING INC,Plumbing,Independent / Likely Family-Owned (unverified),Sarasota,Sarasota,34234,"1818  Mango Ave, Sarasota, FL, 34234",(941) 365-8800,hershmanplumbing.com,4.9,46,Plumber,CFC,CFC1426615,new,,companies.json (exact_name),ChIJL_3_g91Bw4gR66_x9qnbnWo,https://www.google.com/maps/search/?api=1&query=Hershman%20Plumbing%2C%20Inc.&query_place_id=ChIJL_3_g91Bw4gR66_x9qnbnWo,Unverified,No confirmed PE/public/franchise match; most FL contractors are independently owned — ownership not verified,1
B — Phone + priority county,PUR PLUMBING INC,Plumbing,Independent / Likely Family-Owned (unverified),Pasco,Port Richey,34673,"Po Box 40, Port Richey, FL, 34673",(727) 475-1474,www.purplumbingservice.com,4.6,46,"Plumber, Boiler supplier, Drainage service, Gas installation service, Water softening equipment supplier",CFC,CFC1427929,new,,companies.json (exact_name),ChIJF6m9zzOSwogR19OS2bSBmq4,https://www.google.com/maps/search/?api=1&query=Pur%20Plumbing%20Inc&query_place_id=ChIJF6m9zzOSwogR19OS2bSBmq4,Unverified,No confirmed PE/public/franchise match; most FL contractors are independently owned — ownership not verified,1
B — Phone + priority county,A-STONE PLUMBING COMPANY OF HILLSBOROUGH COUNTY,Plumbing,Independent / Likely Family-Owned (unverified),Hillsborough,Apollo Beach,33572,"6302 Wisteria Lane, Apollo Beach, FL, 33572",(813) 681-1900,www.plumberoftampa.com,4,45,"Plumber, Air conditioning contractor, Service establishment, Gasfitter, Heating contractor, HVAC contractor",CFC,CFC1427778; CFC1433207,new,,companies.json (exact_name),ChIJU8YnjO7OwogRtISSEdVWHCo,https://www.google.com/maps/search/?api=1&query=A-Stone%20Plumbing%20Company%20of%20Hillsborough%20County&query_place_id=ChIJU8YnjO7OwogRtISSEdVWHCo,Unverified,No confirmed PE/public/franchise match; most FL contractors are independently owned — ownership not verified,2
B — Phone + priority county,AIR ON TIME INC,HVAC,Independent / Likely Family-Owned (unverified),Palm Beach,Loxahatchee,33470,"14326  Key Lime Blvd., Loxahatchee, FL, 33470",(813) 867-0300,,4.5,45,"Plumber, Drainage service",CAC,CAC1814514,new,,companies.json (exact_name),ChIJ3XFGf8e5wogRktLWzIyXutc,https://www.google.com/maps/search/?api=1&query=On%20Time%20Plumbing%20Services&query_place_id=ChIJ3XFGf8e5wogRktLWzIyXutc,Unverified,No confirmed PE/public/franchise match; most FL contractors are independently owned — ownership not verified,1
B — Phone + priority county,ALL PURPOSE PLUMBING LLC,Plumbing,Independent / Likely Family-Owned (unverified),Palm Beach,Jupiter,33458,"703  Kriss Lane, Jupiter, FL, 33458",(813) 368-1574,,4.7,45,Plumber,CFC,CFC1428006; CFC1430028,new,,companies.json (exact_name),ChIJtYiwa-7AwogROzT28TEHc6s,https://www.google.com/maps/search/?api=1&query=All%20Purpose%20Plumbing&query_place_id=ChIJtYiwa-7AwogROzT28TEHc6s,Unverified,No confirmed PE/public/franchise match; most FL contractors are independently owned — ownership not verified,2
B — Phone + priority county,AQUA DIMENSIONS PLUMBING SERVICES INC,Plumbing,Independent / Likely Family-Owned (unverified),Martin,Palm City,34990,"9733 Southwest Santa Monica Drive, Palm City, FL, 34990",(772) 344-8433,www.aquadimensions.com,3.5,45,Plumber,CFC,CFC057526,new,,companies.json (exact_name),ChIJPYjMt-Hr3ogR5cPrjvUCVNw,https://www.google.com/maps/search/?api=1&query=Aqua%20Dimensions%20Plumbing%20Services%2C%20Inc.&query_place_id=ChIJPYjMt-Hr3ogR5cPrjvUCVNw,Unverified,No confirmed PE/public/franchise match; most FL contractors are independently owned — ownership not verified,1
B — Phone + priority county,KURTZ PLUMBING,Plumbing,Independent / Likely Family-Owned (unverified),Sarasota,North Port,34291,"8735 Westward Drive, North Port, FL, 34291",(941) 480-0780,www.kurtzplumbing.com,4.7,45,"Plumber, Bathroom remodeler, Kitchen remodeler",CFC,CFC1426122,new,,companies.json (exact_name),ChIJzTCkSHtQw4gRcAQdpMsJaQw,https://www.google.com/maps/search/?api=1&query=Kurtz%20Plumbing&query_place_id=ChIJzTCkSHtQw4gRcAQdpMsJaQw,Unverified,No confirmed PE/public/franchise match; most FL contractors are independently owned — ownership not verified,1
B — Phone + priority county,SERVICE ON TIME INC,HVAC,Independent / Likely Family-Owned (unverified),Orange,Orlando,32837,"11310 South Orange Blossom Trail Suite 154, Orlando, FL, 32837",(813) 867-0300,,4.5,45,"Plumber, Drainage service",CAC,CAC1820747,new,,companies.json (exact_name),ChIJ3XFGf8e5wogRktLWzIyXutc,https://www.google.com/maps/search/?api=1&query=On%20Time%20Plumbing%20Services&query_place_id=ChIJ3XFGf8e5wogRktLWzIyXutc,Unverified,No confirmed PE/public/franchise match; most FL contractors are independently owned — ownership not verified,1
B — Phone + priority county,"SUNSHINE AIR CONDITIONING, LLC",Plumbing + HVAC,Independent / Likely Family-Owned (unverified),Broward,Davie,33325,"14033 North Forest Oak Circle, Davie, FL, 33325",(239) 324-6776,sunshineplumbingservice.com,5,45,"Plumber, Service establishment","CAC, CFC",CAC1821436; CFC1431296,new,,companies.json (exact_name),ChIJESXt0OZB24gRqo_G5FwC2z0,https://www.google.com/maps/search/?api=1&query=Sunshine%20Plumbing%20Services%2C%20LLC&query_place_id=ChIJESXt0OZB24gRqo_G5FwC2z0,Unverified,No confirmed PE/public/franchise match; most FL contractors are independently owned — ownership not verified,2
B — Phone + priority county,"SUNSHINE AIR HVAC, INC",HVAC,Independent / Likely Family-Owned (unverified),Miami-Dade,Miami,33176,"8897  Sw 129Th. Street, Miami, FL, 33176",(239) 324-6776,sunshineplumbingservice.com,5,45,"Plumber, Service establishment",CAC,CAC1816076,new,,companies.json (exact_name),ChIJESXt0OZB24gRqo_G5FwC2z0,https://www.google.com/maps/search/?api=1&query=Sunshine%20Plumbing%20Services%2C%20LLC&query_place_id=ChIJESXt0OZB24gRqo_G5FwC2z0,Unverified,No confirmed PE/public/franchise match; most FL contractors are independently owned — ownership not verified,1
B — Phone + priority county,SUNSHINE AIR INC,HVAC,Independent / Likely Family-Owned (unverified),Miami-Dade,Cutler Bay,33190,"21991 Sw 98Th  Avenue, Cutler Bay, FL, 33190",(239) 324-6776,sunshineplumbingservice.com,5,45,"Plumber, Service establishment",CAC,CAC1816158,new,,companies.json (exact_name),ChIJESXt0OZB24gRqo_G5FwC2z0,https://www.google.com/maps/search/?api=1&query=Sunshine%20Plumbing%20Services%2C%20LLC&query_place_id=ChIJESXt0OZB24gRqo_G5FwC2z0,Unverified,No confirmed PE/public/franchise match; most FL contractors are independently owned — ownership not verified,1
B — Phone + priority county,SUNSHINE PLUMBING OF FLORIDA INC.,Plumbing,Independent / Likely Family-Owned (unverified),Lee,Lehigh Acres,33974,"1002 Fayette Ave, Lehigh Acres, FL, 33974",(239) 324-6776,sunshineplumbingservice.com,5,45,"Plumber, Service establishment",CFC,CFC1429281,new,,companies.json (exact_name),ChIJESXt0OZB24gRqo_G5FwC2z0,https://www.google.com/maps/search/?api=1&query=Sunshine%20Plumbing%20Services%2C%20LLC&query_place_id=ChIJESXt0OZB24gRqo_G5FwC2z0,Unverified,No confirmed PE/public/franchise match; most FL contractors are independently owned — ownership not verified,1
B — Phone + priority county,"SUNSHINE PLUMBING SERVICES, LLC",Plumbing,Independent / Likely Family-Owned (unverified),Lee,North Fort Myers,33903,"5716 Inverness Circle, North Fort Myers, FL, 33903",(239) 324-6776,sunshineplumbingservice.com,5,45,"Plumber, Service establishment",CFC,CFC1429748; CFC1433229,new,,companies.json (exact_name),ChIJESXt0OZB24gRqo_G5FwC2z0,https://www.google.com/maps/search/?api=1&query=Sunshine%20Plumbing%20Services%2C%20LLC&query_place_id=ChIJESXt0OZB24gRqo_G5FwC2z0,Unverified,No confirmed PE/public/franchise match; most FL contractors are independently owned — ownership not verified,2
B — Phone + priority county,"ACKERMAN PLUMBING, LLC",Plumbing,Independent / Likely Family-Owned (unverified),Manatee,Sarasota,34243,"2151 Whitfield Industrial Way, Sarasota, FL, 34243",(941) 755-7448,www.ackermanplumbing.com,4.7,44,Plumber,CFC,CFC1426477,new,,companies.json (exact_name),ChIJ-_tPh04_w4gRAc2pu3R48Tk,https://www.google.com/maps/search/?api=1&query=Ackerman%20Plumbing%20LLC&query_place_id=ChIJ-_tPh04_w4gRAc2pu3R48Tk,Unverified,No confirmed PE/public/franchise match; most FL contractors are independently owned — ownership not verified,1
B — Phone + priority county,FINLAY PLUMBING LLC,Plumbing,Independent / Likely Family-Owned (unverified),Lee,Fort Myers,33966,"6532 Abbott St, Fort Myers, FL, 33966",(239) 309-5364,www.finlayplumbingllc.com,5,43,Plumber,CFC,CFC1431161,new,,companies.json (exact_name),ChIJE0aT9s5PdqsRHYLKi-r0Rv4,https://www.google.com/maps/search/?api=1&query=Finlay%20Plumbing%20LLC&query_place_id=ChIJE0aT9s5PdqsRHYLKi-r0Rv4,Unverified,No confirmed PE/public/franchise match; most FL contractors are independently owned — ownership not verified,1
B — Phone + priority county,JCP PLUMBING INC,Plumbing,Independent / Likely Family-Owned (unverified),Collier,Naples,34104,"4277  Exchange Ave. Suite 4, Naples, FL, 34104",(239) 417-0163,jcpplumbingnaples.com,4.5,43,Plumber,CFC,CFC1426717,new,,companies.json (exact_name),ChIJ_UGY_j_i2ogRqBgQWPSNy0U,https://www.google.com/maps/search/?api=1&query=JCP%20Plumbing%20Inc.&query_place_id=ChIJ_UGY_j_i2ogRqBgQWPSNy0U,Unverified,No confirmed PE/public/franchise match; most FL contractors are independently owned — ownership not verified,1
B — Phone + priority county,PRIVETTE PLUMBING INC,Plumbing,Independent / Likely Family-Owned (unverified),Collier,Naples,34101,"PO Box 10220 PO BOX, Naples, FL, 34101",(239) 596-5533,privetteplumbinginc.com,4.3,43,Plumber,CFC,CFC1426890,new,,companies.json (exact_name),ChIJ_dInCBfi2ogRGFEaj6Mx2ns,https://www.google.com/maps/search/?api=1&query=Privette%20Plumbing%2C%20Inc.&query_place_id=ChIJ_dInCBfi2ogRGFEaj6Mx2ns,Unverified,No confirmed PE/public/franchise match; most FL contractors are independently owned — ownership not verified,1
B — Phone + priority county,WATERSHED PLUMBING SERVICES INC,Plumbing,Independent / Likely Family-Owned (unverified),Hillsborough,Tampa,33610,"4200 Lankford Drive, Tampa, FL, 33610",(813) 701-8058,watershed-plumbing.com,5,43,"Plumber, Service establishment, Water damage restoration service, Water softening equipment supplier",CFC,CFC1426295,new,,companies.json (exact_name),ChIJjT6AFxe5wogRxbyssSN0f3s,https://www.google.com/maps/search/?api=1&query=Watershed%20Plumbing&query_place_id=ChIJjT6AFxe5wogRxbyssSN0f3s,Unverified,No confirmed PE/public/franchise match; most FL contractors are independently owned — ownership not verified,1
B — Phone + priority county,FRIEND'S PLUMBING INC,Plumbing,Independent / Likely Family-Owned (unverified),Pinellas,Oldsmar,34677,"325 Mears Blvd Suite 100, Oldsmar, FL, 34677",(727) 786-4462,www.friendsplumbing.com/palm-harbor,4.7,42,"Plumber, Service establishment",CFC,CFC025577; CFC1432417,new,,companies.json (exact_name),ChIJob6vZKTywogRo_zJgeW9AxM,https://www.google.com/maps/search/?api=1&query=Friend's%20Plumbing&query_place_id=ChIJob6vZKTywogRo_zJgeW9AxM,Unverified,No confirmed PE/public/franchise match; most FL contractors are independently owned — ownership not verified,2
B — Phone + priority county,MONROE PLUMBING INC,Plumbing,Independent / Likely Family-Owned (unverified),Manatee,Palmetto,34221,"406 21St Ave W, Palmetto, FL, 34221",(941) 479-7923,monroeplumbingfl.com,4.8,42,Plumber,CFC,CFC057846,new,,companies.json (exact_name),ChIJGzHOxr0Xw4gRZXpYpZm7zb8,https://www.google.com/maps/search/?api=1&query=Monroe%20Plumbing%20Inc.&query_place_id=ChIJGzHOxr0Xw4gRZXpYpZm7zb8,Unverified,No confirmed PE/public/franchise match; most FL contractors are independently owned — ownership not verified,1
B — Phone + priority county,TRADITION PLUMBING SERVICES LLC,Plumbing,Independent / Likely Family-Owned (unverified),St. Lucie,Port St Lucie,34953,"1502 Sw Santander Ave, Port St Lucie, FL, 34953",(772) 877-1258,traditionplumbingllc.com,5,42,Plumber,CFC,CFC1433471,new,,companies.json (exact_name),ChIJJYs3_CDr3ogRcMgnuY-j7xc,https://www.google.com/maps/search/?api=1&query=Tradition%20Plumbing%2C%20LLC&query_place_id=ChIJJYs3_CDr3ogRcMgnuY-j7xc,Unverified,No confirmed PE/public/franchise match; most FL contractors are independently owned — ownership not verified,1
B — Phone + priority county,"TRADITION PLUMBING, LLC",Plumbing,Independent / Likely Family-Owned (unverified),St. Lucie,Port St Lucie,34953,"1599  Sw Hextel Ave, Port St Lucie, FL, 34953",(772) 877-1258,traditionplumbingllc.com,5,42,Plumber,CFC,CFC1430459,new,,companies.json (exact_name),ChIJJYs3_CDr3ogRcMgnuY-j7xc,https://www.google.com/maps/search/?api=1&query=Tradition%20Plumbing%2C%20LLC&query_place_id=ChIJJYs3_CDr3ogRcMgnuY-j7xc,Unverified,No confirmed PE/public/franchise match; most FL contractors are independently owned — ownership not verified,1
B — Phone + priority county,DRAIN FLO PLUMBING LLC,Plumbing,Independent / Likely Family-Owned (unverified),Hillsborough,Tampa,33617,"10213 N Ninevah Rd, Tampa, FL, 33617",(813) 730-4985,www.drainfloplumbing.com,4.4,41,"Plumber, Drainage service",CFC,CFC1429557,new,,companies.json (exact_name),ChIJM_s1rczHwogRWwGiwRX3lw0,https://www.google.com/maps/search/?api=1&query=Drain%20Flo%20Plumbing&query_place_id=ChIJM_s1rczHwogRWwGiwRX3lw0,Unverified,No confirmed PE/public/franchise match; most FL contractors are independently owned — ownership not verified,1
B — Phone + priority county,"INCAS PLUMBING, INC.",Plumbing,Independent / Likely Family-Owned (unverified),Collier,Naples,34116,"5961 Westport Ln, Naples, FL, 34116",(239) 284-4145,incasplumbing.com,5,41,"Plumber, Service establishment","CFC, RF",CFC1432217; RF11067718,new,,companies.json (exact_name),ChIJnQkaxpzj2ogRbcX1RmdjWXo,https://www.google.com/maps/search/?api=1&query=Incas%20Plumbing%20Inc.&query_place_id=ChIJnQkaxpzj2ogRbcX1RmdjWXo,Unverified,No confirmed PE/public/franchise match; most FL contractors are independently owned — ownership not verified,2
B — Phone + priority county,KNOTT'S PLUMBING SERVICES LLC,Plumbing,Independent / Likely Family-Owned (unverified),Pinellas,St. Petersburg,33714,"3135 39Th Ave N Ste 2, St. Petersburg, FL, 33714",(727) 202-6072,knottsps.com,4.9,41,"Plumber, Bathroom remodeler, Gas installation service, Kitchen remodeler",CFC,CFC1430442,new,,companies.json (exact_name),ChIJeaN2dlLjwogRNUxyrqjbaMg,https://www.google.com/maps/search/?api=1&query=Knott's%20Plumbing%20Services&query_place_id=ChIJeaN2dlLjwogRNUxyrqjbaMg,Unverified,No confirmed PE/public/franchise match; most FL contractors are independently owned — ownership not verified,1
B — Phone + priority county,"PRACTICAL PLUMBING, LLC",Plumbing,Independent / Likely Family-Owned (unverified),Manatee,Oneco,34264,"P O Box 1966, Oneco, FL, 34264",(941) 281-5001,,5,40,Plumber,CFC,CFC1428816,new,,companies.json (exact_name),ChIJkbdwI_4Vw4gRvOMh28iSQaM,https://www.google.com/maps/search/?api=1&query=Practical%20Plumbing%20LLC&query_place_id=ChIJkbdwI_4Vw4gRvOMh28iSQaM,Unverified,No confirmed PE/public/franchise match; most FL contractors are independently owned — ownership not verified,1
B — Phone + priority county,STRODE PLUMBING LLC,Plumbing,Independent / Likely Family-Owned (unverified),Sarasota,Sarasota,34233,"5342 Clark Road Unit 40889, Sarasota, FL, 34233",(941) 953-3086,www.strodeplumbing.com,4.7,40,Plumber,CFC,CFC1427482,new,,companies.json (exact_name),ChIJ-Zrui2g_w4gRrQnp3Vi-gLI,https://www.google.com/maps/search/?api=1&query=Strode%20Plumbing&query_place_id=ChIJ-Zrui2g_w4gRrQnp3Vi-gLI,Unverified,No confirmed PE/public/franchise match; most FL contractors are independently owned — ownership not verified,1
B — Phone + priority county,HOOSIER PLUMBING LLC,Plumbing,Independent / Likely Family-Owned (unverified),Collier,Naples,34104,"4120 Enterprise Ave #107, Naples, FL, 34104",(239) 430-9566,www.hoosier-plumbing.com,4.8,39,"Plumber, Drainage service, Pipe supplier, Plumbing supply store, Water filter supplier",CFC,CFC1426707,new,,companies.json (exact_name),ChIJfxsIXxXi2ogRUlR11_I3XUA,https://www.google.com/maps/search/?api=1&query=Hoosier%20Plumbing&query_place_id=ChIJfxsIXxXi2ogRUlR11_I3XUA,Unverified,No confirmed PE/public/franchise match; most FL contractors are independently owned — ownership not verified,1
B — Phone + priority county,HOOSIER PLUMBING SERVICES LLC,Plumbing,Independent / Likely Family-Owned (unverified),Collier,Naples,34120,"3811 35Th Ave Ne, Naples, FL, 34120",(239) 430-9566,www.hoosier-plumbing.com,4.8,39,"Plumber, Drainage service, Pipe supplier, Plumbing supply store, Water filter supplier",CFC,CFC1432280,new,,companies.json (exact_name),ChIJfxsIXxXi2ogRUlR11_I3XUA,https://www.google.com/maps/search/?api=1&query=Hoosier%20Plumbing&query_place_id=ChIJfxsIXxXi2ogRUlR11_I3XUA,Unverified,No confirmed PE/public/franchise match; most FL contractors are independently owned — ownership not verified,1
B — Phone + priority county,TAMPA BAY PRO PLUMBING LLC,Plumbing,Independent / Likely Family-Owned (unverified),Pinellas,Seminole,33776,"12933 83Rd Ave, Seminole, FL, 33776",(727) 692-3005,tampabayproplumbing.com,5,39,Plumber,CFC,CFC1434355,new,,companies.json (exact_name),ChIJjdLzEy7vwogRYGlZyLjToAg,https://www.google.com/maps/search/?api=1&query=Tampa%20Bay%20PRO%20Plumbing%20LLC&query_place_id=ChIJjdLzEy7vwogRYGlZyLjToAg,Unverified,No confirmed PE/public/franchise match; most FL contractors are independently owned — ownership not verified,1
B — Phone + priority county,"DRH PLUMBING, INC.",Plumbing,Independent / Likely Family-Owned (unverified),Sarasota,Sarasota,34233,"4610  Ashton Rd., Sarasota, FL, 34233",(941) 921-3232,www.drhplumbing.services,4.7,38,Plumber,CFC,CFC1428437,new,,companies.json (exact_name),ChIJY6mMJU9Bw4gRgSBI-qs5P24,https://www.google.com/maps/search/?api=1&query=DRH%20Plumbing%20Inc&query_place_id=ChIJY6mMJU9Bw4gRgSBI-qs5P24,Unverified,No confirmed PE/public/franchise match; most FL contractors are independently owned — ownership not verified,1
B — Phone + priority county,"KATZ PLUMBING, LLC",Plumbing,Independent / Likely Family-Owned (unverified),Sarasota,Sarasota,34243,"2315 57Th Street, Sarasota, FL, 34243",(239) 368-3415,,4.4,38,Plumber,CFC,CFC1429702,new,,companies.json (exact_name),ChIJwyFP7Ktz24gR9Ebn-WYReR4,https://www.google.com/maps/search/?api=1&query=Katz%20Plumbing&query_place_id=ChIJwyFP7Ktz24gR9Ebn-WYReR4,Unverified,No confirmed PE/public/franchise match; most FL contractors are independently owned — ownership not verified,1
B — Phone + priority county,PATRIOT COOLING INC,HVAC,Independent / Likely Family-Owned (unverified),Collier,Naples,34120,"2960 8Th Street Nw, Naples, FL, 34120",(941) 613-6785,patriotplumbingcorp.com,4.4,38,"Plumber, Service establishment",CAC,CAC1821399,new,,companies.json (exact_name),ChIJgdQkPrer3IgRQLnkQGlBYEU,https://www.google.com/maps/search/?api=1&query=Patriot%20Plumbing%20Corp&query_place_id=ChIJgdQkPrer3IgRQLnkQGlBYEU,Unverified,No confirmed PE/public/franchise match; most FL contractors are independently owned — ownership not verified,1
B — Phone + priority county,PATRIOT PLUMBING INC,Plumbing,Independent / Likely Family-Owned (unverified),Lee,Fort Myers,33907,"2337 Harvard Ave, Fort Myers, FL, 33907",(941) 613-6785,patriotplumbingcorp.com,4.4,38,"Plumber, Service establishment",CFC,CFC1425750; CFC1427781,new,,companies.json (exact_name),ChIJgdQkPrer3IgRQLnkQGlBYEU,https://www.google.com/maps/search/?api=1&query=Patriot%20Plumbing%20Corp&query_place_id=ChIJgdQkPrer3IgRQLnkQGlBYEU,Unverified,No confirmed PE/public/franchise match; most FL contractors are independently owned — ownership not verified,2
B — Phone + priority county,VETERAN AIR,HVAC,Independent / Likely Family-Owned (unverified),Manatee,Parrish,34219,"8315 Carrhill Place, Parrish, FL, 34219",(941) 539-8914,www.veteranplumbingservice.com,4.2,38,Plumber,CAC,CAC1825064,new,,companies.json (exact_name),ChIJ16sGyFVbw4gRTiT0UTwwtkA,https://www.google.com/maps/search/?api=1&query=Veteran%20Plumbing%2C%20LLC&query_place_id=ChIJ16sGyFVbw4gRTiT0UTwwtkA,Unverified,No confirmed PE/public/franchise match; most FL contractors are independently owned — ownership not verified,1
B — Phone + priority county,VETERAN AIR CONDITIONING,Plumbing + HVAC,Independent / Likely Family-Owned (unverified),Manatee,Ellenton,34208,"3739  59Th Ave Circle East, Ellenton, FL, 34208",(941) 539-8914,www.veteranplumbingservice.com,4.2,38,Plumber,"CAC, CFC",CAC1816468; CFC1430820,new,,companies.json (exact_name),ChIJ16sGyFVbw4gRTiT0UTwwtkA,https://www.google.com/maps/search/?api=1&query=Veteran%20Plumbing%2C%20LLC&query_place_id=ChIJ16sGyFVbw4gRTiT0UTwwtkA,Unverified,No confirmed PE/public/franchise match; most FL contractors are independently owned — ownership not verified,2
B — Phone + priority county,VETERAN PLUMBING LLC,Plumbing,Independent / Likely Family-Owned (unverified),Sarasota,Nokomis,34275,"400 Lychee Road, Nokomis, FL, 34275",(941) 539-8914,www.veteranplumbingservice.com,4.2,38,Plumber,CFC,CFC1428625; CFC1434744,new,,companies.json (exact_name),ChIJ16sGyFVbw4gRTiT0UTwwtkA,https://www.google.com/maps/search/?api=1&query=Veteran%20Plumbing%2C%20LLC&query_place_id=ChIJ16sGyFVbw4gRTiT0UTwwtkA,Unverified,No confirmed PE/public/franchise match; most FL contractors are independently owned — ownership not verified,2
B — Phone + priority county,AIR CONDITIONING UNLIMITED LLC,HVAC,Independent / Likely Family-Owned (unverified),St. Lucie,Port St Lucie,34986,"5536 Nw Burgin St, Port St Lucie, FL, 34986",(352) 799-7054,,4.6,37,Plumber,CAC,CAC1818588,new,,companies.json (exact_name),ChIJKVK5OKoE6IgROTYPYZ-oIWA,https://www.google.com/maps/search/?api=1&query=Plumbing%20Unlimited&query_place_id=ChIJKVK5OKoE6IgROTYPYZ-oIWA,Unverified,No confirmed PE/public/franchise match; most FL contractors are independently owned — ownership not verified,1
B — Phone + priority county,ASSOCIATED PLUMBING INC,Plumbing,Independent / Likely Family-Owned (unverified),Pasco,Wesley Chapel,33543,"1329 Highwood Place, Wesley Chapel, FL, 33543",(813) 991-7960,associatedplumbinginc.com,3.7,37,Plumber,CFC,CFC1427927,new,,companies.json (exact_name),ChIJJboiOBnGwogR0vUCh3vbdLY,https://www.google.com/maps/search/?api=1&query=Associated%20Plumbing%20Inc&query_place_id=ChIJJboiOBnGwogR0vUCh3vbdLY,Unverified,No confirmed PE/public/franchise match; most FL contractors are independently owned — ownership not verified,1
B — Phone + priority county,EMORY M GARLAND PLUMBING CO,Plumbing,Independent / Likely Family-Owned (unverified),Hillsborough,Lutz,33549,"17420 N Us Hwy 41 Suite 107, Lutz, FL, 33549",(813) 909-7418,www.emgplumbing.com,4,37,Plumber,CFC,CFC042992,new,,companies.json (fuzzy_1.00),ChIJuVwn7MW4wogRWYeOetsBidc,https://www.google.com/maps/search/?api=1&query=Emory%20Garland%20Plumbing&query_place_id=ChIJuVwn7MW4wogRWYeOetsBidc,Unverified,No confirmed PE/public/franchise match; most FL contractors are independently owned — ownership not verified,1
B — Phone + priority county,PLUMEX PLUMBING LLC,Plumbing,Independent / Likely Family-Owned (unverified),Collier,Naples,34120,"361 3Rd St Nw, Naples, FL, 34120",(239) 877-1580,plumexplumbing.com,5,37,"Plumber, Service establishment",CFC,CFC1430300,new,,companies.json (exact_name),ChIJlQAx-nsB24gRqICmtVQGyQI,https://www.google.com/maps/search/?api=1&query=Plumex%20Plumbing&query_place_id=ChIJlQAx-nsB24gRqICmtVQGyQI,Unverified,No confirmed PE/public/franchise match; most FL contractors are independently owned — ownership not verified,1
B — Phone + priority county,S & S AIR CONDITIONING CO LLC,HVAC,Independent / Likely Family-Owned (unverified),Pinellas,Oldsmar,34677,"105 Douglas Road East, Oldsmar, FL, 34677",(863) 990-3391,serenaandsonsplumbing.com,5,37,Plumber,CAC,CAC1815359,new,,companies.json (exact_name),ChIJ8U6LiIV8PKYReSLkEQ1XrOs,https://www.google.com/maps/search/?api=1&query=S%20%26%20S%20Plumbing%20LLC&query_place_id=ChIJ8U6LiIV8PKYReSLkEQ1XrOs,Unverified,No confirmed PE/public/franchise match; most FL contractors are independently owned — ownership not verified,1
B — Phone + priority county,S & S ELECTRIC CO INC,HVAC,Independent / Likely Family-Owned (unverified),Pinellas,Oldsmar,34677,"105 Douglas Road East, Oldsmar, FL, 34677",(863) 990-3391,serenaandsonsplumbing.com,5,37,Plumber,CAC,CAC1814177,new,,companies.json (exact_name),ChIJ8U6LiIV8PKYReSLkEQ1XrOs,https://www.google.com/maps/search/?api=1&query=S%20%26%20S%20Plumbing%20LLC&query_place_id=ChIJ8U6LiIV8PKYReSLkEQ1XrOs,Unverified,No confirmed PE/public/franchise match; most FL contractors are independently owned — ownership not verified,1
B — Phone + priority county,UNLIMITED AIR CONDITIONING INC,Mechanical,Independent / Likely Family-Owned (unverified),Palm Beach,West Palm Beach,33412,"15210 96Th Lane N, West Palm Beach, FL, 33412",(352) 799-7054,,4.6,37,Plumber,CMC,CMC057108; CMC1251609,new,,companies.json (exact_name),ChIJKVK5OKoE6IgROTYPYZ-oIWA,https://www.google.com/maps/search/?api=1&query=Plumbing%20Unlimited&query_place_id=ChIJKVK5OKoE6IgROTYPYZ-oIWA,Unverified,No confirmed PE/public/franchise match; most FL contractors are independently owned — ownership not verified,2
B — Phone + priority county,UNLIMITED PLUMBING INC,Plumbing,Independent / Likely Family-Owned (unverified),Palm Beach,Boca Raton,33433,"21700 Hammock Point Dr, Boca Raton, FL, 33433",(352) 799-7054,,4.6,37,Plumber,CFC,CFC1427653,new,,companies.json (exact_name),ChIJKVK5OKoE6IgROTYPYZ-oIWA,https://www.google.com/maps/search/?api=1&query=Plumbing%20Unlimited&query_place_id=ChIJKVK5OKoE6IgROTYPYZ-oIWA,Unverified,No confirmed PE/public/franchise match; most FL contractors are independently owned — ownership not verified,1
B — Phone + priority county,UNLIMITED PLUMBING SERVICES LLC,Plumbing,Independent / Likely Family-Owned (unverified),Lee,Fort Myers,33913,"12244  Treeline Ave Suite 1, Fort Myers, FL, 33913",(352) 799-7054,,4.6,37,Plumber,CFC,CFC1433157,new,,companies.json (exact_name),ChIJKVK5OKoE6IgROTYPYZ-oIWA,https://www.google.com/maps/search/?api=1&query=Plumbing%20Unlimited&query_place_id=ChIJKVK5OKoE6IgROTYPYZ-oIWA,Unverified,No confirmed PE/public/franchise match; most FL contractors are independently owned — ownership not verified,1
B — Phone + priority county,UNLIMITED SERVICES AIR CONDITIONING INC,HVAC,Independent / Likely Family-Owned (unverified),Miami-Dade,Miami,33155,"2015 Sw 61St Avenue, Miami, FL, 33155",(352) 799-7054,,4.6,37,Plumber,CAC,CAC051464,new,,companies.json (exact_name),ChIJKVK5OKoE6IgROTYPYZ-oIWA,https://www.google.com/maps/search/?api=1&query=Plumbing%20Unlimited&query_place_id=ChIJKVK5OKoE6IgROTYPYZ-oIWA,Unverified,No confirmed PE/public/franchise match; most FL contractors are independently owned — ownership not verified,1
B — Phone + priority county,FLORIDA MAN PLUMBING LLC,Plumbing,Independent / Likely Family-Owned (unverified),Sarasota,North Port,34288,"6721 Peale Ct, North Port, FL, 34288",(941) 525-0835,flmanplumbing.com,5,36,"Plumber, Drainage service, Service establishment, Hot water system supplier, Water softening equipment supplier",CFC,CFC1434150,new,,companies.json (exact_name),ChIJD24ZXvXOGAART6rAyq_0jqc,https://www.google.com/maps/search/?api=1&query=Florida%20Man%20Plumbing&query_place_id=ChIJD24ZXvXOGAART6rAyq_0jqc,Unverified,No confirmed PE/public/franchise match; most FL contractors are independently owned — ownership not verified,1
B — Phone + priority county,"G PLUMBING, INC",Plumbing,Independent / Likely Family-Owned (unverified),St. Lucie,Port Saint Lucie,34953,"2111 Sw Truxton Court, Port Saint Lucie, FL, 34953",(772) 410-7346,www.gplumbinginc.com,4.8,36,"Plumber, Service establishment",CFC,CFC1428396; CFC1430112,new,,companies.json (exact_name),ChIJi-J8P6nr3ogR7fF23X3sONg,https://www.google.com/maps/search/?api=1&query=G%20Plumbing%20Inc&query_place_id=ChIJi-J8P6nr3ogR7fF23X3sONg,Unverified,No confirmed PE/public/franchise match; most FL contractors are independently owned — ownership not verified,2
B — Phone + priority county,INTEGRITY PLUMBING SOLUTIONS INC,Plumbing,Independent / Likely Family-Owned (unverified),Lee,Cape Coral,33990,"416 Se 9Th Ave., Cape Coral, FL, 33990",(239) 656-3880,integrityplumbingsolutions.net,4.9,36,"Plumber, Service establishment",CFC,CFC042957; CFC1433656,new,,companies.json (exact_name),ChIJmWWd2jBC24gRMKFYV7X-BqU,https://www.google.com/maps/search/?api=1&query=Integrity%20Plumbing%20Solutions&query_place_id=ChIJmWWd2jBC24gRMKFYV7X-BqU,Unverified,No confirmed PE/public/franchise match; most FL contractors are independently owned — ownership not verified,2
B — Phone + priority county,BONITA SPRINGS PLUMBING & GAS INC,Plumbing,Independent / Likely Family-Owned (unverified),Lee,Ft Myers,33967,"17911 Bermuda Dunes Drive, Ft Myers, FL, 33967",(239) 498-0808,,4.7,35,"Plumber, Air conditioning repair service, Contractor, Gas installation service, Plumbing supply store",CFC,CFC056830,new,,companies.json (exact_name),ChIJ943WwTYa24gRMmF620oT-zk,https://www.google.com/maps/search/?api=1&query=BONITA%20SPRINGS%20PLUMBING%20%26%20GAS%2C%20INC.&query_place_id=ChIJ943WwTYa24gRMmF620oT-zk,Unverified,No confirmed PE/public/franchise match; most FL contractors are independently owned — ownership not verified,1
B — Phone + priority county,DR PLUMBER,Plumbing,Independent / Likely Family-Owned (unverified),Palm Beach,Delray Beach,33444,"951 Delray Lakes Drive, Delray Beach, FL, 33444",(727) 755-7000,dr.plumbing,4.9,35,"Plumber, Drainage service, Gas installation service, Water filter supplier, Water softening equipment supplier, Water testing service, Water treatment supplier",CFC,CFC1426047,new,,companies.json (exact_name),ChIJM_ldVfjxwogRXQ20JOczft0,https://www.google.com/maps/search/?api=1&query=Dr.%20Plumbing&query_place_id=ChIJM_ldVfjxwogRXQ20JOczft0,Unverified,No confirmed PE/public/franchise match; most FL contractors are independently owned — ownership not verified,1
B — Phone + priority county,"DR. PLUMBING, INC",Plumbing,Independent / Likely Family-Owned (unverified),Pinellas,Clearwater,33755,"1505 Maple St., Clearwater, FL, 33755",(727) 755-7000,dr.plumbing,4.9,35,"Plumber, Drainage service, Gas installation service, Water filter supplier, Water softening equipment supplier, Water testing service, Water treatment supplier",CFC,CFC1430921,new,,companies.json (exact_name),ChIJM_ldVfjxwogRXQ20JOczft0,https://www.google.com/maps/search/?api=1&query=Dr.%20Plumbing&query_place_id=ChIJM_ldVfjxwogRXQ20JOczft0,Unverified,No confirmed PE/public/franchise match; most FL contractors are independently owned — ownership not verified,1
B — Phone + priority county,"DAN DRIVER PLUMBING, LLC",Plumbing,Independent / Likely Family-Owned (unverified),Pinellas,Largo,33771,"1065 Damrosch Circle, Largo, FL, 33771",(727) 530-4099,,4.9,34,Plumber,CFC,CFC1432776,new,,companies.json (exact_name),ChIJox3amdfzwogRSKxndJIFipg,https://www.google.com/maps/search/?api=1&query=Dan%20Driver%20Plumbing&query_place_id=ChIJox3amdfzwogRSKxndJIFipg,Unverified,No confirmed PE/public/franchise match; most FL contractors are independently owned — ownership not verified,1
B — Phone + priority county,PEERLESS PLUMBING AND DRAIN SERVICES INCORPORATED,Plumbing,Independent / Likely Family-Owned (unverified),St. Lucie,Port Saint Lucie,34952,"1193  Se Port Saint Lucie Blvd Suite 152, Port Saint Lucie, FL, 34952",(772) 223-1356,www.peerlessplumbing.net,4.4,34,Plumber,CFC,CFC1428692,new,,companies.json (fuzzy_1.00),ChIJd9c-Az3D3ogRl-wmfPTrJR0,https://www.google.com/maps/search/?api=1&query=Peerless%20Plumbing%20%26%20Drain%20Service%20Incorporated&query_place_id=ChIJd9c-Az3D3ogRl-wmfPTrJR0,Unverified,No confirmed PE/public/franchise match; most FL contractors are independently owned — ownership not verified,1
B — Phone + priority county,SOUTHPAW PLUMBING AND METERING SERVICES LLC,Plumbing,Independent / Likely Family-Owned (unverified),St. Lucie,Fort Pierce,34950,"1237 Delaware Ave, Fort Pierce, FL, 34950",(772) 486-0914,www.southpawwater.com,4.5,34,Plumber,CFC,CFC1428285,new,,companies.json (fuzzy_1.00),ChIJAQDMR3Lq3ogRdbt_O0ldIlM,https://www.google.com/maps/search/?api=1&query=Southpaw%20Plumbing%20%26%20Metering%20Services%2C%20LLC&query_place_id=ChIJAQDMR3Lq3ogRdbt_O0ldIlM,Unverified,No confirmed PE/public/franchise match; most FL contractors are independently owned — ownership not verified,1
B — Phone + priority county,"EXQUISITE PLUMBING, LLC",Plumbing,Independent / Likely Family-Owned (unverified),Lee,Cape Coral,33991,"613 Sw Pine Island Rd 12, Cape Coral, FL, 33991",(239) 451-1902,www.facebook.com/exquisiteplumbing,4.9,33,Plumber,CFC,CFC1429750,new,,companies.json (exact_name),ChIJpYSuYY5G24gR-MMw_6mlEQ8,https://www.google.com/maps/search/?api=1&query=Exquisite%20Plumbing&query_place_id=ChIJpYSuYY5G24gR-MMw_6mlEQ8,Unverified,No confirmed PE/public/franchise match; most FL contractors are independently owned — ownership not verified,1
B — Phone + priority county,PRECISE AIR CONDITIONING CORP,Mechanical,Independent / Likely Family-Owned (unverified),Miami-Dade,Hialeah,33012,"1764 W 56 Ter, Hialeah, FL, 33012",(561) 831-9929,preciseplumbingfl.com,5,33,"Plumber, Bathroom remodeler, Service establishment, Kitchen remodeler",CMC,CMC1250170,new,,companies.json (exact_name),ChIJVTcQA0PqF60RluDmkTO6Fss,https://www.google.com/maps/search/?api=1&query=Precise%20Plumbing&query_place_id=ChIJVTcQA0PqF60RluDmkTO6Fss,Unverified,No confirmed PE/public/franchise match; most FL contractors are independently owned — ownership not verified,1
B — Phone + priority county,PRECISE PLUMBING LLC,Plumbing,Independent / Likely Family-Owned (unverified),St. Lucie,Port St Lucie,34953,"375  Sw Alcan Dr, Port St Lucie, FL, 34953",(561) 831-9929,preciseplumbingfl.com,5,33,"Plumber, Bathroom remodeler, Service establishment, Kitchen remodeler",CFC,CFC1432710,new,,companies.json (exact_name),ChIJVTcQA0PqF60RluDmkTO6Fss,https://www.google.com/maps/search/?api=1&query=Precise%20Plumbing&query_place_id=ChIJVTcQA0PqF60RluDmkTO6Fss,Unverified,No confirmed PE/public/franchise match; most FL contractors are independently owned — ownership not verified,1
B — Phone + priority county,PRECISE PLUMBING SERVICES LLC,Plumbing,Independent / Likely Family-Owned (unverified),Lee,Fort Myers,33967,"17000   Alico Commerce Ct #103, Fort Myers, FL, 33967",(561) 831-9929,preciseplumbingfl.com,5,33,"Plumber, Bathroom remodeler, Service establishment, Kitchen remodeler",CFC,CFC1430152,new,,companies.json (exact_name),ChIJVTcQA0PqF60RluDmkTO6Fss,https://www.google.com/maps/search/?api=1&query=Precise%20Plumbing&query_place_id=ChIJVTcQA0PqF60RluDmkTO6Fss,Unverified,No confirmed PE/public/franchise match; most FL contractors are independently owned — ownership not verified,1
B — Phone + priority county,RIETH PLUMBING LLC,Plumbing,Independent / Likely Family-Owned (unverified),Manatee,Lakewood Ranch,34202,"11161 E. State Road 70 Suite 110-226, Lakewood Ranch, FL, 34202",(941) 779-7345,www.riethplumbingllc.com,4.5,33,"Plumber, Service establishment",CFC,CFC1429204,new,,companies.json (exact_name),ChIJ6W3XxYE5w4gRHBu7fk8gHn0,https://www.google.com/maps/search/?api=1&query=Rieth%20Plumbing%20LLC-Florida&query_place_id=ChIJ6W3XxYE5w4gRHBu7fk8gHn0,Unverified,No confirmed PE/public/franchise match; most FL contractors are independently owned — ownership not verified,1
B — Phone + priority county,BENJAMIN DREW'S PLUMBING & DRAIN SERVICES INC,Plumbing,Independent / Likely Family-Owned (unverified),St. Lucie,Port Saint Lucie,34987,"11582  Sw Village Parkway Mailbox #61, Port Saint Lucie, FL, 34987",(772) 877-2962,benjamindrewsplumbing.net,4.8,32,"Plumber, Service establishment",CFC,CFC1429456,new,,companies.json (exact_name),ChIJU9wte0Pt3ogRJysta76fAu8,https://www.google.com/maps/search/?api=1&query=Benjamin%20Drew's%20Plumbing%20%26%20Drain%20Services%20Inc&query_place_id=ChIJU9wte0Pt3ogRJysta76fAu8,Unverified,No confirmed PE/public/franchise match; most FL contractors are independently owned — ownership not verified,1
B — Phone + priority county,CAPE COOLING INC,HVAC,Independent / Likely Family-Owned (unverified),Lee,North Fort Myers,33903,"4021 Avenida Del Tura, North Fort Myers, FL, 33903",(239) 491-9194,sw.capeplumbinginc.com,5,32,"Plumber, Service establishment",CAC,CAC057810,new,,companies.json (exact_name),ChIJf8PKX9EV24gRR3RJMXouRsM,https://www.google.com/maps/search/?api=1&query=Cape%20Plumbing%2C%20Inc.&query_place_id=ChIJf8PKX9EV24gRR3RJMXouRsM,Unverified,No confirmed PE/public/franchise match; most FL contractors are independently owned — ownership not verified,1
B — Phone + priority county,"CAPE PLUMBING, INC.",Plumbing,Independent / Likely Family-Owned (unverified),Broward,Boca Raton,33432,"1625 Nw 1St Ct, Boca Raton, FL, 33432",(239) 491-9194,sw.capeplumbinginc.com,5,32,"Plumber, Service establishment",CFC,CFC1428992,new,,companies.json (exact_name),ChIJf8PKX9EV24gRR3RJMXouRsM,https://www.google.com/maps/search/?api=1&query=Cape%20Plumbing%2C%20Inc.&query_place_id=ChIJf8PKX9EV24gRR3RJMXouRsM,Unverified,No confirmed PE/public/franchise match; most FL contractors are independently owned — ownership not verified,1
B — Phone + priority county,LARSON AIR CONDITIONING INC,HVAC,Independent / Likely Family-Owned (unverified),Miami-Dade,Miami,33176,"10920 S.W. 116 Ave, Miami, FL, 33176",(813) 242-0911,www.larsonplumbing.net,3.5,32,"Plumber, Septic system service",CAC,CAC056922,new,,companies.json (exact_name),ChIJhXXjya_FwogRehF3kc3V_CY,https://www.google.com/maps/search/?api=1&query=Larson%20Plumbing&query_place_id=ChIJhXXjya_FwogRehF3kc3V_CY,Unverified,No confirmed PE/public/franchise match; most FL contractors are independently owned — ownership not verified,1
B — Phone + priority county,LARSON PLUMBING INC,Plumbing,Independent / Likely Family-Owned (unverified),Hillsborough,Tampa,33605,"3205 8Th Ave, Tampa, FL, 33605",(813) 242-0911,www.larsonplumbing.net,3.5,32,"Plumber, Septic system service",CFC,CFC054884,new,,companies.json (exact_name),ChIJhXXjya_FwogRehF3kc3V_CY,https://www.google.com/maps/search/?api=1&query=Larson%20Plumbing&query_place_id=ChIJhXXjya_FwogRehF3kc3V_CY,Unverified,No confirmed PE/public/franchise match; most FL contractors are independently owned — ownership not verified,1
B — Phone + priority county,BOOTZ PLUMBING INC,Plumbing,Independent / Likely Family-Owned (unverified),Manatee,Myakka City,34251,"12813 River Rd, Myakka City, FL, 34251",(941) 376-0109,www.bootz.plumbing,3.7,31,Plumber,CFC,CFC1427769,new,,companies.json (exact_name),ChIJ--OEtgpHw4gRUbNe3f8l9Vc,https://www.google.com/maps/search/?api=1&query=Bootz%20Plumbing&query_place_id=ChIJ--OEtgpHw4gRUbNe3f8l9Vc,Unverified,No confirmed PE/public/franchise match; most FL contractors are independently owned — ownership not verified,1
B — Phone + priority county,"DRAIN MEDICS PLUMBING, LLC",Plumbing,Independent / Likely Family-Owned (unverified),Sarasota,Sarasota,34232,"1080 Willis Ave, Sarasota, FL, 34232",(941) 223-9937,drainmedicsfl.com,4.9,31,"Plumber, Service establishment",CFC,CFC1428263,new,,companies.json (exact_name),ChIJUcposY45w4gRhzDawnfmJc4,https://www.google.com/maps/search/?api=1&query=Drain%20Medics%20Plumbing&query_place_id=ChIJUcposY45w4gRhzDawnfmJc4,Unverified,No confirmed PE/public/franchise match; most FL contractors are independently owned — ownership not verified,1
B — Phone + priority county,GOOD OLE PLUMBING SERVICES,Plumbing,Independent / Likely Family-Owned (unverified),Lee,North Fort Myers,33903,"1838 Whitecap Cir, North Fort Myers, FL, 33903",(239) 541-0119,goodoleplumbingservices.com,4.9,31,"Plumber, Service establishment",CFC,CFC1429560,new,,companies.json (exact_name),ChIJwWuz2kNB24gRStLy8m-T2LI,https://www.google.com/maps/search/?api=1&query=Good%20Ole%20Plumbing%20Services&query_place_id=ChIJwWuz2kNB24gRStLy8m-T2LI,Unverified,No confirmed PE/public/franchise match; most FL contractors are independently owned — ownership not verified,1
B — Phone + priority county,NORTHERN AIR CONDITIONING AND HEATING INC,HVAC,Independent / Likely Family-Owned (unverified),Lee,Lehigh Acres,33971,"1010 Acroft Ave, Lehigh Acres, FL, 33971",(813) 263-4941,northern.plumbing,4.9,31,"Plumber, Service establishment",CAC,CAC1820946,new,,companies.json (exact_name),ChIJ49BemPHFwogRNRinqXCY1Ec,https://www.google.com/maps/search/?api=1&query=Northern%20Plumbing%20Co.&query_place_id=ChIJ49BemPHFwogRNRinqXCY1Ec,Unverified,No confirmed PE/public/franchise match; most FL contractors are independently owned — ownership not verified,1
B — Phone + priority county,NORTHERN AIR CONDITIONING INC,HVAC,Independent / Likely Family-Owned (unverified),Palm Beach,North Palm Bch,33408,"424 Prosperity Farms Road, North Palm Bch, FL, 33408",(813) 263-4941,northern.plumbing,4.9,31,"Plumber, Service establishment",CAC,CAC057058,new,,companies.json (exact_name),ChIJ49BemPHFwogRNRinqXCY1Ec,https://www.google.com/maps/search/?api=1&query=Northern%20Plumbing%20Co.&query_place_id=ChIJ49BemPHFwogRNRinqXCY1Ec,Unverified,No confirmed PE/public/franchise match; most FL contractors are independently owned — ownership not verified,1
B — Phone + priority county,NORTHERN AIR INC,HVAC,Independent / Likely Family-Owned (unverified),Pinellas,Pinellas Park,33781,"7290 61St St North, Pinellas Park, FL, 33781",(813) 263-4941,northern.plumbing,4.9,31,"Plumber, Service establishment",CAC,CAC029392,new,,companies.json (exact_name),ChIJ49BemPHFwogRNRinqXCY1Ec,https://www.google.com/maps/search/?api=1&query=Northern%20Plumbing%20Co.&query_place_id=ChIJ49BemPHFwogRNRinqXCY1Ec,Unverified,No confirmed PE/public/franchise match; most FL contractors are independently owned — ownership not verified,1
B — Phone + priority county,PIPEFLOW PLUMBING LLC,Plumbing,Independent / Likely Family-Owned (unverified),Manatee,Bradenton,34202,"6375 Golden Eye Glen, Bradenton, FL, 34202",(941) 727-8383,www.pipeflowplumbing.com,4.7,31,"Plumber, Drainage service",CFC,CFC1429718,new,,companies.json (exact_name),ChIJM6PGn1c3w4gRKidfvV0yzeo,https://www.google.com/maps/search/?api=1&query=PIPEFLOW%20PLUMBING%20LLC.&query_place_id=ChIJM6PGn1c3w4gRKidfvV0yzeo,Unverified,No confirmed PE/public/franchise match; most FL contractors are independently owned — ownership not verified,1
B — Phone + priority county,PORT ST LUCIE PLUMBING INC,Plumbing,Independent / Likely Family-Owned (unverified),St. Lucie,Port Saint Lucie,34952,"900 Elyse Cr., Port Saint Lucie, FL, 34952",(772) 468-6524,www.portstlucieplumbinginc.com,4.6,31,Plumber,CFC,CFC058025; CFC1430872,new,,companies.json (exact_name),ChIJZ029Z-Tu3ogRPk_xd1M8A-g,https://www.google.com/maps/search/?api=1&query=Port%20St%20Lucie%20Plumbing%20Inc&query_place_id=ChIJZ029Z-Tu3ogRPk_xd1M8A-g,Unverified,No confirmed PE/public/franchise match; most FL contractors are independently owned — ownership not verified,2
B — Phone + priority county,DRIP STOP PLUMBING LLC,Plumbing,Independent / Likely Family-Owned (unverified),St. Lucie,Port St Lucie,34983,"356 Nw Hogan St, Port St Lucie, FL, 34983",(772) 722-0051,dripstopplumbingfl.com,5,30,"Plumber, Bathroom remodeler, Service establishment, Home builder",CFC,CFC1434606,new,,companies.json (exact_name),ChIJ06NbhJcs_SMRm9RAktLdS6s,https://www.google.com/maps/search/?api=1&query=Drip%20Stop%20Plumbing%20LLC&query_place_id=ChIJ06NbhJcs_SMRm9RAktLdS6s,Unverified,No confirmed PE/public/franchise match; most FL contractors are independently owned — ownership not verified,1
B — Phone + priority county,GILL PRECISION PLUMBING,Plumbing,Independent / Likely Family-Owned (unverified),Pinellas,Palm Harbor,34683,"1220 11Th  Street, Palm Harbor, FL, 34683",(727) 789-1484,gillmyplumber.com/index.html,4.9,30,"Plumber, Water softening equipment supplier",CFC,CFC029713,new,,companies.json (exact_name),ChIJX_4ytejywogRMjaic-OJ7oA,https://www.google.com/maps/search/?api=1&query=Gill%20Precision%20Plumbing%20Inc&query_place_id=ChIJX_4ytejywogRMjaic-OJ7oA,Unverified,No confirmed PE/public/franchise match; most FL contractors are independently owned — ownership not verified,1
B — Phone + priority county,HOLDER PLUMBING LLC,Plumbing,Independent / Likely Family-Owned (unverified),Pinellas,St. Petersburg,33710,"2700 65Th Way N, St. Petersburg, FL, 33710",(727) 343-7400,holderplumbingllc.com,4.9,30,"Plumber, Service establishment",CFC,CFC1427381,new,,companies.json (exact_name),ChIJG7RDFzHjwogRhwFFwWFM5c0,https://www.google.com/maps/search/?api=1&query=Holder%20Plumbing%20LLC&query_place_id=ChIJG7RDFzHjwogRhwFFwWFM5c0,Unverified,No confirmed PE/public/franchise match; most FL contractors are independently owned — ownership not verified,1
B — Phone + priority county,LEO'S REAL PLUMBING LLC,Plumbing,Independent / Likely Family-Owned (unverified),Collier,Naples,34116,"5911 Star Grass Ln, Naples, FL, 34116",(239) 821-2648,,5,30,Plumber,CFC,CFC1431308,new,,companies.json (exact_name),ChIJ94HRpPCqP6ER4rqhgh-jjME,https://www.google.com/maps/search/?api=1&query=Leo's%20Real%20Plumbing&query_place_id=ChIJ94HRpPCqP6ER4rqhgh-jjME,Unverified,No confirmed PE/public/franchise match; most FL contractors are independently owned — ownership not verified,1
B — Phone + priority county,OZ PLUMBING LLC,Plumbing,Independent / Likely Family-Owned (unverified),Lee,Cape Coral,33993,"1105 Nw 16Th Place, Cape Coral, FL, 33993",(239) 600-9749,ozplumbingllc.godaddysites.com,5,30,"Plumber, Service establishment",CFC,CFC1433445,new,,companies.json (exact_name),ChIJj_lQv9G1jkwR1CEFbv7Jg00,https://www.google.com/maps/search/?api=1&query=Oz%20Plumbing%20LLC&query_place_id=ChIJj_lQv9G1jkwR1CEFbv7Jg00,Unverified,No confirmed PE/public/franchise match; most FL contractors are independently owned — ownership not verified,1
B — Phone + priority county,PARADISE AIR CONDITIONING CORP,HVAC,Independent / Likely Family-Owned (unverified),Broward,Plantation,33323,"11700  Nw 19 St, Plantation, FL, 33323",(941) 809-9274,paradiseplumbingco.com,4.8,30,"Plumber, Construction company",CAC,CAC1817336,new,,companies.json (exact_name),ChIJ-cAu_MBBw4gRJsfiw0xc2wo,https://www.google.com/maps/search/?api=1&query=Paradise%20Plumbing&query_place_id=ChIJ-cAu_MBBw4gRJsfiw0xc2wo,Unverified,No confirmed PE/public/franchise match; most FL contractors are independently owned — ownership not verified,1
B — Phone + priority county,PARADISE AIR SERVICES INC,HVAC,Independent / Likely Family-Owned (unverified),Collier,Naples,34101,"Po Box 11671, Naples, FL, 34101",(941) 809-9274,paradiseplumbingco.com,4.8,30,"Plumber, Construction company",RA,RA13067340,new,,companies.json (exact_name),ChIJ-cAu_MBBw4gRJsfiw0xc2wo,https://www.google.com/maps/search/?api=1&query=Paradise%20Plumbing&query_place_id=ChIJ-cAu_MBBw4gRJsfiw0xc2wo,Unverified,No confirmed PE/public/franchise match; most FL contractors are independently owned — ownership not verified,1
B — Phone + priority county,PARADISE COOLING OF FLORIDA LLC,HVAC,Independent / Likely Family-Owned (unverified),Hillsborough,Ruskin,33573,"7804 Maroon Peak Dr, Ruskin, FL, 33573",(941) 809-9274,paradiseplumbingco.com,4.8,30,"Plumber, Construction company",CAC,CAC1823840,new,,companies.json (exact_name),ChIJ-cAu_MBBw4gRJsfiw0xc2wo,https://www.google.com/maps/search/?api=1&query=Paradise%20Plumbing&query_place_id=ChIJ-cAu_MBBw4gRJsfiw0xc2wo,Unverified,No confirmed PE/public/franchise match; most FL contractors are independently owned — ownership not verified,1
B — Phone + priority county,PARADISE PLUMBING LLC,Plumbing,Independent / Likely Family-Owned (unverified),Sarasota,Sarasota,34232,"4546 Busti Dr, Sarasota, FL, 34232",(941) 809-9274,paradiseplumbingco.com,4.8,30,"Plumber, Construction company",CFC,CFC1426478,new,,companies.json (exact_name),ChIJ-cAu_MBBw4gRJsfiw0xc2wo,https://www.google.com/maps/search/?api=1&query=Paradise%20Plumbing&query_place_id=ChIJ-cAu_MBBw4gRJsfiw0xc2wo,Unverified,No confirmed PE/public/franchise match; most FL contractors are independently owned — ownership not verified,1
B — Phone + priority county,PRO-TEC PLUMBING & AIR,Plumbing + HVAC,Independent / Likely Family-Owned (unverified),Collier,Naples,34104,"3900 Arnold Ave, Naples, FL, 34104",(941) 624-5554,www.fourwayplumbing.com,4.6,30,"Plumber, Bathroom remodeler, Contractor, Service establishment, Kitchen remodeler","CAC, CFC",CAC1821149; CFC1427811,new,,companies.json (exact_name),ChIJF8pMVMSr3IgRQP__qxU8Az0,https://www.google.com/maps/search/?api=1&query=Pro-Tec%20Plumbing%20%26%20Air&query_place_id=ChIJF8pMVMSr3IgRQP__qxU8Az0,Unverified,No confirmed PE/public/franchise match; most FL contractors are independently owned — ownership not verified,2
B — Phone + priority county,OLSON PLUMBING LLC,Plumbing,Independent / Likely Family-Owned (unverified),Sarasota,Sarasota,34232,"4278 Brackenwood Ct, Sarasota, FL, 34232",(941) 400-0679,olsonplumbingsrq.com,5,29,Plumber,CFC,CFC1429659,new,,companies.json (exact_name),ChIJzaYOfCZBw4gRQuXY-7oBKkc,https://www.google.com/maps/search/?api=1&query=Olson%20Plumbing&query_place_id=ChIJzaYOfCZBw4gRQuXY-7oBKkc,Unverified,No confirmed PE/public/franchise match; most FL contractors are independently owned — ownership not verified,1
B — Phone + priority county,PINNACLE PLUMBING INC,Plumbing,Independent / Likely Family-Owned (unverified),Broward,Deerfield Beach,33441,"1056 Sw 1St Way, Deerfield Beach, FL, 33441",(850) 691-2107,www.thepinnaclegroup.biz,4.7,29,Plumber,CFC,CFC057845,new,,companies.json (exact_name),ChIJAyOFZZF_k4gR2sfCv3A9lLw,https://www.google.com/maps/search/?api=1&query=Pinnacle%20Plumbing&query_place_id=ChIJAyOFZZF_k4gR2sfCv3A9lLw,Unverified,No confirmed PE/public/franchise match; most FL contractors are independently owned — ownership not verified,1
B — Phone + priority county,FERGUSON PLUMBING DESIGN INC.,Plumbing,Independent / Likely Family-Owned (unverified),Manatee,Parrish,34219,"11901  Woodland Ter, Parrish, FL, 34219",(941) 549-7913,fergusonplumbingdesign.com,5,28,"Plumber, Bathroom remodeler, Kitchen remodeler",CFC,CFC1433244,new,,companies.json (exact_name),ChIJgWrKmT_wqkcROfzFxQwoN80,https://www.google.com/maps/search/?api=1&query=Ferguson%20Plumbing%20Design&query_place_id=ChIJgWrKmT_wqkcROfzFxQwoN80,Unverified,No confirmed PE/public/franchise match; most FL contractors are independently owned — ownership not verified,1
B — Phone + priority county,PINE ISLAND PLUMBING LLC,Plumbing,Independent / Likely Family-Owned (unverified),Lee,St James City,33956,"4181 Pinetree Blvd, St James City, FL, 33956",(239) 349-5318,,4.9,28,Plumber,CFC,CFC1428739,new,,companies.json (exact_name),ChIJF1shMEJJ24gRwsLdWcSjEmk,https://www.google.com/maps/search/?api=1&query=Pine%20Island%20Plumbing%20LLC&query_place_id=ChIJF1shMEJJ24gRwsLdWcSjEmk,Unverified,No confirmed PE/public/franchise match; most FL contractors are independently owned — ownership not verified,1
B — Phone + priority county,STRONG AIR SOLUTIONS LLC,HVAC,Independent / Likely Family-Owned (unverified),Lee,Alva,33920,"2020 Mcarthur Ave, Alva, FL, 33920",(239) 300-1991,strongplumbingsolutions.com,5,28,"Plumber, Service establishment",CAC,CAC1824875,new,,companies.json (exact_name),ChIJZwpfw_UC24gRa2TxPKzbfRQ,https://www.google.com/maps/search/?api=1&query=Strong%20Plumbing%20Solutions&query_place_id=ChIJZwpfw_UC24gRa2TxPKzbfRQ,Unverified,No confirmed PE/public/franchise match; most FL contractors are independently owned — ownership not verified,1
B — Phone + priority county,STRONG PLUMBING SOLUTIONS,Plumbing,Independent / Likely Family-Owned (unverified),Collier,Naples,34117,"1321 21St Street S W, Naples, FL, 34117",(239) 300-1991,strongplumbingsolutions.com,5,28,"Plumber, Service establishment",CFC,CFC1429823,new,,companies.json (exact_name),ChIJZwpfw_UC24gRa2TxPKzbfRQ,https://www.google.com/maps/search/?api=1&query=Strong%20Plumbing%20Solutions&query_place_id=ChIJZwpfw_UC24gRa2TxPKzbfRQ,Unverified,No confirmed PE/public/franchise match; most FL contractors are independently owned — ownership not verified,1
B — Phone + priority county,"ACE COOLING, LLC",HVAC,Independent / Likely Family-Owned (unverified),Miami-Dade,Miami,33182,"290 Nw 122 Ave, Miami, FL, 33182",(772) 562-3780,www.aceplumbingverobeach.com,4.6,27,Plumber,CAC,CAC1823885,new,,companies.json (exact_name),ChIJhVJfkEFf3ogRlZdB9NBgkzo,https://www.google.com/maps/search/?api=1&query=Ace%20Plumbing%20Inc&query_place_id=ChIJhVJfkEFf3ogRlZdB9NBgkzo,Unverified,No confirmed PE/public/franchise match; most FL contractors are independently owned — ownership not verified,1
B — Phone + priority county,"AMERICAN STANDARD PLUMBING, CORP",Plumbing,Independent / Likely Family-Owned (unverified),Lee,Cape Coral,33993,"415 Nw 2Nd Avenue, Cape Coral, FL, 33993",(239) 440-7546,,5,27,Plumber,CFC,CFC1430775,new,,companies.json (exact_name),ChIJ61fKQAZH24gRQGqvI7Ss1I8,https://www.google.com/maps/search/?api=1&query=American%20Standard%20Plumbing%2C%20Corp&query_place_id=ChIJ61fKQAZH24gRQGqvI7Ss1I8,Unverified,No confirmed PE/public/franchise match; most FL contractors are independently owned — ownership not verified,1
B — Phone + priority county,"BLUEWATER PLUMBING OF THE TREASURE COAST, LLC",Plumbing,Independent / Likely Family-Owned (unverified),St. Lucie,Port St Lucie,34983,"557 Nw Ferris Drive, Port St Lucie, FL, 34983",(772) 301-9338,,5,27,Plumber,"CFC, RF",CFC1433757; RF11067772,new,,companies.json (exact_name),ChIJocEvUg3v3ogRa_LQPkIW3jw,https://www.google.com/maps/search/?api=1&query=Bluewater%20Plumbing%20of%20the%20Treasure%20Coast%2C%20LLC&query_place_id=ChIJocEvUg3v3ogRa_LQPkIW3jw,Unverified,No confirmed PE/public/franchise match; most FL contractors are independently owned — ownership not verified,2
B — Phone + priority county,"CRUZ PLUMBING, INC.",Plumbing,Independent / Likely Family-Owned (unverified),Lee,Lehigh Acres,33970,"Po Box 819, Lehigh Acres, FL, 33970",(239) 410-8946,cruzplumbingfl.com,5,27,"Plumber, Service establishment",CFC,CFC1428174,new,,companies.json (exact_name),ChIJAQAAAFBx24gRrSNjF3ng3Y0,https://www.google.com/maps/search/?api=1&query=Cruz%20Plumbing%2C%20Inc.&query_place_id=ChIJAQAAAFBx24gRrSNjF3ng3Y0,Unverified,No confirmed PE/public/franchise match; most FL contractors are independently owned — ownership not verified,1
B — Phone + priority county,SEE-RAY PLUMBING INC,Plumbing,Independent / Likely Family-Owned (unverified),St. Lucie,Fort Pierce,34951,"5351 Tree Top Trail, Fort Pierce, FL, 34951",(772) 494-7199,www.seerayplumbing.com,4.2,27,Plumber,CFC,CFC1427035,new,,companies.json (exact_name),ChIJ22Kd9d313ogRWIlyeqoxIMs,https://www.google.com/maps/search/?api=1&query=See-Ray%20Plumbing%20Inc&query_place_id=ChIJ22Kd9d313ogRWIlyeqoxIMs,Unverified,No confirmed PE/public/franchise match; most FL contractors are independently owned — ownership not verified,1
B — Phone + priority county,"SMART PLUMBING SOLUTIONS, INC.",Plumbing,Independent / Likely Family-Owned (unverified),Lee,North Fort Myers,33903,"69 W Mariana 69 W MARIANA AVE, North Fort Myers, FL, 33903",(239) 321-1929,smartplumbingsolutions.net,4.9,27,"Septic system service, Service establishment",CFC,CFC1430327,new,,companies.json (exact_name),ChIJk_cJyBNH24gR3TuuebN1Vik,https://www.google.com/maps/search/?api=1&query=Smart%20Plumbing%20Solutions%20Inc.&query_place_id=ChIJk_cJyBNH24gR3TuuebN1Vik,Unverified,No confirmed PE/public/franchise match; most FL contractors are independently owned — ownership not verified,1
B — Phone + priority county,"ABOUT PLUMBING, LLC",Plumbing,Independent / Likely Family-Owned (unverified),St. Lucie,Fort Pierce,34982,"5810 Raintree Trail, Fort Pierce, FL, 34982",(772) 607-4463,www.about-plumbing.com,5,26,Plumber,CFC,CFC1432631,new,,companies.json (exact_name),ChIJpezBaZTEOCERpwsQ3wVqzes,https://www.google.com/maps/search/?api=1&query=About%20Plumbing%2C%20LLC&query_place_id=ChIJpezBaZTEOCERpwsQ3wVqzes,Unverified,No confirmed PE/public/franchise match; most FL contractors are independently owned — ownership not verified,1
B — Phone + priority county,ALWAYS AFFORDABLE PLUMBING OF SWFL INC,Plumbing,Independent / Likely Family-Owned (unverified),Lee,Cape Coral,33909,"4171  Ne 8Th Pl, Cape Coral, FL, 33909",(239) 990-4903,alwaysaffordableplumbingswfl.com,4.8,26,Plumber,CFC,CFC1430873,new,,companies.json (exact_name),ChIJMYtwlVrxlqARyXn85IVi5jI,https://www.google.com/maps/search/?api=1&query=Always%20Affordable%20Plumbing%20of%20SWFL&query_place_id=ChIJMYtwlVrxlqARyXn85IVi5jI,Unverified,No confirmed PE/public/franchise match; most FL contractors are independently owned — ownership not verified,1
B — Phone + priority county,AMERI-TECH PLUMBING INC,Plumbing,Independent / Likely Family-Owned (unverified),Martin,Palm City,34990,"3526 Armellini Ave, Palm City, FL, 34990",(772) 879-0754,www.ameritechplumbing.com,4.2,26,Plumber,CFC,CFC058027,new,,companies.json (exact_name),ChIJP-ue8ons3ogRuGbAmbPccN0,https://www.google.com/maps/search/?api=1&query=Ameri-Tech%20Plumbing%2C%20Inc.&query_place_id=ChIJP-ue8ons3ogRuGbAmbPccN0,Unverified,No confirmed PE/public/franchise match; most FL contractors are independently owned — ownership not verified,1
B — Phone + priority county,"COMPLETE ACCESS PLUMBING, LLC",Plumbing,Independent / Likely Family-Owned (unverified),Manatee,Myakka City,34251,"8125 Barr Road, Myakka City, FL, 34251",(941) 739-5444,completeaccessplumbing.com,5,26,Plumber,CFC,CFC053338,new,,companies.json (exact_name),ChIJZ4qc6gw_w4gRt3JaEoecPjY,https://www.google.com/maps/search/?api=1&query=Complete%20Access%20Plumbing%2C%20LLC&query_place_id=ChIJZ4qc6gw_w4gRt3JaEoecPjY,Unverified,No confirmed PE/public/franchise match; most FL contractors are independently owned — ownership not verified,1
B — Phone + priority county,KINGDOM AIR CONDITIONING INC.,HVAC,Independent / Likely Family-Owned (unverified),Miami-Dade,Sunny Isles Beach,33160,"100 Bayview Dr #723, Sunny Isles Beach, FL, 33160",(727) 280-3741,www.kingdomplumbinginc.com,4.4,26,Plumber,CAC,CAC1816661,new,,companies.json (exact_name),ChIJq6qmbyWNwogRMFtBX3MbJ5U,https://www.google.com/maps/search/?api=1&query=Kingdom%20Plumbing%20Inc&query_place_id=ChIJq6qmbyWNwogRMFtBX3MbJ5U,Unverified,No confirmed PE/public/franchise match; most FL contractors are independently owned — ownership not verified,1
B — Phone + priority county,"KINGDOM COOLING AND HEATING, LLC",HVAC,Independent / Likely Family-Owned (unverified),Hillsborough,Seffner,33583,"P.O. Box 542, Seffner, FL, 33583",(727) 280-3741,www.kingdomplumbinginc.com,4.4,26,Plumber,CAC,CAC1818518,new,,companies.json (exact_name),ChIJq6qmbyWNwogRMFtBX3MbJ5U,https://www.google.com/maps/search/?api=1&query=Kingdom%20Plumbing%20Inc&query_place_id=ChIJq6qmbyWNwogRMFtBX3MbJ5U,Unverified,No confirmed PE/public/franchise match; most FL contractors are independently owned — ownership not verified,1
B — Phone + priority county,KINGDOM PLUMBING L.L.C,Plumbing,Independent / Likely Family-Owned (unverified),Pinellas,Palm Harbor,34683,"4898 Cardinal Trail, Palm Harbor, FL, 34683",(727) 280-3741,www.kingdomplumbinginc.com,4.4,26,Plumber,CFC,CFC1433921,new,,data/companies.json (Google Maps scrape),,,Unverified,No confirmed PE/public/franchise match; most FL contractors are independently owned — ownership not verified,1
B — Phone + priority county,LUCKYDAY PLUMBING & PIPELINING LLC,Plumbing,Independent / Likely Family-Owned (unverified),Pinellas,St Petersburg,33702,"6805 14Th St N, St Petersburg, FL, 33702",(727) 390-7977,plumbingservicestpetersburg.com,5,26,"Plumber, Service establishment",CFC,CFC1434095,new,,companies.json (exact_name),ChIJd-tsIiP6kIsREUHCQagNqWE,https://www.google.com/maps/search/?api=1&query=LuckyDay%20Plumbing%20%26%20Pipelining&query_place_id=ChIJd-tsIiP6kIsREUHCQagNqWE,Unverified,No confirmed PE/public/franchise match; most FL contractors are independently owned — ownership not verified,1
B — Phone + priority county,MVP PLUMBING SOLUTIONS LLC,Plumbing,Independent / Likely Family-Owned (unverified),Hillsborough,Tampa,33607,"2711 W Dewey St, Tampa, FL, 33607",(813) 521-9572,mvpplumbingsolution.com,4.7,26,Plumber,CFC,CFC1431537,new,,companies.json (exact_name),ChIJcRjfZEfDwogRq-JQW_j9XyE,https://www.google.com/maps/search/?api=1&query=MVP%20Plumbing%20Solutions%20LLC&query_place_id=ChIJcRjfZEfDwogRq-JQW_j9XyE,Unverified,No confirmed PE/public/franchise match; most FL contractors are independently owned — ownership not verified,1
B — Phone + priority county,WALKER PLUMBING,Plumbing,Independent / Likely Family-Owned (unverified),Lee,Sanibel,33957,"659 Cardium St, Sanibel, FL, 33957",(239) 395-2689,,4.7,26,"Plumber, Contractor, Drainage service",CFC,CFC1432092,new,,companies.json (exact_name),ChIJnXHWJIEw24gRo8oO5qLyXb0,https://www.google.com/maps/search/?api=1&query=Walker%20Plumbing&query_place_id=ChIJnXHWJIEw24gRo8oO5qLyXb0,Unverified,No confirmed PE/public/franchise match; most FL contractors are independently owned — ownership not verified,1
B — Phone + priority county,AIR CONDITIONING MD INC,HVAC,Independent / Likely Family-Owned (unverified),Manatee,Palmetto,34221,"9335 Rae'S Creek Place, Palmetto, FL, 34221",(239) 465-2905,www.facebook.com/SWFLplumbingMD,5,25,Plumber,CAC,CAC1815282,new,,companies.json (exact_name),ChIJ6VnT5hhF24gRmi3qN-q8XSw,https://www.google.com/maps/search/?api=1&query=Plumbing%20MD%2C%20LLC&query_place_id=ChIJ6VnT5hhF24gRmi3qN-q8XSw,Unverified,No confirmed PE/public/franchise match; most FL contractors are independently owned — ownership not verified,1
B — Phone + priority county,ARROW HVAC CORP,HVAC,Independent / Likely Family-Owned (unverified),Miami-Dade,Coral Gables,33146,"1526 Blue Road, Coral Gables, FL, 33146",(941) 365-0778,www.arrowplumbingservicesllc.com,3.7,25,"Plumber, General contractor, Plumbing supply store",CAC,CAC058552,new,,companies.json (exact_name),ChIJfWzO1HtAw4gR_hFmaY__Gqc,https://www.google.com/maps/search/?api=1&query=Arrow%20Plumbing%20Corporation&query_place_id=ChIJfWzO1HtAw4gR_hFmaY__Gqc,Unverified,No confirmed PE/public/franchise match; most FL contractors are independently owned — ownership not verified,1
B — Phone + priority county,ARROW PLUMBING SERVICES LLC,Plumbing,Independent / Likely Family-Owned (unverified),Sarasota,Sarasota,34239,"1836 Bahia Vista St, Sarasota, FL, 34239",(941) 365-0778,www.arrowplumbingservicesllc.com,3.7,25,"Plumber, General contractor, Plumbing supply store",CFC,CFC1428792,new,,companies.json (exact_name),ChIJfWzO1HtAw4gR_hFmaY__Gqc,https://www.google.com/maps/search/?api=1&query=Arrow%20Plumbing%20Corporation&query_place_id=ChIJfWzO1HtAw4gR_hFmaY__Gqc,Unverified,No confirmed PE/public/franchise match; most FL contractors are independently owned — ownership not verified,1
B — Phone + priority county,"DORIAN PLUMBING,LLC",Plumbing,Independent / Likely Family-Owned (unverified),Collier,Naples,34105,"6561 Marbella Lane, Naples, FL, 34105",(239) 232-2529,www.dorianplumbing.com,4.8,25,"Plumber, Drainage service, Service establishment, Hot water system supplier",CFC,CFC1430703,new,,companies.json (exact_name),ChIJGZeiV-Ad24gRXzNqvDPBB9k,https://www.google.com/maps/search/?api=1&query=Dorian%20Plumbing&query_place_id=ChIJGZeiV-Ad24gRXzNqvDPBB9k,Unverified,No confirmed PE/public/franchise match; most FL contractors are independently owned — ownership not verified,1
B — Phone + priority county,MD AIR CONDITIONING AND HEATING INC.,HVAC,Independent / Likely Family-Owned (unverified),St. Lucie,Port St Lucie,34983,"1268 Se Naples Lane, Port St Lucie, FL, 34983",(239) 465-2905,www.facebook.com/SWFLplumbingMD,5,25,Plumber,CAC,CAC057697,new,,companies.json (exact_name),ChIJ6VnT5hhF24gRmi3qN-q8XSw,https://www.google.com/maps/search/?api=1&query=Plumbing%20MD%2C%20LLC&query_place_id=ChIJ6VnT5hhF24gRmi3qN-q8XSw,Unverified,No confirmed PE/public/franchise match; most FL contractors are independently owned — ownership not verified,1
B — Phone + priority county,"PANTHER AIR CONDITIONING, LLC",Mechanical,Independent / Likely Family-Owned (unverified),Miami-Dade,Miami,33176,"8901 Sw 129 Street, Miami, FL, 33176",(239) 433-0343,www.pantherplb.com,4,25,Plumber,CMC,CMC1250904,new,,companies.json (exact_name),ChIJjwXW_sgV24gRw9qdQ2PuJlY,https://www.google.com/maps/search/?api=1&query=Panther%20Plumbing%20Inc&query_place_id=ChIJjwXW_sgV24gRw9qdQ2PuJlY,Unverified,No confirmed PE/public/franchise match; most FL contractors are independently owned — ownership not verified,1
B — Phone + priority county,PANTHER PLUMBING INC,Plumbing,Independent / Likely Family-Owned (unverified),Lee,Fort Myers,33967,"17251 Alico Center Rd Ste 6, Fort Myers, FL, 33967",(239) 433-0343,www.pantherplb.com,4,25,Plumber,CFC,CFC057157,new,,companies.json (exact_name),ChIJjwXW_sgV24gRw9qdQ2PuJlY,https://www.google.com/maps/search/?api=1&query=Panther%20Plumbing%20Inc&query_place_id=ChIJjwXW_sgV24gRw9qdQ2PuJlY,Unverified,No confirmed PE/public/franchise match; most FL contractors are independently owned — ownership not verified,1
B — Phone + priority county,PLUMBOSS INC.,Plumbing,Independent / Likely Family-Owned (unverified),Lee,Fort Myers,33967,"17000   Alico Commerce Ct #103, Fort Myers, FL, 33967",(239) 641-1400,plumbossinc.com,4.7,25,"Plumber, Contractor",CFC,CFC1429900,new,,companies.json (exact_name),ChIJ23AX7Ykc24gRTK667mPCjlE,https://www.google.com/maps/search/?api=1&query=PlumBoss%20Inc.&query_place_id=ChIJ23AX7Ykc24gRTK667mPCjlE,Unverified,No confirmed PE/public/franchise match; most FL contractors are independently owned — ownership not verified,1
B — Phone + priority county,PRO QUALITY PLUMBING INC,Plumbing,Independent / Likely Family-Owned (unverified),Lee,Lehigh Acres,33976,"4606 Hazel Ave S, Lehigh Acres, FL, 33976",(239) 688-3682,pqplumbing.net,4.9,25,"Plumber, Drainage service, Repair service",CFC,CFC1428359,new,,companies.json (exact_name),ChIJe7FQzbhy24gROR48n4dT5yI,https://www.google.com/maps/search/?api=1&query=Pro%20Quality%20Plumbing%20Inc.&query_place_id=ChIJe7FQzbhy24gROR48n4dT5yI,Unverified,No confirmed PE/public/franchise match; most FL contractors are independently owned — ownership not verified,1
B — Phone + priority county,TPK INC,Plumbing,Independent / Likely Family-Owned (unverified),Lee,Lehigh Acres,33972,"1221 Cortez Avenue, Lehigh Acres, FL, 33972",(239) 369-0404,tpkplumbing.tripod.com,4.6,25,Plumber,CFC,CFC1427448,new,,companies.json (exact_name),ChIJK7_RxGJx24gRak_ahadlv5U,https://www.google.com/maps/search/?api=1&query=Tpk%20Plumbing&query_place_id=ChIJK7_RxGJx24gRak_ahadlv5U,Unverified,No confirmed PE/public/franchise match; most FL contractors are independently owned — ownership not verified,1
B — Phone + priority county,"2ND CENTURY PLUMBING, LLC",Plumbing,Independent / Likely Family-Owned (unverified),Collier,Naples,34116,"6221  Painted Leaf Lane, Naples, FL, 34116",(239) 353-7654,,4,24,Plumber,CFC,CFC1425897; CFC1431762,new,,companies.json (exact_name),ChIJsV7P8p_h2ogRkInCIy5RRU8,https://www.google.com/maps/search/?api=1&query=2nd%20Century%20Plumbing&query_place_id=ChIJsV7P8p_h2ogRkInCIy5RRU8,Unverified,No confirmed PE/public/franchise match; most FL contractors are independently owned — ownership not verified,2
B — Phone + priority county,PASADENA PLUMBING INC,Plumbing,Independent / Likely Family-Owned (unverified),Pinellas,St Petersburg,33710-8303,"6961 1St Ave N, St Petersburg, FL, 33710-8303",(727) 381-7969,,4.5,24,Plumber,CFC,CFC044182; CFC056896,new,,companies.json (exact_name),ChIJPQ6O1NLiwogR-Ges_9KuU58,https://www.google.com/maps/search/?api=1&query=Pasadena%20Plumbing%20Inc&query_place_id=ChIJPQ6O1NLiwogR-Ges_9KuU58,Unverified,No confirmed PE/public/franchise match; most FL contractors are independently owned — ownership not verified,2
B — Phone + priority county,PINELLAS PLUMBING LLC,Plumbing,Independent / Likely Family-Owned (unverified),Pinellas,Clearwater,33765,"2415 Nash St, Clearwater, FL, 33765",(727) 768-0100,www.thebluebook.com/iProView/1764691,3.7,24,Plumber,CFC,CFC1428495,new,,companies.json (exact_name),ChIJReCGegDlwogRD6RrPEosh6U,https://www.google.com/maps/search/?api=1&query=Pinellas%20Plumbing%20LLC&query_place_id=ChIJReCGegDlwogRD6RrPEosh6U,Unverified,No confirmed PE/public/franchise match; most FL contractors are independently owned — ownership not verified,1
B — Phone + priority county,"SHADDAI PLUMBING, LLC",Plumbing,Independent / Likely Family-Owned (unverified),Miami-Dade,Miami,33170,"12435 Sw 219Th Street, Miami, FL, 33170",(239) 834-8019,shaddaiplumbing.com,5,24,"Plumber, Service establishment",CFC,CFC1432169,new,,companies.json (exact_name),ChIJLf1Jm6LzJkIR0kiE_eGg8ig,https://www.google.com/maps/search/?api=1&query=Shaddai%20Plumbing&query_place_id=ChIJLf1Jm6LzJkIR0kiE_eGg8ig,Unverified,No confirmed PE/public/franchise match; most FL contractors are independently owned — ownership not verified,1
B — Phone + priority county,"THIRD COAST PLUMBING & GAS, INC",Plumbing,Independent / Likely Family-Owned (unverified),Sarasota,Venice,34293,"12644 Sagewood Drive, Venice, FL, 34293",(941) 726-2858,,4.5,24,Plumber,CFC,CFC1430254,new,,companies.json (exact_name),ChIJLYr2YCVVw4gRo7TqNL8DvYc,https://www.google.com/maps/search/?api=1&query=Third%20Coast%20Plumbing%20%26%20Gas&query_place_id=ChIJLYr2YCVVw4gRo7TqNL8DvYc,Unverified,No confirmed PE/public/franchise match; most FL contractors are independently owned — ownership not verified,1
B — Phone + priority county,"ADVANCED AIR CONDITIONING, LLC",HVAC,Independent / Likely Family-Owned (unverified),Orange,Orlando,32825,"9409 Raven Dell Street, Orlando, FL, 32825",(850) 234-3731,,3.3,23,Plumber,CAC,CAC1817450,new,,companies.json (exact_name),ChIJy0FwQLqIk4gRGZc4_xOfViM,https://www.google.com/maps/search/?api=1&query=Advanced%20Plumbing%20Services&query_place_id=ChIJy0FwQLqIk4gRGZc4_xOfViM,Unverified,No confirmed PE/public/franchise match; most FL contractors are independently owned — ownership not verified,1
B — Phone + priority county,ADVANCED COOLING AND HEATING LLC,HVAC,Independent / Likely Family-Owned (unverified),Palm Beach,Palm Beach Gardens,33418,"39 Dunbar Road, Palm Beach Gardens, FL, 33418",(850) 234-3731,,3.3,23,Plumber,CAC,CAC057209,new,,companies.json (exact_name),ChIJy0FwQLqIk4gRGZc4_xOfViM,https://www.google.com/maps/search/?api=1&query=Advanced%20Plumbing%20Services&query_place_id=ChIJy0FwQLqIk4gRGZc4_xOfViM,Unverified,No confirmed PE/public/franchise match; most FL contractors are independently owned — ownership not verified,1
B — Phone + priority county,"ADVANCED COOLING, INC.",HVAC,Independent / Likely Family-Owned (unverified),Miami-Dade,Miami,33196,"15231 Sw 114Th Terrace, Miami, FL, 33196",(850) 234-3731,,3.3,23,Plumber,"CAC, RA",CAC1821074; RA13067493,new,,companies.json (exact_name),ChIJy0FwQLqIk4gRGZc4_xOfViM,https://www.google.com/maps/search/?api=1&query=Advanced%20Plumbing%20Services&query_place_id=ChIJy0FwQLqIk4gRGZc4_xOfViM,Unverified,No confirmed PE/public/franchise match; most FL contractors are independently owned — ownership not verified,2
B — Phone + priority county,ALL SERVICE PLUMBING OF PASCO INC,Plumbing,Independent / Likely Family-Owned (unverified),Pasco,New Port Richey,34656,"P O Box 1784, New Port Richey, FL, 34656",(866) 477-9272,www.allserviceplumbingofpascoinc.com,4.3,23,"Plumber, Service establishment","CFC, RF",CFC1428708; RF0067201,new,,companies.json (exact_name),ChIJUzXpv7CRwogROsraeptkwd4,https://www.google.com/maps/search/?api=1&query=All%20Service%20Plumbing%20of%20Pasco%20Inc.&query_place_id=ChIJUzXpv7CRwogROsraeptkwd4,Unverified,No confirmed PE/public/franchise match; most FL contractors are independently owned — ownership not verified,2
B — Phone + priority county,CAPE SHORE PLUMBING AND SERVICES INC.,Plumbing,Independent / Likely Family-Owned (unverified),Lee,Cape Coral,33993,"1409 Nw 10Th Street, Cape Coral, FL, 33993",(239) 677-9544,www.capeshoreplumbing.com,3.9,22,"Plumber, Service establishment",CFC,CFC1427117,new,,companies.json (exact_name),ChIJ9xIbt9ZF24gRF7Nq2o0i-os,https://www.google.com/maps/search/?api=1&query=Cape%20Shore%20Plumbing%20and%20Services%2C%20Inc.&query_place_id=ChIJ9xIbt9ZF24gRF7Nq2o0i-os,Unverified,No confirmed PE/public/franchise match; most FL contractors are independently owned — ownership not verified,1
B — Phone + priority county,"PROFESSIONAL AIR SOLUTIONS, INC.",HVAC,Independent / Likely Family-Owned (unverified),Pinellas,Gulfport,33707,"5709 17Th Ave South, Gulfport, FL, 33707",(727) 824-9999,,4,22,"Plumber, Bathroom remodeler, Kitchen remodeler",CAC,CAC1817440,new,,companies.json (exact_name),ChIJp2lH_IzkwogRfCvv9zk8kMM,https://www.google.com/maps/search/?api=1&query=Professional%20Plumbing%20Solutions%20Inc.&query_place_id=ChIJp2lH_IzkwogRfCvv9zk8kMM,Unverified,No confirmed PE/public/franchise match; most FL contractors are independently owned — ownership not verified,1
B — Phone + priority county,PROFESSIONAL PLUMBING SOLUTIONS INC,Plumbing,Independent / Likely Family-Owned (unverified),Pinellas,Pinellas Park,33780,"Po Box 296, Pinellas Park, FL, 33780",(727) 824-9999,,4,22,"Plumber, Bathroom remodeler, Kitchen remodeler",CFC,CFC1427257,new,,companies.json (exact_name),ChIJp2lH_IzkwogRfCvv9zk8kMM,https://www.google.com/maps/search/?api=1&query=Professional%20Plumbing%20Solutions%20Inc.&query_place_id=ChIJp2lH_IzkwogRfCvv9zk8kMM,Unverified,No confirmed PE/public/franchise match; most FL contractors are independently owned — ownership not verified,1
B — Phone + priority county,BOHALL PLUMBING CO,Plumbing,Independent / Likely Family-Owned (unverified),Collier,Naples,34116,"4600 11Th Ave Sw, Naples, FL, 34116",(239) 455-9520,bohallplumbing.com,5,21,"Plumber, Service establishment",CFC,CFC046985,new,,companies.json (exact_name),ChIJ8V6ZIjcd24gRmrh96lzgzkk,https://www.google.com/maps/search/?api=1&query=Bohall%20Plumbing%20Co&query_place_id=ChIJ8V6ZIjcd24gRmrh96lzgzkk,Unverified,No confirmed PE/public/franchise match; most FL contractors are independently owned — ownership not verified,1
B — Phone + priority county,BUSTO PLUMBING SERVICES INC,Plumbing,Independent / Likely Family-Owned (unverified),Hillsborough,Tampa,33607-2043,"1702 W Saint Louis St, Tampa, FL, 33607-2043",(813) 251-1061,www.bustoplumbing.com,4,21,Plumber,CFC,CFC1427600,new,,companies.json (exact_name),ChIJp6aP34fDwogR6baTGZTRWaE,https://www.google.com/maps/search/?api=1&query=Busto%20Plumbing%20Services%20Inc&query_place_id=ChIJp6aP34fDwogR6baTGZTRWaE,Unverified,No confirmed PE/public/franchise match; most FL contractors are independently owned — ownership not verified,1
B — Phone + priority county,DAVE'S PLUMBING & MECHANICAL LLC,Plumbing,Independent / Likely Family-Owned (unverified),Sarasota,Venice,34293,"109 Sandhurst Drive, Venice, FL, 34293",(973) 294-2238,www.facebook.com/share/17n3jtsRDy,5,21,Plumber,CFC,CFC1434195,new,,companies.json (exact_name),ChIJPaRZcKYLJaYRPAd3jY4XVCE,https://www.google.com/maps/search/?api=1&query=Dave%E2%80%99s%20Plumbing%20%26%20Mechanical%20LLC&query_place_id=ChIJPaRZcKYLJaYRPAd3jY4XVCE,Unverified,No confirmed PE/public/franchise match; most FL contractors are independently owned — ownership not verified,1
B — Phone + priority county,DENNIE MILLER PLUMBING INC.,Plumbing,Independent / Likely Family-Owned (unverified),Lee,North Fort Myers,33917,"17870  Durrance Rd., North Fort Myers, FL, 33917",(239) 656-6003,www.denniemillerplumbing.com,4.6,21,Plumber,CFC,CFC056845,new,,companies.json (exact_name),ChIJ0Rs2icdo24gRJ5SIhU--rak,https://www.google.com/maps/search/?api=1&query=Dennie%20Miller%20Plumbing&query_place_id=ChIJ0Rs2icdo24gRJ5SIhU--rak,Unverified,No confirmed PE/public/franchise match; most FL contractors are independently owned — ownership not verified,1
B — Phone + priority county,FOX PLUMBING SERVICES INC,Plumbing,Independent / Likely Family-Owned (unverified),Sarasota,Sarasota,34233-2514,"4411 Bee Ridge Road #286, Sarasota, FL, 34233-2514",(941) 377-4477,www.foxplumbingservicesinc.com,4.8,21,Plumber,CFC,CFC056794; CFC1429884,new,,companies.json (exact_name),ChIJ4y6Ath5v24gRo6hznKjJfNs,https://www.google.com/maps/search/?api=1&query=Fox%20Plumbing%20inc&query_place_id=ChIJ4y6Ath5v24gRo6hznKjJfNs,Unverified,No confirmed PE/public/franchise match; most FL contractors are independently owned — ownership not verified,2
B — Phone + priority county,J SCHULZ PLUMBING INC,Plumbing,Independent / Likely Family-Owned (unverified),Pasco,Hudson,34669,"13750  Trull Way, Hudson, FL, 34669",(727) 863-2781,www.jschulzplumbing.com,4.9,21,Plumber,CFC,CFC057308,new,,companies.json (exact_name),ChIJ_x_31lqZwogR9gUivWpHfhE,https://www.google.com/maps/search/?api=1&query=J%20Schulz%20Plumbing%20Inc.&query_place_id=ChIJ_x_31lqZwogR9gUivWpHfhE,Unverified,No confirmed PE/public/franchise match; most FL contractors are independently owned — ownership not verified,1
B — Phone + priority county,"SRQ AIR, LLC",HVAC,Independent / Likely Family-Owned (unverified),Sarasota,Sarasota,34241,"6882 Tema Lane, Sarasota, FL, 34241",(941) 894-8642,www.srqplumbing.net,5,21,Plumber,CAC,CAC1821501,new,,companies.json (exact_name),ChIJL0x_6L8_w4gRDfYf5s6AvZE,https://www.google.com/maps/search/?api=1&query=SRQ%20Plumbing%20LLC&query_place_id=ChIJL0x_6L8_w4gRDfYf5s6AvZE,Unverified,No confirmed PE/public/franchise match; most FL contractors are independently owned — ownership not verified,1
B — Phone + priority county,SRQ HEATING AND COOLING INC,HVAC,Independent / Likely Family-Owned (unverified),Sarasota,Sarasota,34232,"5508 Wilde Oak Way, Sarasota, FL, 34232",(941) 894-8642,www.srqplumbing.net,5,21,Plumber,CAC,CAC1820489,new,,companies.json (exact_name),ChIJL0x_6L8_w4gRDfYf5s6AvZE,https://www.google.com/maps/search/?api=1&query=SRQ%20Plumbing%20LLC&query_place_id=ChIJL0x_6L8_w4gRDfYf5s6AvZE,Unverified,No confirmed PE/public/franchise match; most FL contractors are independently owned — ownership not verified,1
B — Phone + priority county,SRQ PLUMBING LLC,Plumbing,Independent / Likely Family-Owned (unverified),Sarasota,Sarasota,34235,"4120 42Nd St, Sarasota, FL, 34235",(941) 894-8642,www.srqplumbing.net,5,21,Plumber,CFC,CFC1431186,new,,companies.json (exact_name),ChIJL0x_6L8_w4gRDfYf5s6AvZE,https://www.google.com/maps/search/?api=1&query=SRQ%20Plumbing%20LLC&query_place_id=ChIJL0x_6L8_w4gRDfYf5s6AvZE,Unverified,No confirmed PE/public/franchise match; most FL contractors are independently owned — ownership not verified,1
B — Phone + priority county,BADGER'S PLUMBING SERVICE INC,Plumbing,Independent / Likely Family-Owned (unverified),Sarasota,Englewood,34223,"352 West Green Street, Englewood, FL, 34223",(941) 475-3808,www.badgersplumbingservice.com,4.1,20,Plumber,CFC,CFC1429216,new,,companies.json (exact_name),ChIJkagdoyaoxIgRiEm5e3FcH9U,https://www.google.com/maps/search/?api=1&query=Badger's%20Plumbing%20Service%2C%20Inc.&query_place_id=ChIJkagdoyaoxIgRiEm5e3FcH9U,Unverified,No confirmed PE/public/franchise match; most FL contractors are independently owned — ownership not verified,1
B — Phone + priority county,THE WAY PLUMBING LLC,Plumbing,Independent / Likely Family-Owned (unverified),Manatee,Parrish,34219,"10244 Kalamazoo Pl, Parrish, FL, 34219",(941) 301-8215,www.thewayplumbers.com,5,20,"Plumber, Drainage service, Service establishment",CFC,CFC1433717,new,,companies.json (exact_name),ChIJWeDrXRmGpKoR3h2GwwmbxEQ,https://www.google.com/maps/search/?api=1&query=The%20Way%20Plumbing%20LLC&query_place_id=ChIJWeDrXRmGpKoR3h2GwwmbxEQ,Unverified,No confirmed PE/public/franchise match; most FL contractors are independently owned — ownership not verified,1
B — Phone + priority county,ZOLTAN KOVACS PLUMBING INC,Plumbing,Independent / Likely Family-Owned (unverified),Pasco,New Port Richey,34654,"9317 Beaufort Ct, New Port Richey, FL, 34654",(727) 418-0132,www.zoltankovacsplumbing.com,5,20,"Contractor, Bathroom remodeler, Service establishment, Kitchen remodeler, Plumber, Water softening equipment supplier",CFC,CFC057231,new,,companies.json (exact_name),ChIJ84NdxT8aBgsRLbkp5C49giU,https://www.google.com/maps/search/?api=1&query=Zoltan%20Kovacs%20Plumbing%20Inc&query_place_id=ChIJ84NdxT8aBgsRLbkp5C49giU,Unverified,No confirmed PE/public/franchise match; most FL contractors are independently owned — ownership not verified,1
B — Phone + priority county,SHAMROCK PLUMBING & MECHANICAL INC,Plumbing,Independent / Likely Family-Owned (unverified),Collier,Naples,34101,"Post Office Box 9872, Naples, FL, 34101",(239) 592-7080,,2.9,19,Plumber,CFC,CFC1426046,new,,companies.json (exact_name),ChIJGxT-9Eb92ogRe4Pv1ivkruM,https://www.google.com/maps/search/?api=1&query=Shamrock%20Plumbing%20%26%20Mechanical%2C%20Inc&query_place_id=ChIJGxT-9Eb92ogRe4Pv1ivkruM,Unverified,No confirmed PE/public/franchise match; most FL contractors are independently owned — ownership not verified,1
B — Phone + priority county,FLAMINGO PLUMBING & BACKFLOW SERVICES,Plumbing,Independent / Likely Family-Owned (unverified),Palm Beach,West Palm Beach,33411,"2781 Vista Parkway K 10, West Palm Beach, FL, 33411",(772) 266-0400,www.flamingoplumbing.com,4.6,18,"Plumber, Septic system service",CFC,CFC1426338,new,,companies.json (exact_name),ChIJKVvhmfvD3ogR56xaoZH3o5s,https://www.google.com/maps/search/?api=1&query=Flamingo%20Plumbing%20%26%20Backflow&query_place_id=ChIJKVvhmfvD3ogR56xaoZH3o5s,Unverified,No confirmed PE/public/franchise match; most FL contractors are independently owned — ownership not verified,1
B — Phone + priority county,"INDIGO PLUMBING, LLC",Plumbing,Independent / Likely Family-Owned (unverified),Lee,Fort Myers,33966,"6200-A Topaz Ct., Fort Myers, FL, 33966",(239) 332-0201,indigoplumbing.com,4.1,18,Plumber,CFC,CFC056809,new,,companies.json (exact_name),ChIJ0UbYKytr24gR_UjwhnV-biU,https://www.google.com/maps/search/?api=1&query=Indigo%20Plumbing%2C%20LLC&query_place_id=ChIJ0UbYKytr24gR_UjwhnV-biU,Unverified,No confirmed PE/public/franchise match; most FL contractors are independently owned — ownership not verified,1
B — Phone + priority county,"MURPHY'S PLUMBING, LLC",Plumbing,Independent / Likely Family-Owned (unverified),Lee,Lehigh Acres,33972,"1126 Irving Ave, Lehigh Acres, FL, 33972",(850) 851-6007,murphysplumbingservice.net,4.8,18,Plumber,CFC,CFC1433057,new,,companies.json (exact_name),ChIJr5aWU5V5k4gR_KN7N1SXfE8,https://www.google.com/maps/search/?api=1&query=Murphy's%20Plumbing%20Service%20LLC&query_place_id=ChIJr5aWU5V5k4gR_KN7N1SXfE8,Unverified,No confirmed PE/public/franchise match; most FL contractors are independently owned — ownership not verified,1
B — Phone + priority county,"RH PLUMBING SOLUTIONS, LLC",Plumbing,Independent / Likely Family-Owned (unverified),Sarasota,Sarasota,34233,"4545 Mariotti Court, Unit M, Sarasota, FL, 34233",(941) 924-3057,rhplumbingsolutions.com,5,18,"Plumber, Drainage service",CFC,CFC049458,new,,companies.json (exact_name),ChIJ9WCKXcNBw4gRhp7UYnwFt58,https://www.google.com/maps/search/?api=1&query=RH%20Plumbing%20Solutions&query_place_id=ChIJ9WCKXcNBw4gRhp7UYnwFt58,Unverified,No confirmed PE/public/franchise match; most FL contractors are independently owned — ownership not verified,1
B — Phone + priority county,TRINITY COOLING INC.,HVAC,Independent / Likely Family-Owned (unverified),Lee,North Fort Myers,33903,"3803 Richard Rd, North Fort Myers, FL, 33903",(727) 376-7111,www.trinityplumbingoftampa.com,3.9,18,Plumber,CAC,CAC1822024,new,,companies.json (exact_name),ChIJtQSE5ASUwogRQPQGvVU7y8U,https://www.google.com/maps/search/?api=1&query=Trinity%20Plumbing&query_place_id=ChIJtQSE5ASUwogRQPQGvVU7y8U,Unverified,No confirmed PE/public/franchise match; most FL contractors are independently owned — ownership not verified,1
B — Phone + priority county,VITAL PLUMBING,Plumbing,Independent / Likely Family-Owned (unverified),Lee,Fort Myers,33967,"19553 Devonwood Circle, Fort Myers, FL, 33967",(239) 910-9921,vitalplumbingllc.com,4.8,18,Plumber,CFC,CFC1430258,new,,companies.json (exact_name),ChIJ2XPkRBEX24gRPlT3gj0gqEU,https://www.google.com/maps/search/?api=1&query=Vital%20Plumbing&query_place_id=ChIJ2XPkRBEX24gRPlT3gj0gqEU,Unverified,No confirmed PE/public/franchise match; most FL contractors are independently owned — ownership not verified,1
B — Phone + priority county,"COASTAL PLUMBING OF SOUTHWEST FLORIDA, LLC",Plumbing,Independent / Likely Family-Owned (unverified),Manatee,Parrish,34219,"16988 Rosedown Glen, Parrish, FL, 34219",(941) 315-9323,coastalplumbingswfl.com,4.5,17,Plumber,CFC,CFC1430012,new,,companies.json (exact_name),ChIJT9HT1-dHw4gRXP1DvO1jNXs,https://www.google.com/maps/search/?api=1&query=Coastal%20Plumbing%20of%20Southwest%20Fl%2C%20LLC&query_place_id=ChIJT9HT1-dHw4gRXP1DvO1jNXs,Unverified,No confirmed PE/public/franchise match; most FL contractors are independently owned — ownership not verified,1
B — Phone + priority county,BLUE RIBBON PLUMBING SERVICE INC,Plumbing,Independent / Likely Family-Owned (unverified),Manatee,Bradenton,34211,"17626 Polo Trail, Bradenton, FL, 34211",(941) 923-9443,blueribbonplumbingservice.com,4.2,16,"Plumber, Service establishment",CFC,CFC051644,new,,companies.json (exact_name),ChIJUag5eQ04w4gRQ1DV9F6L-Ag,https://www.google.com/maps/search/?api=1&query=Blue%20Ribbon%20Plumbing%20Service%20Inc.&query_place_id=ChIJUag5eQ04w4gRQ1DV9F6L-Ag,Unverified,No confirmed PE/public/franchise match; most FL contractors are independently owned — ownership not verified,1
B — Phone + priority county,BOURGOING PLUMBING LLC,Plumbing,Independent / Likely Family-Owned (unverified),Pinellas,Largo,33770,"97 Mineola Dr E, Largo, FL, 33770",(727) 275-0012,www.bourgoingplumbing.com,5,16,"Plumber, Service establishment",CFC,CFC1430447,new,,companies.json (exact_name),ChIJxY2n8uH7wogRQ-G0nFOGgvk,https://www.google.com/maps/search/?api=1&query=Bourgoing%20Plumbing%2C%20LLC&query_place_id=ChIJxY2n8uH7wogRQ-G0nFOGgvk,Unverified,No confirmed PE/public/franchise match; most FL contractors are independently owned — ownership not verified,1
B — Phone + priority county,CJ'S AIR CONDITIONING LLC,HVAC,Independent / Likely Family-Owned (unverified),Broward,Fort Lauderdale,33301,"86 Isle Of Venice Dr Apt #4, Fort Lauderdale, FL, 33301",(941) 722-2702,,3.9,16,Plumber,CAC,CAC1820025,new,,companies.json (exact_name),ChIJyZK64yQ9w4gREz0QPYR3ouQ,https://www.google.com/maps/search/?api=1&query=CJ's%20Plumbing&query_place_id=ChIJyZK64yQ9w4gREz0QPYR3ouQ,Unverified,No confirmed PE/public/franchise match; most FL contractors are independently owned — ownership not verified,1
B — Phone + priority county,DIXIE PLUMBING INC,Plumbing,Independent / Likely Family-Owned (unverified),Palm Beach,Jupiter,33458,"115 Juno Street, Jupiter, FL, 33458",(850) 220-9350,,5,16,Plumber,CFC,CFC1425670; CFC1430769,new,,companies.json (exact_name),ChIJVVqRTn1fkIgRA2wM-dywlkQ,https://www.google.com/maps/search/?api=1&query=Dixie%20Services&query_place_id=ChIJVVqRTn1fkIgRA2wM-dywlkQ,Unverified,No confirmed PE/public/franchise match; most FL contractors are independently owned — ownership not verified,2
B — Phone + priority county,"DIXIE PLUMBING SERVICE, INC",Plumbing,Independent / Likely Family-Owned (unverified),Broward,Pompano Beach,33069,"1900 N Andrews Ave Ste B, Pompano Beach, FL, 33069",(850) 220-9350,,5,16,Plumber,CFC,CFC019074; CFC1430099,new,,companies.json (exact_name),ChIJVVqRTn1fkIgRA2wM-dywlkQ,https://www.google.com/maps/search/?api=1&query=Dixie%20Services&query_place_id=ChIJVVqRTn1fkIgRA2wM-dywlkQ,Unverified,No confirmed PE/public/franchise match; most FL contractors are independently owned — ownership not verified,2
B — Phone + priority county,ACCUFLOW PLUMBING INC,Plumbing,Independent / Likely Family-Owned (unverified),Lee,Fort Myers,33905,"4440 Williamson Rd, Fort Myers, FL, 33905",(239) 770-7078,www.accuflowsolutions.com,4.7,15,Plumber,CFC,CFC1431006,new,,companies.json (exact_name),ChIJPaRODfJgFS4RAt1p5uSAQIY,https://www.google.com/maps/search/?api=1&query=Accuflow%20Plumbing%20Inc&query_place_id=ChIJPaRODfJgFS4RAt1p5uSAQIY,Unverified,No confirmed PE/public/franchise match; most FL contractors are independently owned — ownership not verified,1
B — Phone + priority county,AQUA DUCK PLUMBING LLC,Plumbing,Independent / Likely Family-Owned (unverified),Sarasota,Venice,34293,"1530 Fundy Rd, Venice, FL, 34293",(941) 786-7059,www.aquaduckplumbingllc.com,4.7,15,Plumber,CFC,CFC1428873,new,,companies.json (exact_name),ChIJLwDEuEpZw4gR9e_lGXIyFao,https://www.google.com/maps/search/?api=1&query=Aqua%20Duck%20Plumbing%20LLC&query_place_id=ChIJLwDEuEpZw4gR9e_lGXIyFao,Unverified,No confirmed PE/public/franchise match; most FL contractors are independently owned — ownership not verified,1
B — Phone + priority county,ONE CALL PLUMBING & BACKFLOW,Plumbing,Independent / Likely Family-Owned (unverified),Lee,Alva,33920,"17630 English Lane, Alva, FL, 33920",(239) 895-7979,onecallpb.com,4.7,15,"Plumber, Service establishment",CFC,CFC1430047,new,,companies.json (exact_name),ChIJVwQEc_Jx24gR6KSVwtJs2ow,https://www.google.com/maps/search/?api=1&query=One%20Call%20Plumbing%20%26%20Backflow&query_place_id=ChIJVwQEc_Jx24gR6KSVwtJs2ow,Unverified,No confirmed PE/public/franchise match; most FL contractors are independently owned — ownership not verified,1
B — Phone + priority county,"PLUMB CRAZY PLUMBERS, INC",Plumbing,Independent / Likely Family-Owned (unverified),Pinellas,Safety Harbor,34695,"14  Scoter Cove, Safety Harbor, FL, 34695",(727) 729-9400,plumbcrazyplumbers.com,5,15,"Plumber, Service establishment",CFC,CFC1428868,new,,companies.json (exact_name),ChIJq6pGJdTiwogRWbHDpKZBx2w,https://www.google.com/maps/search/?api=1&query=Plumb%20Crazy%20Plumbers%20Inc&query_place_id=ChIJq6pGJdTiwogRWbHDpKZBx2w,Unverified,No confirmed PE/public/franchise match; most FL contractors are independently owned — ownership not verified,1
B — Phone + priority county,PLUMBING BY HART INC,Plumbing,Independent / Likely Family-Owned (unverified),Sarasota,Nokomis,34275,"737 Shore Road, Nokomis, FL, 34275",(941) 488-4745,,4.4,15,"Plumber, Septic system service",CFC,CFC1431838,new,,companies.json (exact_name),ChIJo-vElwVbw4gR_lAd-okZhmA,https://www.google.com/maps/search/?api=1&query=Plumbing%20by%20Hart&query_place_id=ChIJo-vElwVbw4gR_lAd-okZhmA,Unverified,No confirmed PE/public/franchise match; most FL contractors are independently owned — ownership not verified,1
B — Phone + priority county,RSA PLUMBING LLC,Plumbing,Independent / Likely Family-Owned (unverified),Sarasota,Englewood,34223,"845 Bayshore Dr, Englewood, FL, 34223",(941) 281-8565,,4.9,15,Plumber,CFC,CFC1429101,new,,companies.json (exact_name),ChIJCzhm5OtXw4gRO5oAa_Fq1XQ,https://www.google.com/maps/search/?api=1&query=RSA%20Plumbing%2C%20LLC&query_place_id=ChIJCzhm5OtXw4gRO5oAa_Fq1XQ,Unverified,No confirmed PE/public/franchise match; most FL contractors are independently owned — ownership not verified,1
B — Phone + priority county,DAUDERT PLUMBING INC,Plumbing,Independent / Likely Family-Owned (unverified),Collier,Naples,34116,"2181 51St Terrace Sw, Naples, FL, 34116",(239) 298-9914,daudertplumbing.com,5,14,"Plumber, Pump supplier",CFC,CFC1429051,new,,companies.json (exact_name),ChIJrddQyH_j2ogRb6w9f7S84W8,https://www.google.com/maps/search/?api=1&query=Daudert%20Plumbing%20Inc&query_place_id=ChIJrddQyH_j2ogRb6w9f7S84W8,Unverified,No confirmed PE/public/franchise match; most FL contractors are independently owned — ownership not verified,1
B — Phone + priority county,HUGHES HEATING AND COOLING,HVAC,Independent / Likely Family-Owned (unverified),Manatee,Bradenton,34205-3114,"3206 18Th Ave W, Bradenton, FL, 34205-3114",(727) 847-1170,www.hughessupply.com/hudson,4.6,14,Plumbing supply store,CAC,CAC1822628,new,,companies.json (exact_name),ChIJuzLWcoiQwogRZheawgCaBWQ,https://www.google.com/maps/search/?api=1&query=Hughes&query_place_id=ChIJuzLWcoiQwogRZheawgCaBWQ,Unverified,No confirmed PE/public/franchise match; most FL contractors are independently owned — ownership not verified,1
B — Phone + priority county,JOE HILLMAN PLUMBERS INC,Plumbing,Independent / Likely Family-Owned (unverified),Broward,Davie,33317,"2280 Sw 70Th Ave Suites 1 & 2, Davie, FL, 33317",(954) 283-5468,www.joehillmanplumbers.com,4.2,14,"Plumber, Contractor, Septic system service",CFC,CFC1427871,new,,companies.json (exact_name),ChIJswKdJont3ogRT0rKfGFoX30,https://www.google.com/maps/search/?api=1&query=Joe%20Hillman%20Plumbers%2C%20Inc.&query_place_id=ChIJswKdJont3ogRT0rKfGFoX30,Unverified,No confirmed PE/public/franchise match; most FL contractors are independently owned — ownership not verified,1
B — Phone + priority county,"CLASSIC DIAMOND PLUMBING, INC.",Plumbing,Independent / Likely Family-Owned (unverified),Collier,Naples,34109,"1717 J And C Blvd Unit 1, Naples, FL, 34109",(239) 591-4018,classicdiamondplumbing.com,4.1,13,Plumber,CFC,CFC1428773,new,,companies.json (exact_name),ChIJIYzsZXke24gRLMOPpfueGMw,https://www.google.com/maps/search/?api=1&query=Classic%20Diamond%20Plumbing&query_place_id=ChIJIYzsZXke24gRLMOPpfueGMw,Unverified,No confirmed PE/public/franchise match; most FL contractors are independently owned — ownership not verified,1
B — Phone + priority county,FLORIDA PLUMBING & SOLAR LLC,Plumbing,Independent / Likely Family-Owned (unverified),St. Lucie,Fort Pierce,34951,"8101 Fort Pierce Blvd, Fort Pierce, FL, 34951",(772) 323-4777,,5,13,"Plumber, Contractor",CFC,CFC1428367,new,,companies.json (exact_name),ChIJd0VZ7qj13ogRPvOydMLQUSM,https://www.google.com/maps/search/?api=1&query=Florida%20Plumbing%20%26%20Solar%20LLC&query_place_id=ChIJd0VZ7qj13ogRPvOydMLQUSM,Unverified,No confirmed PE/public/franchise match; most FL contractors are independently owned — ownership not verified,1
B — Phone + priority county,MASTER WORKS LTD CO,Plumbing + HVAC,Independent / Likely Family-Owned (unverified),Orange,Oakland,34787,"1740 Standing Rock Circle, Oakland, FL, 34787",(850) 376-3342,masterplumbingworks.com,4.7,13,Plumber,"CFC, CMC",CFC1428002; CMC1249951,new,,companies.json (exact_name),ChIJnctPU49DkYgRKrlx3_MONao,https://www.google.com/maps/search/?api=1&query=Master%20Plumbing%20Works&query_place_id=ChIJnctPU49DkYgRKrlx3_MONao,Unverified,No confirmed PE/public/franchise match; most FL contractors are independently owned — ownership not verified,2
B — Phone + priority county,OTTER PROFESSIONAL PLUMBING INC,Plumbing,Independent / Likely Family-Owned (unverified),Lee,Fort Myers,33967,"9291 Mooring Circle, Fort Myers, FL, 33967",(239) 269-2129,otterprofessionalplumbing.com,4.7,13,Plumber,CFC,CFC1431192,new,,companies.json (exact_name),ChIJe3vSb_0V24gRuIXzdkDeac0,https://www.google.com/maps/search/?api=1&query=Otter%20Professional%20Plumbing%20Inc.&query_place_id=ChIJe3vSb_0V24gRuIXzdkDeac0,Unverified,No confirmed PE/public/franchise match; most FL contractors are independently owned — ownership not verified,1
B — Phone + priority county,PALM CITY PLUMBING INC.,Plumbing,Independent / Likely Family-Owned (unverified),Martin,Palm City,34990,"11910 S.W. Parson Brown Ct., Palm City, FL, 34990",(772) 382-9590,palmcityplumbers.com,5,13,"Plumber, Drainage service, Hot water system supplier",CFC,CFC1432178,new,,companies.json (exact_name),ChIJOZ3Xr56JXooRtOh_s0pW1fM,https://www.google.com/maps/search/?api=1&query=Palm%20City%20Plumbing%20Inc.&query_place_id=ChIJOZ3Xr56JXooRtOh_s0pW1fM,Unverified,No confirmed PE/public/franchise match; most FL contractors are independently owned — ownership not verified,1
B — Phone + priority county,PELICAN AIR CONDITIONING LLC,HVAC,Independent / Likely Family-Owned (unverified),St. Lucie,Port St Lucie,34983,"492 Se Volkerts Terrace, Port St Lucie, FL, 34983",(239) 789-0420,www.pelican-plumbing.com,5,13,"Plumber, Service establishment",CAC,CAC1820664,new,,companies.json (exact_name),ChIJtWCASp4524gRztz1JDN__ls,https://www.google.com/maps/search/?api=1&query=Pelican%20Plumbing&query_place_id=ChIJtWCASp4524gRztz1JDN__ls,Unverified,No confirmed PE/public/franchise match; most FL contractors are independently owned — ownership not verified,1
B — Phone + priority county,PELICAN AIR INC,HVAC,Independent / Likely Family-Owned (unverified),Collier,Naples,34120,"101 25Th Street Nw, Naples, FL, 34120",(239) 789-0420,www.pelican-plumbing.com,5,13,"Plumber, Service establishment","CAC, RA",CAC1822746; RA13067614,new,,companies.json (exact_name),ChIJtWCASp4524gRztz1JDN__ls,https://www.google.com/maps/search/?api=1&query=Pelican%20Plumbing&query_place_id=ChIJtWCASp4524gRztz1JDN__ls,Unverified,No confirmed PE/public/franchise match; most FL contractors are independently owned — ownership not verified,2
B — Phone + priority county,PELICAN PLUMBING LLC,Plumbing,Independent / Likely Family-Owned (unverified),Lee,Cape Coral,33914,"4521 Sw 11Th Avenue, Cape Coral, FL, 33914",(239) 789-0420,www.pelican-plumbing.com,5,13,"Plumber, Service establishment",CFC,CFC1430814,new,,companies.json (exact_name),ChIJtWCASp4524gRztz1JDN__ls,https://www.google.com/maps/search/?api=1&query=Pelican%20Plumbing&query_place_id=ChIJtWCASp4524gRztz1JDN__ls,Unverified,No confirmed PE/public/franchise match; most FL contractors are independently owned — ownership not verified,1
B — Phone + priority county,PELICAN PLUMBING SERVICES INC,Plumbing,Independent / Likely Family-Owned (unverified),Broward,Margate,33063,"6621 Nw 22 Court, Margate, FL, 33063",(239) 789-0420,www.pelican-plumbing.com,5,13,"Plumber, Service establishment",CFC,CFC1427550,new,,companies.json (exact_name),ChIJtWCASp4524gRztz1JDN__ls,https://www.google.com/maps/search/?api=1&query=Pelican%20Plumbing&query_place_id=ChIJtWCASp4524gRztz1JDN__ls,Unverified,No confirmed PE/public/franchise match; most FL contractors are independently owned — ownership not verified,1
B — Phone + priority county,RAIMONDI PLUMBING LLC,Plumbing,Independent / Likely Family-Owned (unverified),Pinellas,Palm Harbor,34685,"1823 Eagle Trace Blvd, Palm Harbor, FL, 34685",(727) 475-1577,,3.8,13,Plumber,CFC,CFC1428281,new,,companies.json (exact_name),ChIJD3G1qS3xwogRLZlRw1O-IIU,https://www.google.com/maps/search/?api=1&query=Raimondi%20Plumbing%2C%20LLC&query_place_id=ChIJD3G1qS3xwogRLZlRw1O-IIU,Unverified,No confirmed PE/public/franchise match; most FL contractors are independently owned — ownership not verified,1
B — Phone + priority county,BABE'S PLUMBING INC,Plumbing,Independent / Likely Family-Owned (unverified),Sarasota,Nokomis,34275,"105 Bluegrass Court, Nokomis, FL, 34275",(941) 488-2402,www.babesplumbing.com,4.3,12,Plumber,CFC,CFC021502; CFC1429825,new,,companies.json (exact_name),ChIJ9alDFymoxIgR_EzpRzG1o_c,https://www.google.com/maps/search/?api=1&query=Babe's%20Plumbing%20Inc&query_place_id=ChIJ9alDFymoxIgR_EzpRzG1o_c,Unverified,No confirmed PE/public/franchise match; most FL contractors are independently owned — ownership not verified,2
B — Phone + priority county,"BRAVADO PLUMBING, LLC",Plumbing,Independent / Likely Family-Owned (unverified),Manatee,Bradenton,34212,"1810 Zipperer Rd, Bradenton, FL, 34212",(941) 896-4595,bravadoplumbing.com,4.6,12,Plumber,CFC,CFC1427349,new,,companies.json (exact_name),ChIJ7UUKsYAww4gR73ZirlG5NTU,https://www.google.com/maps/search/?api=1&query=Bravado%20Plumbing%2C%20LLC&query_place_id=ChIJ7UUKsYAww4gR73ZirlG5NTU,Unverified,No confirmed PE/public/franchise match; most FL contractors are independently owned — ownership not verified,1
B — Phone + priority county,LA ROSA'S PLUMBING,Plumbing,Independent / Likely Family-Owned (unverified),Lee,Lehigh Acres,33936,"1147 Navajo Ave, Lehigh Acres, FL, 33936",(239) 369-5395,,2.3,12,Plumber,CFC,CFC057395,new,,companies.json (exact_name),ChIJhwpizHJt24gRsFFcicT5TPU,https://www.google.com/maps/search/?api=1&query=La%20Rosa's%20Plumbing&query_place_id=ChIJhwpizHJt24gRsFFcicT5TPU,Unverified,No confirmed PE/public/franchise match; most FL contractors are independently owned — ownership not verified,1
B — Phone + priority county,MARKO PLUMBING SYSTEMS INC,Plumbing,Independent / Likely Family-Owned (unverified),Pinellas,Seminole,33772,"11428 88 Terr N, Seminole, FL, 33772",(727) 235-2016,,4.7,12,"Plumber, Lawn sprinkler system contractor",CFC,CFC1428857,new,,companies.json (exact_name),ChIJj5mWnJ37wogRrQJHx4NeDds,https://www.google.com/maps/search/?api=1&query=Marko%20Plumbing%20Systems%20Inc&query_place_id=ChIJj5mWnJ37wogRrQJHx4NeDds,Unverified,No confirmed PE/public/franchise match; most FL contractors are independently owned — ownership not verified,1
B — Phone + priority county,STROUSE PLUMBING INC,Plumbing,Independent / Likely Family-Owned (unverified),Pasco,New Port Richey,34654-4812,"12429 Lacey Dr, New Port Richey, FL, 34654-4812",(727) 787-6873,www.newportricheyplumbing.net,4.3,12,Plumber,CFC,CFC1426723,new,,companies.json (exact_name),ChIJo4H6x36XwogRVtaUXdc7Q5o,https://www.google.com/maps/search/?api=1&query=Strouse%20Plumbing&query_place_id=ChIJo4H6x36XwogRVtaUXdc7Q5o,Unverified,No confirmed PE/public/franchise match; most FL contractors are independently owned — ownership not verified,1
B — Phone + priority county,TK PLUMBING INC.,Plumbing,Independent / Likely Family-Owned (unverified),Sarasota,Venice,34293,"641 Citrus Rd, Venice, FL, 34293",(941) 392-3846,www.tkplumbing941.com,5,12,Plumber,CFC,CFC1426077,new,,companies.json (exact_name),ChIJU-WFVQc_w4gRJlFmDAfWfis,https://www.google.com/maps/search/?api=1&query=TK%20Plumbing&query_place_id=ChIJU-WFVQc_w4gRJlFmDAfWfis,Unverified,No confirmed PE/public/franchise match; most FL contractors are independently owned — ownership not verified,1
B — Phone + priority county,TRITON AIR CONDITIONING LLC,HVAC,Independent / Likely Family-Owned (unverified),Pasco,Odessa,33556,"16501 Harper Pond Lane Unit 201, Odessa, FL, 33556",(239) 336-9011,www.facebook.com/TritonPlumbingLLC239,5,12,"Plumber, Service establishment",CAC,CAC1819528,new,,companies.json (exact_name),ChIJI_Eweyv0VWERWi63tlL5iKU,https://www.google.com/maps/search/?api=1&query=Triton%20Plumbing&query_place_id=ChIJI_Eweyv0VWERWi63tlL5iKU,Unverified,No confirmed PE/public/franchise match; most FL contractors are independently owned — ownership not verified,1
B — Phone + priority county,TRITON AIR CORP,HVAC,Independent / Likely Family-Owned (unverified),Broward,Pompano Bch,33062,"880 Ne 23 Terrace, Pompano Bch, FL, 33062",(239) 336-9011,www.facebook.com/TritonPlumbingLLC239,5,12,"Plumber, Service establishment",CAC,CAC1814861,new,,companies.json (exact_name),ChIJI_Eweyv0VWERWi63tlL5iKU,https://www.google.com/maps/search/?api=1&query=Triton%20Plumbing&query_place_id=ChIJI_Eweyv0VWERWi63tlL5iKU,Unverified,No confirmed PE/public/franchise match; most FL contractors are independently owned — ownership not verified,1
B — Phone + priority county,TRITON PLUMBING LLC,Plumbing,Independent / Likely Family-Owned (unverified),Lee,Cape Coral,33993,"2509 Nw 14Th Place, Cape Coral, FL, 33993",(239) 336-9011,www.facebook.com/TritonPlumbingLLC239,5,12,"Plumber, Service establishment",CFC,CFC1431641,new,,companies.json (exact_name),ChIJI_Eweyv0VWERWi63tlL5iKU,https://www.google.com/maps/search/?api=1&query=Triton%20Plumbing&query_place_id=ChIJI_Eweyv0VWERWi63tlL5iKU,Unverified,No confirmed PE/public/franchise match; most FL contractors are independently owned — ownership not verified,1
B — Phone + priority county,1ST USA PLUMBING INC,Plumbing,Independent / Likely Family-Owned (unverified),Manatee,Bradenton,34208,"1918 Manatee Avenue East, Bradenton, FL, 34208",(941) 356-4243,,4.6,11,Plumber,CFC,CFC058008,new,,companies.json (exact_name),ChIJMdsorHQ9w4gRM7-8_tWnKGI,https://www.google.com/maps/search/?api=1&query=1st%20USA%20Plumbing%20Inc.&query_place_id=ChIJMdsorHQ9w4gRM7-8_tWnKGI,Unverified,No confirmed PE/public/franchise match; most FL contractors are independently owned — ownership not verified,1
B — Phone + priority county,"FOUR STAR AIR CONDITIONING, INC.",HVAC,Independent / Likely Family-Owned (unverified),Broward,Margate,33063,"2021 N W  70Th Ln, Margate, FL, 33063",(239) 513-6920,,3.9,11,Plumber,CAC,CAC1815309,new,,companies.json (exact_name),ChIJacLaLdId24gRiKpPk49JNKM,https://www.google.com/maps/search/?api=1&query=Four%20Star%20Plumbing&query_place_id=ChIJacLaLdId24gRiKpPk49JNKM,Unverified,No confirmed PE/public/franchise match; most FL contractors are independently owned — ownership not verified,1
B — Phone + priority county,FOUR STAR PLUMBING INC,Plumbing,Independent / Likely Family-Owned (unverified),Duval,Jacksonville,32206,"44 W 16Th St, Jacksonville, FL, 32206",(239) 513-6920,,3.9,11,Plumber,CFC,CFC056689,new,,companies.json (exact_name),ChIJacLaLdId24gRiKpPk49JNKM,https://www.google.com/maps/search/?api=1&query=Four%20Star%20Plumbing&query_place_id=ChIJacLaLdId24gRiKpPk49JNKM,Unverified,No confirmed PE/public/franchise match; most FL contractors are independently owned — ownership not verified,1
B — Phone + priority county,"GULF COAST COOLING, LLC",HVAC,Independent / Likely Family-Owned (unverified),Lee,Lehigh Acres,33971,"1302   Dorothy Ave N, Lehigh Acres, FL, 33971",(850) 481-8545,,5,11,Plumber,CAC,CAC1823050,new,,companies.json (exact_name),ChIJYXukf3mDk4gRBnA_16Zx5YE,https://www.google.com/maps/search/?api=1&query=Gulf%20Coast%20Plumbing%2C%20Inc&query_place_id=ChIJYXukf3mDk4gRBnA_16Zx5YE,Unverified,No confirmed PE/public/franchise match; most FL contractors are independently owned — ownership not verified,1
B — Phone + priority county,GULF COAST PLUMBING CORPORATION,Plumbing,Independent / Likely Family-Owned (unverified),Sarasota,Sarasota,34233,"4023 Sawyer Rd. Unit 125, Sarasota, FL, 34233",(850) 481-8545,,5,11,Plumber,CFC,CFC1426417; CFC1426880,new,,companies.json (exact_name),ChIJYXukf3mDk4gRBnA_16Zx5YE,https://www.google.com/maps/search/?api=1&query=Gulf%20Coast%20Plumbing%2C%20Inc&query_place_id=ChIJYXukf3mDk4gRBnA_16Zx5YE,Unverified,No confirmed PE/public/franchise match; most FL contractors are independently owned — ownership not verified,2
B — Phone + priority county,R & R HEATING & COOLING INC,HVAC,Independent / Likely Family-Owned (unverified),Manatee,Bradenton,34207,"4523  30Th St W Ste 102A, Bradenton, FL, 34207",(727) 329-8037,www.rrplumbers.com,3.5,11,Plumber,CAC,CAC058146,new,,companies.json (exact_name),ChIJxRed0bnjwogRZvYKMqCXKFo,https://www.google.com/maps/search/?api=1&query=R%20%26%20R%20Plumbing%20%26%20Heating%20Inc&query_place_id=ChIJxRed0bnjwogRZvYKMqCXKFo,Unverified,No confirmed PE/public/franchise match; most FL contractors are independently owned — ownership not verified,1
B — Phone + priority county,SACKETT PLUMBING INC,Plumbing,Independent / Likely Family-Owned (unverified),Lee,Bonita Springs,34133,"Po Box 10, Bonita Springs, FL, 34133",(239) 454-4504,www.sackettplumbing.com,4.6,11,Plumber,CFC,CFC1426052,new,,companies.json (exact_name),ChIJhfQGZkdr24gREppJPzKpUK4,https://www.google.com/maps/search/?api=1&query=Sackett%20Plumbing&query_place_id=ChIJhfQGZkdr24gREppJPzKpUK4,Unverified,No confirmed PE/public/franchise match; most FL contractors are independently owned — ownership not verified,1
B — Phone + priority county,A & B PLUMBING OF SW FLORIDA INC,Plumbing,Independent / Likely Family-Owned (unverified),Lee,Cape Coral,33993,"2203 Nw 9Th Pl, Cape Coral, FL, 33993",(239) 214-4087,abplumbingofswfl.com,3.8,10,Plumber,CFC,CFC1427178,new,,companies.json (exact_name),ChIJz8tbROdF24gRbCZbDFDXDVU,https://www.google.com/maps/search/?api=1&query=A%20%26%20B%20Plumbing%20of%20SW%20Florida&query_place_id=ChIJz8tbROdF24gRbCZbDFDXDVU,Unverified,No confirmed PE/public/franchise match; most FL contractors are independently owned — ownership not verified,1
B — Phone + priority county,BAREFOOT AIR INC,HVAC,Independent / Likely Family-Owned (unverified),Palm Beach,Boynton Beach,33435,"321 Northeast 23Rd Avenue, Boynton Beach, FL, 33435",(850) 899-4616,,3.8,10,Plumber,CAC,CAC1819279,new,,companies.json (exact_name),ChIJFUZ4lBd5k4gRmrvFRIlmB3E,https://www.google.com/maps/search/?api=1&query=Barefoot%20Plumbing%2C%20Inc&query_place_id=ChIJFUZ4lBd5k4gRmrvFRIlmB3E,Unverified,No confirmed PE/public/franchise match; most FL contractors are independently owned — ownership not verified,1
B — Phone + priority county,BILL'S PLUMBING LLC,Plumbing,Independent / Likely Family-Owned (unverified),Lee,Fort Myers,33907,"8742 Beacon St, Fort Myers, FL, 33907",(239) 245-3406,,5,10,Plumber,CFC,CFC1429423,new,,companies.json (exact_name),ChIJJ6-gdv4_24gRsom_nncq6j4,https://www.google.com/maps/search/?api=1&query=Bill's%20Plumbing%20Llc&query_place_id=ChIJJ6-gdv4_24gRsom_nncq6j4,Unverified,No confirmed PE/public/franchise match; most FL contractors are independently owned — ownership not verified,1
B — Phone + priority county,DONS PLUMBING OF ST. PETERSBURG LLC,Plumbing,Independent / Likely Family-Owned (unverified),Pinellas,St. Petersburg,33703,"140 S W Monroe Circle North, St. Petersburg, FL, 33703",(727) 360-8886,donsplumbingstpete.com,5,10,"Plumber, Service establishment",CFC,CFC1427888,new,,companies.json (exact_name),ChIJRe9X49rhwogRSXDnMk1TMTE,https://www.google.com/maps/search/?api=1&query=Dons%20Plumbing%20of%20St.%20Petersburg&query_place_id=ChIJRe9X49rhwogRSXDnMk1TMTE,Unverified,No confirmed PE/public/franchise match; most FL contractors are independently owned — ownership not verified,1
B — Phone + priority county,DOUBLE D'S PLUMBING EXPERTISE LLC,Plumbing,Independent / Likely Family-Owned (unverified),St. Lucie,Port Saint Lucie,34953,"1224 Sw Mancuso Avenue, Port Saint Lucie, FL, 34953",(772) 348-0025,doubledsplumbingexpertise.com/double-d-s-plumbing-expertise,5,10,"Plumber, Service establishment",RF,RF11068016,new,,companies.json (exact_name),ChIJKxjZ4GsLdWgRHt36Z7xol6U,https://www.google.com/maps/search/?api=1&query=Double%20D's%20Plumbing%20Expertise&query_place_id=ChIJKxjZ4GsLdWgRHt36Z7xol6U,Unverified,No confirmed PE/public/franchise match; most FL contractors are independently owned — ownership not verified,1
B — Phone + priority county,J.L.C PLUMBING LLC,Plumbing,Independent / Likely Family-Owned (unverified),St. Lucie,Port St Lucie,34953,"4090 Sw Cheribon St, Port St Lucie, FL, 34953",(561) 800-4443,jlcplumbers.com,5,10,"Plumber, Service establishment",CFC,CFC1431538,new,,companies.json (exact_name),ChIJV1lPCW6ajg4RGTd0jfULgbY,https://www.google.com/maps/search/?api=1&query=J.L.C%20Plumbing%20LLC&query_place_id=ChIJV1lPCW6ajg4RGTd0jfULgbY,Unverified,No confirmed PE/public/franchise match; most FL contractors are independently owned — ownership not verified,1
B — Phone + priority county,"TERRY'S PLUMBING AND AIR, INC.",Plumbing + HVAC,Independent / Likely Family-Owned (unverified),Sarasota,Sarasota,34232,"Po 50456, Sarasota, FL, 34232",(850) 832-6535,,4.2,10,Plumber,"CAC, CFC",CAC1818032; CFC1429206,new,,companies.json (exact_name),ChIJq6rasvaDk4gRP8P_9QQ0FOk,https://www.google.com/maps/search/?api=1&query=Terry's%20Plumbing%20Service%20Llc&query_place_id=ChIJq6rasvaDk4gRP8P_9QQ0FOk,Unverified,No confirmed PE/public/franchise match; most FL contractors are independently owned — ownership not verified,2
B — Phone + priority county,TERRY'S PLUMBING SERVICE INC,Plumbing,Independent / Likely Family-Owned (unverified),Sarasota,Sarasota,34237,"2401 15Th St, Sarasota, FL, 34237",(850) 832-6535,,4.2,10,Plumber,CFC,CFC046012; CFC1432978,new,,companies.json (exact_name),ChIJq6rasvaDk4gRP8P_9QQ0FOk,https://www.google.com/maps/search/?api=1&query=Terry's%20Plumbing%20Service%20Llc&query_place_id=ChIJq6rasvaDk4gRP8P_9QQ0FOk,Unverified,No confirmed PE/public/franchise match; most FL contractors are independently owned — ownership not verified,2
B — Phone + priority county,A SUPERIOR PLUMBING SOLUTION INC,Plumbing,Independent / Likely Family-Owned (unverified),Hillsborough,Tampa,33618-3240,"12502  Saint Charlotte Drive, Tampa, FL, 33618-3240",(813) 852-1118,www.asuperiorplumbingsolution.com,3.7,9,Plumber,CFC,CFC057903,new,,companies.json (exact_name),ChIJt1rjv7rrwogRtXNCh0h3g5k,https://www.google.com/maps/search/?api=1&query=A%20Superior%20Plumbing%20Solution&query_place_id=ChIJt1rjv7rrwogRtXNCh0h3g5k,Unverified,No confirmed PE/public/franchise match; most FL contractors are independently owned — ownership not verified,1
B — Phone + priority county,AFFORDABLE PLUMBING CORP,Plumbing,Independent / Likely Family-Owned (unverified),Collier,Naples,34113,"1519 Santiago Cir, Naples, FL, 34113",(239) 772-3011,www.affordableairconditioningandheating.com,4.4,9,Plumber,CFC,CFC1432925,new,,companies.json (exact_name),ChIJ__-_QuBD24gRnlbkRl8JHE0,https://www.google.com/maps/search/?api=1&query=Affordable%20Air%20and%20Plumbing&query_place_id=ChIJ__-_QuBD24gRnlbkRl8JHE0,Unverified,No confirmed PE/public/franchise match; most FL contractors are independently owned — ownership not verified,1
B — Phone + priority county,ALLEN AIR LLC,HVAC,Independent / Likely Family-Owned (unverified),Pasco,Hudson,34667,"18782 Craig Loop, Hudson, FL, 34667",(941) 624-3924,,3.3,9,Plumber,CAC,CAC1819298,new,,companies.json (exact_name),ChIJPyNn_KGo3IgR6UMDcT7adK4,https://www.google.com/maps/search/?api=1&query=Allen%20Plumbing%2C%20Inc.&query_place_id=ChIJPyNn_KGo3IgR6UMDcT7adK4,Unverified,No confirmed PE/public/franchise match; most FL contractors are independently owned — ownership not verified,1
B — Phone + priority county,CALUSA PLUMBING LLC,Plumbing,Independent / Likely Family-Owned (unverified),Lee,Fort Denaud,33935,"680 Norris Rd, Fort Denaud, FL, 33935",(239) 822-8431,,4.6,9,Plumber,CFC,CFC1428851,new,,companies.json (exact_name),ChIJs5ogAvFp24gRFe8yXKegswE,https://www.google.com/maps/search/?api=1&query=Calusa%20Plumbing%20Llc&query_place_id=ChIJs5ogAvFp24gRFe8yXKegswE,Unverified,No confirmed PE/public/franchise match; most FL contractors are independently owned — ownership not verified,1
B — Phone + priority county,CORKY'S PLUMBING SERVICE INC,Plumbing,Independent / Likely Family-Owned (unverified),Manatee,Anna Maria,34216,"Po Box 611, Anna Maria, FL, 34216",(941) 228-6944,,4.1,9,Plumber,CFC,CFC1431870,new,,companies.json (exact_name),ChIJsVZqpxgQw4gRpV2BXG49kx0,https://www.google.com/maps/search/?api=1&query=Corky's%20Plumbing&query_place_id=ChIJsVZqpxgQw4gRpV2BXG49kx0,Unverified,No confirmed PE/public/franchise match; most FL contractors are independently owned — ownership not verified,1
B — Phone + priority county,DATTILE PLUMBING,Plumbing,Independent / Likely Family-Owned (unverified),Palm Beach,Royal Palm Beach,33411,"1127 Royal Palm Beach Blvd 419, Royal Palm Beach, FL, 33411",(561) 793-7484,www.dattileplumbing.com,5,9,Plumber,CFC,CFC057769,new,,companies.json (exact_name),ChIJA8H-SeIy2YgRtRru-c0_WjQ,https://www.google.com/maps/search/?api=1&query=Dattile%20Plumbing&query_place_id=ChIJA8H-SeIy2YgRtRru-c0_WjQ,Unverified,No confirmed PE/public/franchise match; most FL contractors are independently owned — ownership not verified,1
B — Phone + priority county,"LANDMARK PLUMBING, INC.",Plumbing,Independent / Likely Family-Owned (unverified),Pinellas,Largo,33774,"3696  Center Circle, Largo, FL, 33774",(727) 777-3777,landmarkplumbinginc.com,4.1,9,"Plumber, Service establishment",CFC,CFC1429203,new,,companies.json (exact_name),ChIJP0aPYBnrwogRILTBhOAKkcE,https://www.google.com/maps/search/?api=1&query=Landmark%20Plumbing%20Inc&query_place_id=ChIJP0aPYBnrwogRILTBhOAKkcE,Unverified,No confirmed PE/public/franchise match; most FL contractors are independently owned — ownership not verified,1
B — Phone + priority county,PLUMBERS NEAR ME,Plumbing,Independent / Likely Family-Owned (unverified),Palm Beach,West Palm Beach,33411,"177  Atwell Dr., West Palm Beach, FL, 33411",(727) 288-0703,www.plumbersnearmepinellas.com,5,9,Plumber,CFC,CFC1430014; CFC1434135,new,,companies.json (exact_name),ChIJi9A-Pn_7wogROUxG7bij9Kc,https://www.google.com/maps/search/?api=1&query=Plumbers%20Near%20Me%2C%20Inc.&query_place_id=ChIJi9A-Pn_7wogROUxG7bij9Kc,Unverified,No confirmed PE/public/franchise match; most FL contractors are independently owned — ownership not verified,2
B — Phone + priority county,COOL WATER AIR CONDITIONING,HVAC / Mechanical,Independent / Likely Family-Owned (unverified),Miami-Dade,Coral Gables,33156,"13080 Miranda Street, Coral Gables, FL, 33156",(941) 399-1588,coolwater.plumbing,5,8,Plumber,"CAC, CMC",CAC1823707; CMC1251519,new,,companies.json (exact_name),ChIJtT35AD4Xw4gR_R2GZ1bfEJA,https://www.google.com/maps/search/?api=1&query=Cool%20Water%20Plumbing&query_place_id=ChIJtT35AD4Xw4gR_R2GZ1bfEJA,Unverified,No confirmed PE/public/franchise match; most FL contractors are independently owned — ownership not verified,2
B — Phone + priority county,COOL WATER PLUMBING LLC,Plumbing,Independent / Likely Family-Owned (unverified),Manatee,Parrish,34219,"4303 Wolf Ridge Xing, Parrish, FL, 34219",(941) 399-1588,coolwater.plumbing,5,8,Plumber,CFC,CFC1433590,new,,companies.json (exact_name),ChIJtT35AD4Xw4gR_R2GZ1bfEJA,https://www.google.com/maps/search/?api=1&query=Cool%20Water%20Plumbing&query_place_id=ChIJtT35AD4Xw4gR_R2GZ1bfEJA,Unverified,No confirmed PE/public/franchise match; most FL contractors are independently owned — ownership not verified,1
B — Phone + priority county,DE RUSS PLUMBING INC,Plumbing,Independent / Likely Family-Owned (unverified),Lee,Cape Coral,33909,"1002 Ne 7Th Terrace, Cape Coral, FL, 33909",(239) 242-9706,,3.8,8,Plumber,CFC,CFC1425718,new,,companies.json (exact_name),ChIJAQGAb_9D24gRsI8n3pcTewc,https://www.google.com/maps/search/?api=1&query=De%20Russ%20Plumbing&query_place_id=ChIJAQGAb_9D24gRsI8n3pcTewc,Unverified,No confirmed PE/public/franchise match; most FL contractors are independently owned — ownership not verified,1
B — Phone + priority county,JAMES W SCOTT JR PLUMBING INC,Plumbing,Independent / Likely Family-Owned (unverified),Lee,Fort Myers,33901,"2695 Crag Street, Fort Myers, FL, 33901",(239) 332-3748,,3.5,8,Plumber,CFC,CFC056472; CFC058032,new,,companies.json (exact_name),ChIJk1R5fHpq24gRjQ1HtUtOZHk,https://www.google.com/maps/search/?api=1&query=James%20W%20Scott%20Jr%20Plumbing%20Inc&query_place_id=ChIJk1R5fHpq24gRjQ1HtUtOZHk,Unverified,No confirmed PE/public/franchise match; most FL contractors are independently owned — ownership not verified,2
B — Phone + priority county,PINNACLE PLUMBING SERVICES,Plumbing,Independent / Likely Family-Owned (unverified),Pasco,New Port Richey,34653,"4168 Raccoon Loop, New Port Richey, FL, 34653",(727) 809-0164,www.pinnacleplumbingservices.com,4.5,8,"Plumber, Service establishment",CFC,CFC1428582,new,,companies.json (exact_name),ChIJAyOFZZF_k4gR2sfCv3A9lLw,https://www.google.com/maps/search/?api=1&query=Pinnacle%20Plumbing&query_place_id=ChIJAyOFZZF_k4gR2sfCv3A9lLw,Unverified,No confirmed PE/public/franchise match; most FL contractors are independently owned — ownership not verified,1
B — Phone + priority county,BLANTON PLUMBING INC,Plumbing,Independent / Likely Family-Owned (unverified),Sarasota,Sarasota,34240,"1891 Porter Lake Dr Ste 102, Sarasota, FL, 34240",(941) 371-4802,,5,7,Plumber,CFC,CFC044191,new,,companies.json (exact_name),ChIJdQKoGYVHw4gRXMuPNwRIYaw,https://www.google.com/maps/search/?api=1&query=Blanton%20Plumbing%2C%20Inc&query_place_id=ChIJdQKoGYVHw4gRXMuPNwRIYaw,Unverified,No confirmed PE/public/franchise match; most FL contractors are independently owned — ownership not verified,1
B — Phone + priority county,DIMITRI PLUMBING SERVICES INC,Plumbing,Independent / Likely Family-Owned (unverified),Palm Beach,Boynton Beach,33435-2806,"645 Oak St, Boynton Beach, FL, 33435-2806",(239) 734-0183,,5,7,Plumber,CFC,CFC1427139,new,,companies.json (exact_name),ChIJL8YFNPQc24gRCJKzI29uX6g,https://www.google.com/maps/search/?api=1&query=Dimitri%20Plumbing%20Services%2C%20Inc.&query_place_id=ChIJL8YFNPQc24gRCJKzI29uX6g,Unverified,No confirmed PE/public/franchise match; most FL contractors are independently owned — ownership not verified,1
B — Phone + priority county,EXTREME PLUMBING INC,Plumbing,Independent / Likely Family-Owned (unverified),Lee,Fort Myers,33902,"Po Box 2464, Fort Myers, FL, 33902",(239) 931-4433,www.extremeplumbingfl.com,4.4,7,Plumber,CFC,CFC1426206,new,,companies.json (exact_name),ChIJj8HocThA24gRqonDjEcwYT0,https://www.google.com/maps/search/?api=1&query=Extreme%20Plumbing%20Inc.&query_place_id=ChIJj8HocThA24gRqonDjEcwYT0,Unverified,No confirmed PE/public/franchise match; most FL contractors are independently owned — ownership not verified,1
B — Phone + priority county,EXTREME PLUMBING SERVICES LLC,Plumbing,Independent / Likely Family-Owned (unverified),Pasco,Wesley Chapel,33544,"26545 Glenwood Drive, Wesley Chapel, FL, 33544",(239) 931-4433,www.extremeplumbingfl.com,4.4,7,Plumber,CFC,CFC1432279,new,,companies.json (exact_name),ChIJj8HocThA24gRqonDjEcwYT0,https://www.google.com/maps/search/?api=1&query=Extreme%20Plumbing%20Inc.&query_place_id=ChIJj8HocThA24gRqonDjEcwYT0,Unverified,No confirmed PE/public/franchise match; most FL contractors are independently owned — ownership not verified,1
B — Phone + priority county,FREE FLOW PLUMBING & DESIGN INC,Plumbing,Independent / Likely Family-Owned (unverified),St. Lucie,Port St Lucie,34953,"2393 Sw Ivory Road, Port St Lucie, FL, 34953",(772) 879-7277,www.freeflowplumb.com,4.1,7,"Plumber, Service establishment, Plumbing supply store",CFC,CFC1433176,new,,companies.json (exact_name),ChIJq6qqqrru3ogRbZhN2eqZv4g,https://www.google.com/maps/search/?api=1&query=Free%20Flow%20Plumbing%20%26%20Design%20Inc&query_place_id=ChIJq6qqqrru3ogRbZhN2eqZv4g,Unverified,No confirmed PE/public/franchise match; most FL contractors are independently owned — ownership not verified,1
B — Phone + priority county,LOGAN PLUMBING INC,Plumbing,Independent / Likely Family-Owned (unverified),Manatee,Bradenton,34203,"1625  50Th Ave Dr. East, Bradenton, FL, 34203",(941) 812-6297,,4.4,7,Plumber,CFC,CFC1426151,new,,companies.json (exact_name),ChIJaQ-7gk09w4gRTxdfWy5ODKY,https://www.google.com/maps/search/?api=1&query=Logan%20plumbing%20inc&query_place_id=ChIJaQ-7gk09w4gRTxdfWy5ODKY,Unverified,No confirmed PE/public/franchise match; most FL contractors are independently owned — ownership not verified,1
B — Phone + priority county,"REGAL PLUMBING, LLC",Plumbing,Independent / Likely Family-Owned (unverified),St. Lucie,Port St Lucie,34988,"881593 Port St Lucie, Port St Lucie, FL, 34988",(772) 292-5518,www.myregalplumbing.com,5,7,"Plumber, Service establishment",CFC,CFC1429032,new,,companies.json (exact_name),ChIJY-DaYaA_hA8R5IAAccQtYqU,https://www.google.com/maps/search/?api=1&query=Regal%20plumbing&query_place_id=ChIJY-DaYaA_hA8R5IAAccQtYqU,Unverified,No confirmed PE/public/franchise match; most FL contractors are independently owned — ownership not verified,1
B — Phone + priority county,"REVOLUTION PLUMBING & REMODELING, INC",Plumbing,Independent / Likely Family-Owned (unverified),Pasco,Wesley Chapel,33544,"1317 Gentilly Lane, Wesley Chapel, FL, 33544",(813) 781-5795,,5,7,Contractor,CFC,CFC1428869,new,,companies.json (exact_name),ChIJ556YaFi3wogRdScet-O1X5M,https://www.google.com/maps/search/?api=1&query=Revolution%20Plumbing%20%26%20Remodeling&query_place_id=ChIJ556YaFi3wogRdScet-O1X5M,Unverified,No confirmed PE/public/franchise match; most FL contractors are independently owned — ownership not verified,1
B — Phone + priority county,SEA AIR OF LEE COUNTY INC,HVAC,Independent / Likely Family-Owned (unverified),Lee,North Ft Myers,33917,"3701 Trail Dairy Circle, North Ft Myers, FL, 33917",(239) 731-7300,www.seaairac.com,3.6,7,"Air conditioning contractor, Air duct cleaning service, Heating contractor, HVAC contractor",CAC,CAC055491; CAC1813428,new,,companies.json (exact_name),ChIJDyrUcPlp24gRwOdGUrjhS-o,https://www.google.com/maps/search/?api=1&query=Sea%20Air%20of%20Lee%20County%2C%20Inc.&query_place_id=ChIJDyrUcPlp24gRwOdGUrjhS-o,Unverified,No confirmed PE/public/franchise match; most FL contractors are independently owned — ownership not verified,2
B — Phone + priority county,STONE PLUMBING,Plumbing,Independent / Likely Family-Owned (unverified),Martin,Stuart,34997,"7811 Ellipse Way Unit C-6, Stuart, FL, 34997",(772) 444-6981,www.stoneplumbingservice.com,4.4,7,"Plumber, Service establishment, Pump supplier",RF,RF11067879,new,,companies.json (exact_name),ChIJreYln1KGbg4RG9MSJ3ul_MU,https://www.google.com/maps/search/?api=1&query=Stone%20Plumbing&query_place_id=ChIJreYln1KGbg4RG9MSJ3ul_MU,Unverified,No confirmed PE/public/franchise match; most FL contractors are independently owned — ownership not verified,1
B — Phone + priority county,WOOD PLUMBING LLC,Plumbing,Independent / Likely Family-Owned (unverified),Pasco,Land O Lakes,34638,"4352 Epic Cove, Land O Lakes, FL, 34638",(772) 562-2110,,3.7,7,Plumber,RF,RF11068015,new,,companies.json (exact_name),ChIJEe1Fjl9c3ogRQ9viDybWwqc,https://www.google.com/maps/search/?api=1&query=Wood%20Plumbing&query_place_id=ChIJEe1Fjl9c3ogRQ9viDybWwqc,Unverified,No confirmed PE/public/franchise match; most FL contractors are independently owned — ownership not verified,1
B — Phone + priority county,ANDREW'S PLUMBING INC,Plumbing,Independent / Likely Family-Owned (unverified),Sarasota,Osprey,34229-9567,"611 Bayview Ave, Osprey, FL, 34229-9567",(941) 966-3520,,5,6,Plumber,CFC,CFC1427526,new,,companies.json (exact_name),ChIJhx_FAWlDw4gRadfMfz5NDtk,https://www.google.com/maps/search/?api=1&query=Andrew's%20Plumbing%20Inc&query_place_id=ChIJhx_FAWlDw4gRadfMfz5NDtk,Unverified,No confirmed PE/public/franchise match; most FL contractors are independently owned — ownership not verified,1
B — Phone + priority county,CITYWIDE PLUMBING INC,Plumbing,Independent / Likely Family-Owned (unverified),Lee,Alva,33920,"17181 Palm Beach Blvd, Alva, FL, 33920",(239) 728-2672,,5,6,Plumber,CFC,CFC044152,new,,companies.json (exact_name),ChIJS3haxz1w24gRn0lstmhDZ6Y,https://www.google.com/maps/search/?api=1&query=Citywide%20Plumbing&query_place_id=ChIJS3haxz1w24gRn0lstmhDZ6Y,Unverified,No confirmed PE/public/franchise match; most FL contractors are independently owned — ownership not verified,1
B — Phone + priority county,SMART PLUMBING OF SWFL LLC,Plumbing,Independent / Likely Family-Owned (unverified),Collier,Naples,34117,"1255 Dove Tree St., Naples, FL, 34117",(239) 537-4677,smartplumbingswfl.com,5,6,"Plumber, Construction company, Consultant, Contractor, Drainage service, Gasfitter",CFC,CFC1430968,new,,companies.json (exact_name),ChIJm0H0NLAB24gRwTT5BSjUHF4,https://www.google.com/maps/search/?api=1&query=Smart%20Plumbing%20SWFL%20LLC&query_place_id=ChIJm0H0NLAB24gRwTT5BSjUHF4,Unverified,No confirmed PE/public/franchise match; most FL contractors are independently owned — ownership not verified,1
B — Phone + priority county,CHARLES PLUMBING SERVICE INC,Plumbing,Independent / Likely Family-Owned (unverified),Broward,Hollywood,33020,"2449 Rodman St, Hollywood, FL, 33020",(727) 360-3115,,3.4,5,Plumber,CFC,CFC1433701,new,,companies.json (exact_name),ChIJc0czHGDhwogRKfqEh-v6J-I,https://www.google.com/maps/search/?api=1&query=CHARLES%20PLUMBING&query_place_id=ChIJc0czHGDhwogRKfqEh-v6J-I,Unverified,No confirmed PE/public/franchise match; most FL contractors are independently owned — ownership not verified,1
B — Phone + priority county,COASTAL AIR CONDITIONING INC.,HVAC,Independent / Likely Family-Owned (unverified),Collier,Naples,34109,"5820  Yahl St 5, Naples, FL, 34109",(850) 749-1144,coastalfloridaplumbing.com,5,5,"Plumber, Service establishment",CAC,CAC1818194,new,,companies.json (exact_name),ChIJlbNkXT2yRgMRNGe9ckpk_OI,https://www.google.com/maps/search/?api=1&query=Coastal%20Florida%20Plumbing&query_place_id=ChIJlbNkXT2yRgMRNGe9ckpk_OI,Unverified,No confirmed PE/public/franchise match; most FL contractors are independently owned — ownership not verified,1
B — Phone + priority county,"COASTAL AIR, INC.",HVAC,Independent / Likely Family-Owned (unverified),Hillsborough,Tampa,33610,"6820 Oakdale Dr, Tampa, FL, 33610",(850) 749-1144,coastalfloridaplumbing.com,5,5,"Plumber, Service establishment",CAC,CAC057879; CAC1823741,new,,companies.json (exact_name),ChIJlbNkXT2yRgMRNGe9ckpk_OI,https://www.google.com/maps/search/?api=1&query=Coastal%20Florida%20Plumbing&query_place_id=ChIJlbNkXT2yRgMRNGe9ckpk_OI,Unverified,No confirmed PE/public/franchise match; most FL contractors are independently owned — ownership not verified,2
B — Phone + priority county,COASTAL PLUMBING INC,Plumbing,Independent / Likely Family-Owned (unverified),Palm Beach,Jupiter,33458,"946 Marlin Drive, Jupiter, FL, 33458",(850) 749-1144,coastalfloridaplumbing.com,5,5,"Plumber, Service establishment",CFC,CFC029665,new,,companies.json (exact_name),ChIJlbNkXT2yRgMRNGe9ckpk_OI,https://www.google.com/maps/search/?api=1&query=Coastal%20Florida%20Plumbing&query_place_id=ChIJlbNkXT2yRgMRNGe9ckpk_OI,Unverified,No confirmed PE/public/franchise match; most FL contractors are independently owned — ownership not verified,1
B — Phone + priority county,COASTAL PLUMBING SERVICES INC.,Plumbing,Independent / Likely Family-Owned (unverified),St. Lucie,Port St Lucie,34983,"271  Sw Lakehurst Dr., Port St Lucie, FL, 34983",(850) 749-1144,coastalfloridaplumbing.com,5,5,"Plumber, Service establishment",CFC,CFC1428462,new,,companies.json (exact_name),ChIJlbNkXT2yRgMRNGe9ckpk_OI,https://www.google.com/maps/search/?api=1&query=Coastal%20Florida%20Plumbing&query_place_id=ChIJlbNkXT2yRgMRNGe9ckpk_OI,Unverified,No confirmed PE/public/franchise match; most FL contractors are independently owned — ownership not verified,1
B — Phone + priority county,"HAZELBAKER PLUMBING, LLC",Plumbing,Independent / Likely Family-Owned (unverified),Manatee,Terra Ceia,34250,"P.O. Box 24, Terra Ceia, FL, 34250",(941) 729-1236,hazelbakeronline.com,5,5,Plumber,CFC,CFC1429351,new,,companies.json (exact_name),ChIJZ-JkmuAZw4gRK9KxBA5dCWs,https://www.google.com/maps/search/?api=1&query=Hazelbaker%20Plumbing%2C%20LLC&query_place_id=ChIJZ-JkmuAZw4gRK9KxBA5dCWs,Unverified,No confirmed PE/public/franchise match; most FL contractors are independently owned — ownership not verified,1
B — Phone + priority county,MARINO PLUMBING INC,Plumbing,Independent / Likely Family-Owned (unverified),Sarasota,Venice,34293,"221 Auster Road, Venice, FL, 34293",(941) 497-1806,www.marinoplumbing.com,3.6,5,Plumber,CFC,CFC1425844,new,,companies.json (exact_name),ChIJh77e7Shaw4gRoc8801vgPyA,https://www.google.com/maps/search/?api=1&query=Marino%20Plumbing%20Inc&query_place_id=ChIJh77e7Shaw4gRoc8801vgPyA,Unverified,No confirmed PE/public/franchise match; most FL contractors are independently owned — ownership not verified,1
B — Phone + priority county,REEF AIR CONDITIONING CORPORATION,HVAC,Independent / Likely Family-Owned (unverified),Broward,Pompano Beach,33061,"860 N Federal Hwy Unit 751, Pompano Beach, FL, 33061",(239) 574-4373,m.facebook.com/ReefplumbingLLC,4.2,5,"Plumber, Service establishment",CAC,CAC1820659,new,,companies.json (exact_name),ChIJJ22wJv1G24gRc3iNPVs06UU,https://www.google.com/maps/search/?api=1&query=Reef%20Plumbing%20LLC.&query_place_id=ChIJJ22wJv1G24gRc3iNPVs06UU,Unverified,No confirmed PE/public/franchise match; most FL contractors are independently owned — ownership not verified,1
B — Phone + priority county,REEF PLUMBING LLC,Plumbing,Independent / Likely Family-Owned (unverified),Lee,Cape Coral,33990,"205 Se 4Th Street, Cape Coral, FL, 33990",(239) 574-4373,m.facebook.com/ReefplumbingLLC,4.2,5,"Plumber, Service establishment",CFC,CFC1428052,new,,companies.json (exact_name),ChIJJ22wJv1G24gRc3iNPVs06UU,https://www.google.com/maps/search/?api=1&query=Reef%20Plumbing%20LLC.&query_place_id=ChIJJ22wJv1G24gRc3iNPVs06UU,Unverified,No confirmed PE/public/franchise match; most FL contractors are independently owned — ownership not verified,1
B — Phone + priority county,RELIABLE AIR CONDITIONING,HVAC,Independent / Likely Family-Owned (unverified),Collier,Naples,34105,"1512 Forest Lakes Blvd, Naples, FL, 34105",(941) 724-6932,reliableplumbingsrq.com,3.4,5,Plumber,CAC,CAC1816307,new,,companies.json (exact_name),ChIJP4jWwpI_w4gR60swjrdCVxA,https://www.google.com/maps/search/?api=1&query=Reliable%20Plumbing%20Services%20Corp&query_place_id=ChIJP4jWwpI_w4gR60swjrdCVxA,Unverified,No confirmed PE/public/franchise match; most FL contractors are independently owned — ownership not verified,1
B — Phone + priority county,RELIABLE PLUMBING LLC,Plumbing,Independent / Likely Family-Owned (unverified),Pasco,Land O' Lakes,34638,"10855 Osprey Glade Ter, Land O' Lakes, FL, 34638",(941) 724-6932,reliableplumbingsrq.com,3.4,5,Plumber,CFC,CFC1434254,new,,companies.json (exact_name),ChIJP4jWwpI_w4gR60swjrdCVxA,https://www.google.com/maps/search/?api=1&query=Reliable%20Plumbing%20Services%20Corp&query_place_id=ChIJP4jWwpI_w4gR60swjrdCVxA,Unverified,No confirmed PE/public/franchise match; most FL contractors are independently owned — ownership not verified,1
B — Phone + priority county,RELIABLE PLUMBING SERVICES CORP,Plumbing,Independent / Likely Family-Owned (unverified),Sarasota,Sarasota,34232,"3758 Lokai Place, Sarasota, FL, 34232",(941) 724-6932,reliableplumbingsrq.com,3.4,5,Plumber,CFC,CFC1428531,new,,companies.json (exact_name),ChIJP4jWwpI_w4gR60swjrdCVxA,https://www.google.com/maps/search/?api=1&query=Reliable%20Plumbing%20Services%20Corp&query_place_id=ChIJP4jWwpI_w4gR60swjrdCVxA,Unverified,No confirmed PE/public/franchise match; most FL contractors are independently owned — ownership not verified,1
B — Phone + priority county,ALCO PLUMBING INC,Plumbing,Independent / Likely Family-Owned (unverified),Collier,Naples,34117,"480  Weber Blvd South, Naples, FL, 34117",(239) 353-0719,www.alcoplumbinginc.net,4,4,"Plumber, Service establishment",CFC,CFC056900,new,,companies.json (exact_name),ChIJF1Oyj9QD24gRCWwvf3btyHk,https://www.google.com/maps/search/?api=1&query=Alco%20Plumbing%20Inc&query_place_id=ChIJF1Oyj9QD24gRCWwvf3btyHk,Unverified,No confirmed PE/public/franchise match; most FL contractors are independently owned — ownership not verified,1
B — Phone + priority county,ALDAN PLUMBING INC,Plumbing,Independent / Likely Family-Owned (unverified),Broward,Plantation,33324,"8232  Nw 9Th Ct, Plantation, FL, 33324",(239) 603-3153,aldanplumbing.com,5,4,Plumber,CFC,CFC1428171,new,,companies.json (exact_name),ChIJVVVVVcVB24gRdYY3JmCA7gg,https://www.google.com/maps/search/?api=1&query=Aldan%20Plumbing%20Inc&query_place_id=ChIJVVVVVcVB24gRdYY3JmCA7gg,Unverified,No confirmed PE/public/franchise match; most FL contractors are independently owned — ownership not verified,1
B — Phone + priority county,B & G PLUMBING CO,Plumbing,Independent / Likely Family-Owned (unverified),Duval,Jacksonville,32216,"2232 Corporate Square Blvd., Jacksonville, FL, 32216",(850) 475-5940,,5,4,Plumber,CFC,CFC022593,new,,companies.json (exact_name),ChIJoxkV0DuUkIgR-x9nJGg4PIE,https://www.google.com/maps/search/?api=1&query=B%20%26%20G%20Plumbing&query_place_id=ChIJoxkV0DuUkIgR-x9nJGg4PIE,Unverified,No confirmed PE/public/franchise match; most FL contractors are independently owned — ownership not verified,1
B — Phone + priority county,B & G PLUMBING SERVICES INC,Plumbing,Independent / Likely Family-Owned (unverified),Duval,Jacksonville,32216,"2232 Corporate Square Blvd., Jacksonville, FL, 32216",(850) 475-5940,,5,4,Plumber,CFC,CFCA22593,new,,companies.json (exact_name),ChIJoxkV0DuUkIgR-x9nJGg4PIE,https://www.google.com/maps/search/?api=1&query=B%20%26%20G%20Plumbing&query_place_id=ChIJoxkV0DuUkIgR-x9nJGg4PIE,Unverified,No confirmed PE/public/franchise match; most FL contractors are independently owned — ownership not verified,1
B — Phone + priority county,BARD'S PLUMBING SERVICE INC,Plumbing,Independent / Likely Family-Owned (unverified),Collier,Naples,34105,"2413 Pinewoods Cir, Naples, FL, 34105",(239) 435-1233,www.bardsplumbingservice.com,5,4,"Plumber, Bathroom remodeler",CFC,CFC1425694,new,,companies.json (exact_name),ChIJpf93GuUd24gRx6AUnI9Lrv0,https://www.google.com/maps/search/?api=1&query=Bard's%20Plumbing%20Services%2C%20Inc&query_place_id=ChIJpf93GuUd24gRx6AUnI9Lrv0,Unverified,No confirmed PE/public/franchise match; most FL contractors are independently owned — ownership not verified,1
B — Phone + priority county,ELEVATE PLUMBING LLC,Plumbing,Independent / Likely Family-Owned (unverified),Lee,Estero,33928,"20513 Wilderness Ct Elevate Plumbing Llc, Estero, FL, 33928",(239) 935-7444,www.elevate-plumb.com,5,4,"Plumber, Service establishment",CFC,CFC1433344,new,,companies.json (exact_name),ChIJdVRp8rcZNWQRwmRR4B0Tpc4,https://www.google.com/maps/search/?api=1&query=Elevate%20Plumbing%20LLC&query_place_id=ChIJdVRp8rcZNWQRwmRR4B0Tpc4,Unverified,No confirmed PE/public/franchise match; most FL contractors are independently owned — ownership not verified,1
B — Phone + priority county,"LAGASSE PLUMBING, INC.",Plumbing,Independent / Likely Family-Owned (unverified),Sarasota,Nokomis,34275,"490  Sun Chaser Drive, Nokomis, FL, 34275",(941) 924-8428,www.lagasseplumbing.com,5,4,Plumber,CFC,CFC1430508; CFC1430649,new,,companies.json (exact_name),ChIJizU3VutBw4gRqkO4xOdOWDE,https://www.google.com/maps/search/?api=1&query=LaGasse%20Plumbing%2C%20Inc.&query_place_id=ChIJizU3VutBw4gRqkO4xOdOWDE,Unverified,No confirmed PE/public/franchise match; most FL contractors are independently owned — ownership not verified,2
B — Phone + priority county,NOBEL PLUMBING INC,Plumbing,Independent / Likely Family-Owned (unverified),Lee,Bonita Springs,34135,"10631 Landau Ln, Bonita Springs, FL, 34135",(239) 777-4302,www.nobelplumbing.com,4,4,"Plumber, Service establishment",CFC,CFC1427977,new,,companies.json (exact_name),ChIJpe5hCwAa24gRkr0iLhFwGYw,https://www.google.com/maps/search/?api=1&query=NOBEL%20PLUMBING%20INC&query_place_id=ChIJpe5hCwAa24gRkr0iLhFwGYw,Unverified,No confirmed PE/public/franchise match; most FL contractors are independently owned — ownership not verified,1
B — Phone + priority county,PLANNED PLUMBING LLC,Plumbing,Independent / Likely Family-Owned (unverified),Sarasota,Englewood,34223,"1497 E Manasota Beach Road, Englewood, FL, 34223",(941) 841-7563,www.plannedplumbing.com,5,4,Plumber,CFC,CFC1430064,new,,companies.json (exact_name),ChIJ_RTiklVXw4gRQVWosEsryk4,https://www.google.com/maps/search/?api=1&query=Planned%20Plumbing&query_place_id=ChIJ_RTiklVXw4gRQVWosEsryk4,Unverified,No confirmed PE/public/franchise match; most FL contractors are independently owned — ownership not verified,1
B — Phone + priority county,"PLUMBING 24 SERVICE, INC.",Plumbing,Independent / Likely Family-Owned (unverified),Lee,Cape Coral,33909,"1201 N E 4th 1201 NE 4TH PL, Cape Coral, FL, 33909",(239) 522-4923,,5,4,Plumber,CFC,CFC1433911,new,,companies.json (exact_name),ChIJ-6drD-fh2ogRYb0E2c4yaQA,https://www.google.com/maps/search/?api=1&query=Plumbing%20services%2024&query_place_id=ChIJ-6drD-fh2ogRYb0E2c4yaQA,Unverified,No confirmed PE/public/franchise match; most FL contractors are independently owned — ownership not verified,1
B — Phone + priority county,PRINCIPE PLUMBING SERVICES LLC,Plumbing,Independent / Likely Family-Owned (unverified),Manatee,Bradenton,34211,"1767 Lakewood Ranch Blvd Suite 179, Bradenton, FL, 34211",(561) 703-3537,,4,4,Plumber,CFC,CFC1430887,new,,companies.json (exact_name),ChIJaYsBwPWd3ogR9nXVaIqkXY4,https://www.google.com/maps/search/?api=1&query=Principe%20plumbing%20services&query_place_id=ChIJaYsBwPWd3ogR9nXVaIqkXY4,Unverified,No confirmed PE/public/franchise match; most FL contractors are independently owned — ownership not verified,1
B — Phone + priority county,PULLER PLUMBING INC,Plumbing,Independent / Likely Family-Owned (unverified),Lee,Cape Coral,33909,"3060 Steeple Cir. Apt.# 4205, Cape Coral, FL, 33909",(239) 645-3673,,4,4,Plumber,CFC,CFC1428549,new,,companies.json (exact_name),ChIJP_cGYElH24gRdTw82HgW_9k,https://www.google.com/maps/search/?api=1&query=Puller%20Plumbing%20Inc&query_place_id=ChIJP_cGYElH24gRdTw82HgW_9k,Unverified,No confirmed PE/public/franchise match; most FL contractors are independently owned — ownership not verified,1
B — Phone + priority county,SIMPLY PLUMBING,Plumbing,Independent / Likely Family-Owned (unverified),Collier,Naples,34117-4430,"880 19Th St Sw, Naples, FL, 34117-4430",(239) 280-0474,www.simplyplumbing.us,5,4,"Plumber, Service establishment",CFC,CFC1431783,new,,companies.json (exact_name),ChIJ3aeRuyO57mIRrHAniOJvsdA,https://www.google.com/maps/search/?api=1&query=Simply%20Plumbing&query_place_id=ChIJ3aeRuyO57mIRrHAniOJvsdA,Unverified,No confirmed PE/public/franchise match; most FL contractors are independently owned — ownership not verified,1
B — Phone + priority county,SMITH CONSTRUCTION & PLUMBING CO.,Plumbing,Independent / Likely Family-Owned (unverified),Manatee,Bradenton,34209,"4407 22Nd Avenue W, Bradenton, FL, 34209",(941) 798-3409,www.facebook.com/Smith-Construction-Plumbing-110716043914394,5,4,"Plumber, Construction company, Remodeler, Repair service",CFC,CFC057487,new,,companies.json (exact_name),ChIJjTNkBqkXw4gR5LHUCgByWxA,https://www.google.com/maps/search/?api=1&query=Smith%20Construction%20%26%20Plumbing%20Co.&query_place_id=ChIJjTNkBqkXw4gR5LHUCgByWxA,Unverified,No confirmed PE/public/franchise match; most FL contractors are independently owned — ownership not verified,1
B — Phone + priority county,COOLING CONNECTION INC,HVAC,Independent / Likely Family-Owned (unverified),St. Lucie,Port St Lucie,34953,"149 Sw Meade Cir, Port St Lucie, FL, 34953",(941) 747-2727,www.theplumbingconnection.biz,5,3,Plumber,CAC,CAC1815474,new,,companies.json (exact_name),ChIJ-VvbwnI-w4gRod1DeF5Fyww,https://www.google.com/maps/search/?api=1&query=Plumbing%20Connection&query_place_id=ChIJ-VvbwnI-w4gRod1DeF5Fyww,Unverified,No confirmed PE/public/franchise match; most FL contractors are independently owned — ownership not verified,1
B — Phone + priority county,CROSSTOWN PLUMBING SOLUTIONS LLC,Plumbing,Independent / Likely Family-Owned (unverified),St. Lucie,Port St Lucie,34952,"10570 Us Hwy 1 Suite 300, Port St Lucie, FL, 34952",(772) 284-2227,,5,3,Plumber,CFC,CFC1431528,new,,companies.json (exact_name),ChIJM_xgQHdJq0YRt2Un98q2Ufo,https://www.google.com/maps/search/?api=1&query=Crosstown%20Plumbing%20Solutions&query_place_id=ChIJM_xgQHdJq0YRt2Un98q2Ufo,Unverified,No confirmed PE/public/franchise match; most FL contractors are independently owned — ownership not verified,1
B — Phone + priority county,PLUMBING CONNECTION SERVICE INC,Plumbing,Independent / Likely Family-Owned (unverified),Pinellas,Indian Rocks Beach,33785,"313 10Th Ave, Indian Rocks Beach, FL, 33785",(941) 747-2727,www.theplumbingconnection.biz,5,3,Plumber,CFC,CFC1426952,new,,companies.json (exact_name),ChIJ-VvbwnI-w4gRod1DeF5Fyww,https://www.google.com/maps/search/?api=1&query=Plumbing%20Connection&query_place_id=ChIJ-VvbwnI-w4gRod1DeF5Fyww,Unverified,No confirmed PE/public/franchise match; most FL contractors are independently owned — ownership not verified,1
B — Phone + priority county,SURFSIDE HEATING AND COOLING INC.,HVAC,Independent / Likely Family-Owned (unverified),Lee,Cape Coral,33909,"413 Ne Van Loon Ln Suite #122, Cape Coral, FL, 33909",(941) 883-1651,,5,3,"Plumber, Plumbing supply store",CAC,CAC1817412,new,,companies.json (exact_name),ChIJ6yPLqdhXw4gRksQFQb26Ne4,https://www.google.com/maps/search/?api=1&query=Surfside%20Plumbing%20Inc&query_place_id=ChIJ6yPLqdhXw4gRksQFQb26Ne4,Unverified,No confirmed PE/public/franchise match; most FL contractors are independently owned — ownership not verified,1
B — Phone + priority county,"SURFSIDE PLUMBING, INC",Plumbing,Independent / Likely Family-Owned (unverified),Sarasota,North Port,34287,"6490  Angle Pl, North Port, FL, 34287",(941) 883-1651,,5,3,"Plumber, Plumbing supply store",CFC,CFC1428619,new,,companies.json (exact_name),ChIJ6yPLqdhXw4gRksQFQb26Ne4,https://www.google.com/maps/search/?api=1&query=Surfside%20Plumbing%20Inc&query_place_id=ChIJ6yPLqdhXw4gRksQFQb26Ne4,Unverified,No confirmed PE/public/franchise match; most FL contractors are independently owned — ownership not verified,1
B — Phone + priority county,AQUA-TECH PLUMBING CONTRACTORS INC,Plumbing,Independent / Likely Family-Owned (unverified),Sarasota,Nokomis,34275-2423,"1423 Maple St, Nokomis, FL, 34275-2423",(941) 484-0263,,4.5,2,Plumber,CFC,CFC033856,new,,companies.json (exact_name),ChIJmY3A4B1bw4gRLuWOKE_LLGY,https://www.google.com/maps/search/?api=1&query=Aqua%20Tech%20Plumbing%20Contractors%20Inc&query_place_id=ChIJmY3A4B1bw4gRLuWOKE_LLGY,Unverified,No confirmed PE/public/franchise match; most FL contractors are independently owned — ownership not verified,1
B — Phone + priority county,MECHANICAL AIR SYSTEMS CORP,Mechanical,Independent / Likely Family-Owned (unverified),Broward,Plantation,33322,"1841 Nw 99 Avenue, Plantation, FL, 33322",(833) 747-3677,www.mpsplumbing.com,5,2,Plumber,CMC,CMC1250041,new,,companies.json (exact_name),ChIJ6W8x64nbkIgRdSBg1GUNL3Y,https://www.google.com/maps/search/?api=1&query=Mechanical%20Plumbing%20Systems&query_place_id=ChIJ6W8x64nbkIgRdSBg1GUNL3Y,Unverified,No confirmed PE/public/franchise match; most FL contractors are independently owned — ownership not verified,1
B — Phone + priority county,ADVANCED PLUMBING & INSTALLATIONS INC,Plumbing,Independent / Likely Family-Owned (unverified),Lee,Cape Coral,33914,"1534  Sw 53Rd Lane, Cape Coral, FL, 33914",(239) 458-0026,,5,1,"Plumber, Bathroom remodeler, Kitchen remodeler",CFC,CFC057677,new,,companies.json (exact_name),ChIJDZMsZJJG24gRdYyJ_xDhBTE,https://www.google.com/maps/search/?api=1&query=Advanced%20Plumbing%20%26%20Installations%2C%20Inc&query_place_id=ChIJDZMsZJJG24gRdYyJ_xDhBTE,Unverified,No confirmed PE/public/franchise match; most FL contractors are independently owned — ownership not verified,1
B — Phone + priority county,AERO PLUMBERS INC,Plumbing,Independent / Likely Family-Owned (unverified),Collier,Naples,34117-4133,"3511 11 Th Ave Sw, Naples, FL, 34117-4133",(239) 352-6006,,5,1,Plumber,CFC,CFC057665; CFC1434106,new,,companies.json (exact_name),ChIJKfmCTsQC24gRomflKqo4D4s,https://www.google.com/maps/search/?api=1&query=Aero%20Plumbers&query_place_id=ChIJKfmCTsQC24gRomflKqo4D4s,Unverified,No confirmed PE/public/franchise match; most FL contractors are independently owned — ownership not verified,2
B — Phone + priority county,ALL H2O PLUMBING CONNECTIONS INC,Plumbing,Independent / Likely Family-Owned (unverified),Collier,Marco Island,34145,"548 Spinnaker Dr, Marco Island, FL, 34145",(239) 775-5000,,5,1,Plumber,CFC,CFC1428055,new,,companies.json (exact_name),ChIJ2Qn9Wpvk2ogRvUh9vphikSE,https://www.google.com/maps/search/?api=1&query=All%20H2O%20Plumbing%20Connections&query_place_id=ChIJ2Qn9Wpvk2ogRvUh9vphikSE,Unverified,No confirmed PE/public/franchise match; most FL contractors are independently owned — ownership not verified,1
B — Phone + priority county,DOC PLUMBING LLC,Plumbing,Independent / Likely Family-Owned (unverified),St. Lucie,Port St Lucie,34983,"1646 Se Fallon Dr, Port St Lucie, FL, 34983",(561) 584-3024,,3,1,Plumber,RF,RF11067987,new,,companies.json (exact_name),ChIJca9ctifp3ogR4yi4bwn3rAw,https://www.google.com/maps/search/?api=1&query=Doc%20plumbing&query_place_id=ChIJca9ctifp3ogR4yi4bwn3rAw,Unverified,No confirmed PE/public/franchise match; most FL contractors are independently owned — ownership not verified,1
B — Phone + priority county,MIKE'S PLUMBING LLC,Plumbing,Independent / Likely Family-Owned (unverified),Sarasota,North Port,34287,"4595 Tollefson Ave., North Port, FL, 34287",(941) 483-3719,www.mikethelocalplumber.com,5,1,Plumber,CFC,CFC1425929,new,,companies.json (exact_name),ChIJ0UvE0Lpbw4gRB6vvuV5Vwjk,https://www.google.com/maps/search/?api=1&query=Mike's%20Plumbing%20LLC&query_place_id=ChIJ0UvE0Lpbw4gRB6vvuV5Vwjk,Unverified,No confirmed PE/public/franchise match; most FL contractors are independently owned — ownership not verified,1
B — Phone + priority county,ON CALL PLUMBERS,Plumbing,Independent / Likely Family-Owned (unverified),Pinellas,Largo,33770,"801 West Bay Drive, Suite 302, Largo, FL, 33770",(727) 270-9118,plumbersinstpetersburgfl.com,1,1,Plumber,CFC,CFC1433354,new,,companies.json (exact_name),ChIJPeJT4fjjwogRY5s_SPCQJkw,https://www.google.com/maps/search/?api=1&query=On%20Call%20Plumbers&query_place_id=ChIJPeJT4fjjwogRY5s_SPCQJkw,Unverified,No confirmed PE/public/franchise match; most FL contractors are independently owned — ownership not verified,1
B — Phone + priority county,AIR CONDITIONING SYSTEMS LLC,Mechanical,Independent / Likely Family-Owned (unverified),Lee,Fort Myers,33906-6582,"Po Box 60582, Fort Myers, FL, 33906-6582",(850) 249-3133,,,,Plumber,CMC,CMC1249424,new,,companies.json (exact_name),ChIJibOEfyKNk4gRacIDmRzbuWo,https://www.google.com/maps/search/?api=1&query=Plumbing%20Systems%20Inc&query_place_id=ChIJibOEfyKNk4gRacIDmRzbuWo,Unverified,No confirmed PE/public/franchise match; most FL contractors are independently owned — ownership not verified,1
B — Phone + priority county,AIR SYSTEMS,HVAC,Independent / Likely Family-Owned (unverified),Orange,Orlando,32837,"14449 Mandolin Dr, Orlando, FL, 32837",(850) 249-3133,,,,Plumber,CAC,CAC1815707,new,,companies.json (exact_name),ChIJibOEfyKNk4gRacIDmRzbuWo,https://www.google.com/maps/search/?api=1&query=Plumbing%20Systems%20Inc&query_place_id=ChIJibOEfyKNk4gRacIDmRzbuWo,Unverified,No confirmed PE/public/franchise match; most FL contractors are independently owned — ownership not verified,1
B — Phone + priority county,BETTER CHOICE PLUMBING INC.,Plumbing,Independent / Likely Family-Owned (unverified),Collier,Naples,34117,"3640 5Th Ave Sw, Naples, FL, 34117",(239) 269-0043,,0,0,Plumber,CFC,CFC1428369,new,,companies.json (exact_name),ChIJVVWkyUji2ogRrowDhj-e9Ig,https://www.google.com/maps/search/?api=1&query=Better%20Choice%20Plumbing&query_place_id=ChIJVVWkyUji2ogRrowDhj-e9Ig,Unverified,No confirmed PE/public/franchise match; most FL contractors are independently owned — ownership not verified,1
B — Phone + priority county,COOLING SYSTEMS INC,HVAC,Independent / Likely Family-Owned (unverified),Orange,Orlando,32824,"6407 New Hope Rd, Orlando, FL, 32824",(850) 249-3133,,,,Plumber,CAC,CAC1814180,new,,companies.json (exact_name),ChIJibOEfyKNk4gRacIDmRzbuWo,https://www.google.com/maps/search/?api=1&query=Plumbing%20Systems%20Inc&query_place_id=ChIJibOEfyKNk4gRacIDmRzbuWo,Unverified,No confirmed PE/public/franchise match; most FL contractors are independently owned — ownership not verified,1
B — Phone + priority county,GULFSHORE PLUMBING INC,Plumbing,Independent / Likely Family-Owned (unverified),Collier,Naples,34119,"4830 Hickory Wood Drive, Naples, FL, 34119",(850) 203-2229,gulfshoreair.com/plumbing,0,0,Plumber,CFC,CFC1428765,new,,companies.json (exact_name),ChIJfcR-lRNdkYgRb-1BjLQPVvg,https://www.google.com/maps/search/?api=1&query=Gulfshore%20Plumbing&query_place_id=ChIJfcR-lRNdkYgRb-1BjLQPVvg,Unverified,No confirmed PE/public/franchise match; most FL contractors are independently owned — ownership not verified,1
B — Phone + priority county,J C PLUMBING SERVICES INC,Plumbing,Independent / Likely Family-Owned (unverified),Broward,Hollywood,33019,"1118 Johnson St, Hollywood, FL, 33019",(239) 462-1055,,,,Plumber,CFC,CFC1426227,new,,companies.json (exact_name),ChIJuXUUZrZw24gROre0LkDaMEk,https://www.google.com/maps/search/?api=1&query=J%20C%20Plumbing%20Llc&query_place_id=ChIJuXUUZrZw24gROre0LkDaMEk,Unverified,No confirmed PE/public/franchise match; most FL contractors are independently owned — ownership not verified,1
B — Phone + priority county,"J.C. PLUMBING, L.L.C.",Plumbing,Independent / Likely Family-Owned (unverified),Collier,Naples,34117,"2664 16Th Ave Se, Naples, FL, 34117",(239) 462-1055,,0,0,Plumber,CFC,CFC1430818,new,,data/companies.json (Google Maps scrape),,,Unverified,No confirmed PE/public/franchise match; most FL contractors are independently owned — ownership not verified,1
C — Phone (other FL county),ELITE ELECTRIC PLUMBING & AIR INC.,Plumbing + HVAC,Independent / Likely Family-Owned (unverified),Unknown,Rutherfordton,28139,"1470  Darlington Rd., Rutherfordton, NC, 28139",(772) 356-1735,www.eliteelectricandair.com,4.8,5150,"HVAC contractor, Air conditioning contractor, Air conditioning repair service, Electrician, Heating contractor, Plumber","CAC, CFC",CAC1816433; CFC029669; CFC1433980,new,,companies.json (exact_name),ChIJwQ8-MODr3ogR8xpN_c9enSA,https://www.google.com/maps/search/?api=1&query=Elite%20Electric%2C%20Plumbing%20%26%20Air&query_place_id=ChIJwQ8-MODr3ogR8xpN_c9enSA,Unverified,No confirmed PE/public/franchise match; most FL contractors are independently owned — ownership not verified,3
C — Phone (other FL county),ELITE HEATING & AIR CONDITIONING LLC,HVAC,Independent / Likely Family-Owned (unverified),Okaloosa,Baker,32531,"2282 James Peaden Rd, Baker, FL, 32531",(772) 356-1735,www.eliteelectricandair.com,4.8,5150,"HVAC contractor, Air conditioning contractor, Air conditioning repair service, Electrician, Heating contractor, Plumber",CAC,CAC1821266,new,,companies.json (exact_name),ChIJwQ8-MODr3ogR8xpN_c9enSA,https://www.google.com/maps/search/?api=1&query=Elite%20Electric%2C%20Plumbing%20%26%20Air&query_place_id=ChIJwQ8-MODr3ogR8xpN_c9enSA,Unverified,No confirmed PE/public/franchise match; most FL contractors are independently owned — ownership not verified,1
C — Phone (other FL county),MEARES PLUMBING INC,Plumbing,Independent / Likely Family-Owned (unverified),Hernando,Spring Hill,34606,"262 Eastpoint Ct, Spring Hill, FL, 34606",(727) 605-0002,www.mearesplumbing.com,4.9,3272,"Plumber, Electrician",CFC,CFC1429868; CFC1429869,new,,companies.json (exact_name),ChIJIywT2oubwogRTtIp3Bh61RA,https://www.google.com/maps/search/?api=1&query=Meares%20Plumbing%20and%20Electrical&query_place_id=ChIJIywT2oubwogRTtIp3Bh61RA,Unverified,No confirmed PE/public/franchise match; most FL contractors are independently owned — ownership not verified,2
C — Phone (other FL county),FLORIDA AIR HEATING & COOLING LLC,HVAC,Independent / Likely Family-Owned (unverified),Brevard,Palm Bay,32907,"469 Cremona Ave Nw, Palm Bay, FL, 32907",(850) 805-6455,www.andservices.com/locations/fort-walton-beach,4.7,2928,"HVAC contractor, Air conditioning contractor, Air conditioning repair service, Heating contractor, Plumber",CAC,CAC1823291,new,,companies.json (exact_name),ChIJeWJsLR0_kYgREWWHbLfyfCE,https://www.google.com/maps/search/?api=1&query=AND%20Services%20Air%20Conditioning%2C%20Heating%20%26%20Plumbing&query_place_id=ChIJeWJsLR0_kYgREWWHbLfyfCE,Unverified,No confirmed PE/public/franchise match; most FL contractors are independently owned — ownership not verified,1
C — Phone (other FL county),FLORIDA COOLING & HEATING.INC,HVAC,Independent / Likely Family-Owned (unverified),Seminole,Sanford,32771,"5250 Michigan Ave, Sanford, FL, 32771",(850) 805-6455,www.andservices.com/locations/fort-walton-beach,4.7,2928,"HVAC contractor, Air conditioning contractor, Air conditioning repair service, Heating contractor, Plumber",CAC,CAC1818490,new,,companies.json (exact_name),ChIJeWJsLR0_kYgREWWHbLfyfCE,https://www.google.com/maps/search/?api=1&query=AND%20Services%20Air%20Conditioning%2C%20Heating%20%26%20Plumbing&query_place_id=ChIJeWJsLR0_kYgREWWHbLfyfCE,Unverified,No confirmed PE/public/franchise match; most FL contractors are independently owned — ownership not verified,1
C — Phone (other FL county),"WE CARE HEATING, COOLING, PLUMBING & ELECTRICAL, LLC",Plumbing + HVAC,Independent / Likely Family-Owned (unverified),Okaloosa,Ft Walton Beach,32547,"729 Beal Parkway N., Ft Walton Beach, FL, 32547",(850) 930-1876,wecareheatandair.com/florida/fort-walton-beach,4.9,2231,"Plumber, Electrician, HVAC contractor","CAC, CFC",CAC1822161; CFC1433422,new,,companies.json (exact_name),ChIJE_5tOd8_kYgR7ciQd_9LhfA,https://www.google.com/maps/search/?api=1&query=We%20Care%20Heating%2C%20Cooling%2C%20Plumbing%20%26%20Electrical&query_place_id=ChIJE_5tOd8_kYgR7ciQd_9LhfA,Unverified,No confirmed PE/public/franchise match; most FL contractors are independently owned — ownership not verified,2
C — Phone (other FL county),"AIR FLOW PROS HEATING AND COOLING, INC.",HVAC,Independent / Likely Family-Owned (unverified),Clay,Fleming Island,32003,"1868 Sugar Maple Road, Fleming Island, FL, 32003",(727) 265-9639,www.flowprosllc.com,4.9,2225,"Plumber, Drainage service, Hot water system supplier, Septic system service, Water filter supplier, Water pump supplier, Water softening equipment supplier, Water treatment supplier",CAC,CAC1820813,new,,companies.json (exact_name),ChIJHcGNemznwogR5sWnhLUTC5s,https://www.google.com/maps/search/?api=1&query=Flow%20Pros%20Plumbing&query_place_id=ChIJHcGNemznwogR5sWnhLUTC5s,Unverified,No confirmed PE/public/franchise match; most FL contractors are independently owned — ownership not verified,1
C — Phone (other FL county),EMERALD BAY PLUMBING,Plumbing,Independent / Likely Family-Owned (unverified),Okaloosa,Destin,32541,"1209 Airport Rd Ste 10, Destin, FL, 32541",(850) 610-3367,emeraldbayplumbing.com,4.9,1769,"Plumber, Contractor, Drainage service, Home inspector, Septic system service",CFC,CFC1428431,new,,companies.json (exact_name),ChIJDbmDModDkYgRSPkpox77f7A,https://www.google.com/maps/search/?api=1&query=Emerald%20Bay%20Plumbing&query_place_id=ChIJDbmDModDkYgRSPkpox77f7A,Unverified,No confirmed PE/public/franchise match; most FL contractors are independently owned — ownership not verified,1
C — Phone (other FL county),LEE HEATING & COOLING,Mechanical,Independent / Likely Family-Owned (unverified),Escambia,Pensacola,32505,"4119 Warehouse Lane, Pensacola, FL, 32505",(850) 912-9750,leehvac.com,4.5,1653,"Plumber, Air compressor repair service, Air conditioning contractor, Air conditioning repair service, Air duct cleaning service, HVAC contractor, Heating contractor, Solar energy system service",CMC,CMC1249821,new,,companies.json (exact_name),ChIJBcOGHzOVkIgRCe60y61D1k0,https://www.google.com/maps/search/?api=1&query=Lee%20Heating%20%26%20Cooling&query_place_id=ChIJBcOGHzOVkIgRCe60y61D1k0,Unverified,No confirmed PE/public/franchise match; most FL contractors are independently owned — ownership not verified,1
C — Phone (other FL county),"CONTINENTAL AIR AND ELECTRIC, LLC",HVAC,Independent / Likely Family-Owned (unverified),Alachua,Hawthorne,32640,"5868 Se 152 Street, Hawthorne, FL, 32640",(727) 888-5137,www.continentalplumbing.net,4.9,1560,Plumber,CAC,CAC1819755,new,,companies.json (exact_name),ChIJz81JjleQwogRfSRR5XTUlPI,https://www.google.com/maps/search/?api=1&query=Continental%20Plumbing%20Services%2C%20Llc&query_place_id=ChIJz81JjleQwogRfSRR5XTUlPI,Unverified,No confirmed PE/public/franchise match; most FL contractors are independently owned — ownership not verified,1
C — Phone (other FL county),"HILLER PLUMBING, HEATING, COOLING & ELECTRICAL",Plumbing + HVAC,Independent / Likely Family-Owned (unverified),Unknown,Nashville,37720,"939 Oak Valley Lane, Nashville, TN, 37720",(850) 782-3513,happyhiller.com/locations/panama-city-beach,4.9,1400,"Air conditioning contractor, Air conditioning repair service, Electrician, Furnace repair service, Electric generator shop, Heating contractor, HVAC contractor, Plumber","CFC, CMC",CFC1431844; CMC1251124,new,,companies.json (exact_name),ChIJ1f3HO1WBk4gRA0Jkg46k3TY,https://www.google.com/maps/search/?api=1&query=Hiller%20Plumbing%2C%20Heating%2C%20Cooling%2C%20%26%20Electrical&query_place_id=ChIJ1f3HO1WBk4gRA0Jkg46k3TY,Unverified,No confirmed PE/public/franchise match; most FL contractors are independently owned — ownership not verified,2
C — Phone (other FL county),"EMERALD AIR SERVICES, LLC",HVAC,Independent / Likely Family-Owned (unverified),Okaloosa,Fort Walton Beach,32549,"Po Box 5573, Fort Walton Beach, FL, 32549",(407) 898-3538,www.emeraldplumbing.net,4.8,1342,"Plumber, Solar energy equipment supplier, Water softening equipment supplier",CAC,CAC1818895,new,,companies.json (exact_name),ChIJrYis9Tp754gR1tskq4PEpZ8,https://www.google.com/maps/search/?api=1&query=Emerald%20Plumbing&query_place_id=ChIJrYis9Tp754gR1tskq4PEpZ8,Unverified,No confirmed PE/public/franchise match; most FL contractors are independently owned — ownership not verified,1
C — Phone (other FL county),EXPRESS AIR SERVICE LLC,HVAC,Independent / Likely Family-Owned (unverified),Polk,Auburndale,33823,"463 Autumn Stream Dr, Auburndale, FL, 33823",(941) 355-8422,www.plumbing-express.com,4.9,1304,"Plumber, Contractor, Drainage service, Gas installation service, HVAC contractor, Repair service",CAC,CAC1824157,new,,companies.json (exact_name),ChIJI4jHoaE_w4gRV3eh6vu8Gwo,https://www.google.com/maps/search/?api=1&query=Plumbing%20Express%2C%20Inc.&query_place_id=ChIJI4jHoaE_w4gRV3eh6vu8Gwo,Unverified,No confirmed PE/public/franchise match; most FL contractors are independently owned — ownership not verified,1
C — Phone (other FL county),EXPRESS PLUMBING INC,Plumbing,Independent / Likely Family-Owned (unverified),Columbia,Lake City,32024,"736 Sw Arbor Ln, Lake City, FL, 32024",(941) 355-8422,www.plumbing-express.com,4.9,1304,"Plumber, Contractor, Drainage service, Gas installation service, HVAC contractor, Repair service",CFC,CFC1428040,new,,companies.json (exact_name),ChIJI4jHoaE_w4gRV3eh6vu8Gwo,https://www.google.com/maps/search/?api=1&query=Plumbing%20Express%2C%20Inc.&query_place_id=ChIJI4jHoaE_w4gRV3eh6vu8Gwo,Unverified,No confirmed PE/public/franchise match; most FL contractors are independently owned — ownership not verified,1
C — Phone (other FL county),FLORIDA AIR EXPRESS INC,Mechanical,Independent / Likely Family-Owned (unverified),Polk,Auburndale,33823,"235 Kingsley Blvd, Auburndale, FL, 33823",(941) 355-8422,www.plumbing-express.com,4.9,1304,"Plumber, Contractor, Drainage service, Gas installation service, HVAC contractor, Repair service",CMC,CMC1251057,new,,companies.json (exact_name),ChIJI4jHoaE_w4gRV3eh6vu8Gwo,https://www.google.com/maps/search/?api=1&query=Plumbing%20Express%2C%20Inc.&query_place_id=ChIJI4jHoaE_w4gRV3eh6vu8Gwo,Unverified,No confirmed PE/public/franchise match; most FL contractors are independently owned — ownership not verified,1
C — Phone (other FL county),"SHAMROCK PLUMBING AND DRAIN CLEANING, LLC",Plumbing,Independent / Likely Family-Owned (unverified),Charlotte,Port Charlotte,33952,"1507 Truval Terrace, Port Charlotte, FL, 33952",(407) 603-8977,www.shamrockplumbingfl.com,4.8,1224,"Plumber, Bathroom remodeler, Hot water system supplier, Kitchen remodeler, Water purification company, Water softening equipment supplier",CFC,CFC1433940,new,,companies.json (exact_name),ChIJT0W_Dwt554gRl-mHHa3dn7Q,https://www.google.com/maps/search/?api=1&query=Shamrock%20Plumbing%20and%20Drain%20Cleaning%20Inc.&query_place_id=ChIJT0W_Dwt554gRl-mHHa3dn7Q,Unverified,No confirmed PE/public/franchise match; most FL contractors are independently owned — ownership not verified,1
C — Phone (other FL county),RELIABLE PLUMBING PLUS LLC,Plumbing,Independent / Likely Family-Owned (unverified),Santa Rosa,Gulfbreeze,32563,"1342  Harvard Dr, Gulfbreeze, FL, 32563",(833) 387-4543,www.reliableplumbers.com,4.8,1138,Plumber,RF,RF11068005,new,,companies.json (exact_name),ChIJD-xc_67FkIgRJe2SUeMq2w0,https://www.google.com/maps/search/?api=1&query=Reliable%20Plumbing%20Plus%20LLC&query_place_id=ChIJD-xc_67FkIgRJe2SUeMq2w0,Unverified,No confirmed PE/public/franchise match; most FL contractors are independently owned — ownership not verified,1
C — Phone (other FL county),WHITEHEAD SERVICES,Plumbing + HVAC,Independent / Likely Family-Owned (unverified),Bay,Panama City,32405,"1601 Frankford Ave, Panama City, FL, 32405",(850) 673-0260,whiteheadservices.com,4.9,1114,"Plumber, Air conditioning repair service, Air conditioning system supplier, HVAC contractor, Air conditioning contractor, Plumbing supply store","CFC, CMC",CFC019169; CMC1251250,new,,companies.json (exact_name),ChIJGdlR0amGk4gRoDA1KEE4Klg,https://www.google.com/maps/search/?api=1&query=Whitehead%20Services&query_place_id=ChIJGdlR0amGk4gRoDA1KEE4Klg,Unverified,No confirmed PE/public/franchise match; most FL contractors are independently owned — ownership not verified,2
C — Phone (other FL county),"AFFORDABLE AIR CONDITIONING AND HEATING, INC.",HVAC,Independent / Likely Family-Owned (unverified),Polk,Lakeland,33813,"1727 High Point Dr, Lakeland, FL, 33813",(239) 986-8161,www.affordableairconditioningandheating.com,4.8,1057,"Air conditioning contractor, Air conditioning repair service, Drainage service, Heating contractor, Plumber",CAC,CAC1816553,new,,companies.json (exact_name),ChIJ__-_QuBD24gRnlbkRl8JHE0,https://www.google.com/maps/search/?api=1&query=Affordable%20Air%20and%20Plumbing&query_place_id=ChIJ__-_QuBD24gRnlbkRl8JHE0,Unverified,No confirmed PE/public/franchise match; most FL contractors are independently owned — ownership not verified,1
C — Phone (other FL county),AFFORDABLE AIR CONDITIONING SERVICES INC,HVAC,Independent / Likely Family-Owned (unverified),St. Johns,St Augustine,32084,"28 Sebastian Avenue, St Augustine, FL, 32084",(239) 986-8161,www.affordableairconditioningandheating.com,4.8,1057,"Air conditioning contractor, Air conditioning repair service, Drainage service, Heating contractor, Plumber",CAC,CAC058520,new,,companies.json (exact_name),ChIJ__-_QuBD24gRnlbkRl8JHE0,https://www.google.com/maps/search/?api=1&query=Affordable%20Air%20and%20Plumbing&query_place_id=ChIJ__-_QuBD24gRnlbkRl8JHE0,Unverified,No confirmed PE/public/franchise match; most FL contractors are independently owned — ownership not verified,1
C — Phone (other FL county),"AFFORDABLE AIR, INC.",HVAC,Independent / Likely Family-Owned (unverified),Highlands,Sebring,33872,"3517 Monza Dr, Sebring, FL, 33872",(239) 986-8161,www.affordableairconditioningandheating.com,4.8,1057,"Air conditioning contractor, Air conditioning repair service, Drainage service, Heating contractor, Plumber",CAC,CAC1815769,new,,companies.json (exact_name),ChIJ__-_QuBD24gRnlbkRl8JHE0,https://www.google.com/maps/search/?api=1&query=Affordable%20Air%20and%20Plumbing&query_place_id=ChIJ__-_QuBD24gRnlbkRl8JHE0,Unverified,No confirmed PE/public/franchise match; most FL contractors are independently owned — ownership not verified,1
C — Phone (other FL county),ANYTIME PLUMBER,Plumbing,Independent / Likely Family-Owned (unverified),Escambia,Pensacola,32505,"175 W Airport Blvd, Pensacola, FL, 32505",(850) 438-0001,www.anytimeplumber247.com,4.8,972,"Plumber, Septic system service",CFC,CFC1429158,new,,companies.json (exact_name),ChIJeb6Xluq_kIgRSAELVJSTz_8,https://www.google.com/maps/search/?api=1&query=Anytime%20Plumber&query_place_id=ChIJeb6Xluq_kIgRSAELVJSTz_8,Unverified,No confirmed PE/public/franchise match; most FL contractors are independently owned — ownership not verified,1
C — Phone (other FL county),ROMAN AIR,HVAC,Independent / Likely Family-Owned (unverified),Osceola,Saint Cloud,34771,"1415 Belladonna Place, Saint Cloud, FL, 34771",(727) 614-8904,www.romanplumbing.net,4.8,969,"Plumber, Air conditioning repair service, Air conditioning system supplier, Bathroom remodeler, Heating contractor, Hot water system supplier, HVAC contractor, Air conditioning contractor",CAC,CAC1820242,new,,companies.json (exact_name),ChIJMYKubMyRwogRUS_6vwE4jR4,https://www.google.com/maps/search/?api=1&query=Roman%20Plumbing%20and%20Air%20Inc.&query_place_id=ChIJMYKubMyRwogRUS_6vwE4jR4,Unverified,No confirmed PE/public/franchise match; most FL contractors are independently owned — ownership not verified,1
C — Phone (other FL county),GRABLE PLUMBING & AIR INC.,HVAC,Independent / Likely Family-Owned (unverified),Hernando,Spring Hill,34609,"13426 Candia St, Spring Hill, FL, 34609",(813) 680-4806,grableplumbing.com,4.8,896,"Plumber, Air conditioning contractor, Air conditioning repair service, Air conditioning system supplier, Air duct cleaning service, Drainage service, Furnace repair service, Heating contractor",CAC,CAC1822365,new,,companies.json (exact_name),ChIJN3_SltjFwogRxlaGLHfat80,https://www.google.com/maps/search/?api=1&query=Grable%20Plumbing%20%26%20Air&query_place_id=ChIJN3_SltjFwogRxlaGLHfat80,Unverified,No confirmed PE/public/franchise match; most FL contractors are independently owned — ownership not verified,1
C — Phone (other FL county),ADVANTAGE AIR INC,HVAC,Independent / Likely Family-Owned (unverified),Monroe,Sugarloaf Key,33042,"17276  Jamaica Lane, Sugarloaf Key, FL, 33042",(850) 438-2639,advantagehpe.com,4.9,883,"Air conditioning contractor, Air conditioning repair service, Electrical installation service, Electrician, Heating contractor, Plumber",CAC,CAC1817731; CAC1818121,new,,companies.json (exact_name),ChIJh5nRYueBk4gRF70lYtncAJ8,https://www.google.com/maps/search/?api=1&query=Advantage%20HVAC%2C%20Plumbing%2C%20and%20Electrical&query_place_id=ChIJh5nRYueBk4gRF70lYtncAJ8,Unverified,No confirmed PE/public/franchise match; most FL contractors are independently owned — ownership not verified,2
C — Phone (other FL county),"ADVANTAGE HVAC, PLUMBING, AND ELECTRICAL",Plumbing + HVAC,Independent / Likely Family-Owned (unverified),Leon,Palatka,32177,"140  Roddy Rd, Palatka, FL, 32177",(850) 438-2639,advantagehpe.com,4.9,883,"Air conditioning contractor, Air conditioning repair service, Electrical installation service, Electrician, Heating contractor, Plumber","CAC, CFC",CAC1824382; CFC1430935,new,,companies.json (exact_name),ChIJh5nRYueBk4gRF70lYtncAJ8,https://www.google.com/maps/search/?api=1&query=Advantage%20HVAC%2C%20Plumbing%2C%20and%20Electrical&query_place_id=ChIJh5nRYueBk4gRF70lYtncAJ8,Unverified,No confirmed PE/public/franchise match; most FL contractors are independently owned — ownership not verified,2
C — Phone (other FL county),ADVANTAGE PLUMBING INC,Plumbing,Independent / Likely Family-Owned (unverified),Seminole,Longwood,32752,"Po Box 520666, Longwood, FL, 32752",(850) 438-2639,advantagehpe.com,4.9,883,"Air conditioning contractor, Air conditioning repair service, Electrical installation service, Electrician, Heating contractor, Plumber",CFC,CFC057879; CFC1433893,new,,companies.json (exact_name),ChIJh5nRYueBk4gRF70lYtncAJ8,https://www.google.com/maps/search/?api=1&query=Advantage%20HVAC%2C%20Plumbing%2C%20and%20Electrical&query_place_id=ChIJh5nRYueBk4gRF70lYtncAJ8,Unverified,No confirmed PE/public/franchise match; most FL contractors are independently owned — ownership not verified,2
C — Phone (other FL county),"AIR ADVANTAGE, INC.",Mechanical,Independent / Likely Family-Owned (unverified),Okaloosa,Crestview,32536,"2850 Lake Silver Road, Crestview, FL, 32536",(850) 438-2639,advantagehpe.com,4.9,883,"Air conditioning contractor, Air conditioning repair service, Electrical installation service, Electrician, Heating contractor, Plumber",CMC,CMC057086,new,,companies.json (exact_name),ChIJh5nRYueBk4gRF70lYtncAJ8,https://www.google.com/maps/search/?api=1&query=Advantage%20HVAC%2C%20Plumbing%2C%20and%20Electrical&query_place_id=ChIJh5nRYueBk4gRF70lYtncAJ8,Unverified,No confirmed PE/public/franchise match; most FL contractors are independently owned — ownership not verified,1
C — Phone (other FL county),DECKER PLUMBING & DRAINS LLC,Plumbing,Independent / Likely Family-Owned (unverified),DeSoto,Arcadia,34269,"7080 Sw Highway 17, Arcadia, FL, 34269",(941) 979-0896,deckerplumbinganddrains.com,4.9,876,"Plumber, Drainage service, Service establishment, Septic system service, Water filter supplier, Water softening equipment supplier",CFC,CFC1430326,new,,companies.json (exact_name),ChIJzeH4usKt3IgRcRwnCgH2xOY,https://www.google.com/maps/search/?api=1&query=Decker%20Plumbing%20%26%20Drains&query_place_id=ChIJzeH4usKt3IgRcRwnCgH2xOY,Unverified,No confirmed PE/public/franchise match; most FL contractors are independently owned — ownership not verified,1
C — Phone (other FL county),APEX HEATING AND COOLING LLC,HVAC,Independent / Likely Family-Owned (unverified),Seminole,Oviedo,32765,"8936 Vickroy Ter, Oviedo, FL, 32765",(727) 371-9061,apexdoyourplumbing.com,4.9,835,"Plumber, Bathroom remodeler, Drainage service, Hot water system supplier, Kitchen remodeler, Septic system service, Water filter supplier, Water softening equipment supplier",CAC,CAC1824526,new,,companies.json (exact_name),ChIJldvuRfXlwogR_1Z7sW91hW4,https://www.google.com/maps/search/?api=1&query=Apex%20Plumbing&query_place_id=ChIJldvuRfXlwogR_1Z7sW91hW4,Unverified,No confirmed PE/public/franchise match; most FL contractors are independently owned — ownership not verified,1
C — Phone (other FL county),PACE PLUMBING INC,Plumbing,Independent / Likely Family-Owned (unverified),Santa Rosa,Pace,32571,"4274 Bell Lane, Pace, FL, 32571",(850) 995-0820,www.paceplumber.com,4.9,823,"Plumber, Bathroom remodeler, Kitchen remodeler, Plumbing supply store",CFC,CFC1428837,new,,companies.json (exact_name),ChIJX0HwSNLukIgREb1ArhgHkL4,https://www.google.com/maps/search/?api=1&query=Pace%20Plumbing%20Inc.&query_place_id=ChIJX0HwSNLukIgREb1ArhgHkL4,Unverified,No confirmed PE/public/franchise match; most FL contractors are independently owned — ownership not verified,1
C — Phone (other FL county),ALL PRO HEATING & AIR LLC,Mechanical,Independent / Likely Family-Owned (unverified),Clay,Orange Park,32073,"395 Corporate Way, Orange Park, FL, 32073",(813) 616-1851,callthepro.com,4.9,809,"Plumber, Air conditioning contractor, Air conditioning repair service, Bathroom remodeler, Gas installation service, Gasfitter, Hot water system supplier, HVAC contractor",CMC,CMC1250315,new,,companies.json (exact_name),ChIJyT3plYDBwogRKbPGCbKvxP4,https://www.google.com/maps/search/?api=1&query=All%20Pro%20Plumbing%20%26%20Air&query_place_id=ChIJyT3plYDBwogRKbPGCbKvxP4,Unverified,No confirmed PE/public/franchise match; most FL contractors are independently owned — ownership not verified,1
C — Phone (other FL county),ALL PRO PLUMBING & AIR,Plumbing + HVAC,Independent / Likely Family-Owned (unverified),Hendry,Labelle,33935,"2745 Howard Rd, Labelle, FL, 33935",(813) 616-1851,callthepro.com,4.9,809,"Plumber, Air conditioning contractor, Air conditioning repair service, Bathroom remodeler, Gas installation service, Gasfitter, Hot water system supplier, HVAC contractor","CAC, CFC",CAC1824119; CFC1433589,new,,companies.json (exact_name),ChIJyT3plYDBwogRKbPGCbKvxP4,https://www.google.com/maps/search/?api=1&query=All%20Pro%20Plumbing%20%26%20Air&query_place_id=ChIJyT3plYDBwogRKbPGCbKvxP4,Unverified,No confirmed PE/public/franchise match; most FL contractors are independently owned — ownership not verified,2
C — Phone (other FL county),"STEEL PLUMBING, INC.",Plumbing,Independent / Likely Family-Owned (unverified),Charlotte,Murdock,33938,"Po Box 380027, Murdock, FL, 33938",(941) 769-7990,www.callsteel.com,5,728,"Plumber, Service establishment",CFC,CFC1432288,new,,companies.json (exact_name),ChIJ-WTuxlKp3IgReBS7M-M1xq8,https://www.google.com/maps/search/?api=1&query=Steel%20Plumbing&query_place_id=ChIJ-WTuxlKp3IgReBS7M-M1xq8,Unverified,No confirmed PE/public/franchise match; most FL contractors are independently owned — ownership not verified,1
C — Phone (other FL county),JONES & SONS PLUMBING AND AIR INC,Plumbing,Family-Owned,Unknown,Fitzgerald,31750,"289 Locust Rd, Fitzgerald, GA, 31750",(727) 288-0765,www.jonesandsonsplumbing.com,4.8,714,"Plumber, Contractor, Water filter supplier, Water testing service",CFC,CFC1431854,new,,companies.json (exact_name),ChIJZfzMn2XuwogRXNJPl8SImkw,https://www.google.com/maps/search/?api=1&query=Jones%20%26%20Sons%20Plumbing&query_place_id=ChIJZfzMn2XuwogRXNJPl8SImkw,Pattern match,Name/marketing indicates family ownership,1
C — Phone (other FL county),GREENWAY PLUMBING INC.,Plumbing,Independent / Likely Family-Owned (unverified),Clay,Green Cove Springs,32043,"2217 Craven Rd., Green Cove Springs, FL, 32043",(407) 234-0003,greenwayplumber.com,4.9,643,"Plumber, General contractor",CFC,CFC1431391; CFC1433108,new,,companies.json (exact_name),ChIJMTa6OHhj54gRjUWbFBSyTJw,https://www.google.com/maps/search/?api=1&query=Greenway%20Plumbing%20Services&query_place_id=ChIJMTa6OHhj54gRjUWbFBSyTJw,Unverified,No confirmed PE/public/franchise match; most FL contractors are independently owned — ownership not verified,2
C — Phone (other FL county),GREENWAY PLUMBING SERVICES CORP,Plumbing,Independent / Likely Family-Owned (unverified),Unknown,Wake Forest,27587,"1197  Old Still Way, Wake Forest, NC, 27587",(407) 234-0003,greenwayplumber.com,4.9,643,"Plumber, General contractor",CFC,CFC1428250,new,,companies.json (exact_name),ChIJMTa6OHhj54gRjUWbFBSyTJw,https://www.google.com/maps/search/?api=1&query=Greenway%20Plumbing%20Services&query_place_id=ChIJMTa6OHhj54gRjUWbFBSyTJw,Unverified,No confirmed PE/public/franchise match; most FL contractors are independently owned — ownership not verified,1
C — Phone (other FL county),"VANGUARD PLUMBING, INC",Plumbing,Independent / Likely Family-Owned (unverified),Polk,Lakeland,33811,"4343 Holden Rd, Lakeland, FL, 33811",(863) 343-1540,vanguardpl.com,4.8,640,"Plumber, Drainage service, Sewage disposal service",CFC,CFC1431999,new,,companies.json (exact_name),ChIJe8fO4MxB8IYRsiUyC48OpCI,https://www.google.com/maps/search/?api=1&query=Vanguard%20Plumbing&query_place_id=ChIJe8fO4MxB8IYRsiUyC48OpCI,Unverified,No confirmed PE/public/franchise match; most FL contractors are independently owned — ownership not verified,1
C — Phone (other FL county),BEACH TOWN PLUMBERS LLC,Plumbing,Independent / Likely Family-Owned (unverified),Santa Rosa,Navarre,32566,"7285 Mossy Oaks Dr, Navarre, FL, 32566",(850) 641-8290,www.beachtownplumbers.com,4.9,635,"Plumber, Drainage service",RF,RF11067835,new,,companies.json (exact_name),ChIJVbmD5qTfkIgRsSUFZ1B2_j4,https://www.google.com/maps/search/?api=1&query=Beach%20Town%20Plumbers&query_place_id=ChIJVbmD5qTfkIgRsSUFZ1B2_j4,Unverified,No confirmed PE/public/franchise match; most FL contractors are independently owned — ownership not verified,1
C — Phone (other FL county),TRU PLUMBING AND GAS LLC,Plumbing,Independent / Likely Family-Owned (unverified),Okaloosa,Fort Walton Beach,32547,"923 Marnan Dr Ne, Fort Walton Beach, FL, 32547",(850) 407-3120,truplumbingandgas.com,4.9,589,"Plumber, Bathroom remodeler, Construction company, Gas company, Gas installation service, Gasfitter, Kitchen remodeler, Remodeler","CFC, RF",CFC1433950; RF11067809,new,,companies.json (exact_name),ChIJuUwp67wNkYgRMcnHNCk7N0E,https://www.google.com/maps/search/?api=1&query=Tru%20Plumbing%20and%20Gas&query_place_id=ChIJuUwp67wNkYgRMcnHNCk7N0E,Unverified,No confirmed PE/public/franchise match; most FL contractors are independently owned — ownership not verified,2
C — Phone (other FL county),H2O PLUMBING SOLUTIONS,Plumbing,Independent / Likely Family-Owned (unverified),Hernando,Brooksville,34604,"16090 Aviation Loop Dr., Brooksville, FL, 34604",(352) 293-3565,h2oplumbingsolutions.com,4.9,519,"Plumber, Bathroom remodeler, Drainage service, Kitchen remodeler, Septic system service, Water purification company",CFC,CFC1427731; CFC1432197,new,,companies.json (exact_name),ChIJk4lckike6IgRHPbCSuBZ2v4,https://www.google.com/maps/search/?api=1&query=H2O%20Plumbing%20Solutions&query_place_id=ChIJk4lckike6IgRHPbCSuBZ2v4,Unverified,No confirmed PE/public/franchise match; most FL contractors are independently owned — ownership not verified,2
C — Phone (other FL county),CHUCK'S PLUMBING SERVICES LLC,Plumbing,Independent / Likely Family-Owned (unverified),Nassau,Yulee,32097,"86378 Callaway Dr, Yulee, FL, 32097",(813) 200-4118,www.chucksplumbing.com,4.8,514,"Plumber, Service establishment",CFC,CFC1428179,new,,companies.json (exact_name),ChIJ64SMqNjGwogRoEIcuzYGRpE,https://www.google.com/maps/search/?api=1&query=Chuck's%20Plumbing%20LLC&query_place_id=ChIJ64SMqNjGwogRoEIcuzYGRpE,Unverified,No confirmed PE/public/franchise match; most FL contractors are independently owned — ownership not verified,1
C — Phone (other FL county),COOPER PLUMBING COMPANY,Plumbing,Independent / Likely Family-Owned (unverified),Santa Rosa,Milton,32583,"1009 Rin Ct., Milton, FL, 32583",(850) 623-0630,cooperplumbingcompany.com,4.9,493,"Plumber, Gas installation service",CFC,CFC1433580,new,,companies.json (exact_name),ChIJb_-TWnPlkIgRUdYPE9tW_f0,https://www.google.com/maps/search/?api=1&query=Cooper%20Plumbing%20Company&query_place_id=ChIJb_-TWnPlkIgRUdYPE9tW_f0,Unverified,No confirmed PE/public/franchise match; most FL contractors are independently owned — ownership not verified,1
C — Phone (other FL county),BRODWAY PLUMBING,Plumbing,Independent / Likely Family-Owned (unverified),Osceola,Kissimmee,34744,"1138 E Donegan Avenue, Kissimmee, FL, 34744",(407) 910-4838,brodwayplumbing.com,4.9,481,"Plumber, Hot water system supplier",CFC,CFC1429985,new,,companies.json (exact_name),ChIJx45JYZSG3YgRXbzkI_uv73w,https://www.google.com/maps/search/?api=1&query=Brodway%20Plumbing&query_place_id=ChIJx45JYZSG3YgRXbzkI_uv73w,Unverified,No confirmed PE/public/franchise match; most FL contractors are independently owned — ownership not verified,1
C — Phone (other FL county),MICHAEL POLLITT INCORPORATED,Plumbing + HVAC,Independent / Likely Family-Owned (unverified),Highlands,Avon Park,33825,"1515 N Riverdale Rd, Avon Park, FL, 33825",(863) 443-0182,www.michaelpollittinc.com,4.9,481,"HVAC contractor, Air conditioning contractor, Air conditioning repair service, Plumber, Septic system service","CAC, CFC",CAC042745; CAC1823316; CFC1433313,new,,companies.json (exact_name),ChIJtdc00EFX3IgRWX8T1NESDwY,https://www.google.com/maps/search/?api=1&query=Michael%20Pollitt%20Inc.&query_place_id=ChIJtdc00EFX3IgRWX8T1NESDwY,Unverified,No confirmed PE/public/franchise match; most FL contractors are independently owned — ownership not verified,3
C — Phone (other FL county),SOUTHERN COOLING LLC,HVAC,Independent / Likely Family-Owned (unverified),Lake,Eustis,32736,"36022 Michigan Dr, Eustis, FL, 32736",(772) 564-6980,www.southernplumbinginc.com,4.8,468,Plumber,CAC,CAC1824127,new,,companies.json (exact_name),ChIJjbW1_Wpe3ogRABi-a9-30W0,https://www.google.com/maps/search/?api=1&query=Southern%20Plumbing%20Inc.&query_place_id=ChIJjbW1_Wpe3ogRABi-a9-30W0,Unverified,No confirmed PE/public/franchise match; most FL contractors are independently owned — ownership not verified,1
C — Phone (other FL county),SOUTHERN HVAC INC,HVAC,Independent / Likely Family-Owned (unverified),Lake,Mount Dora,32757,"2190 Westland Rd, Mount Dora, FL, 32757",(772) 564-6980,www.southernplumbinginc.com,4.8,468,Plumber,CAC,CAC1814960,new,,companies.json (exact_name),ChIJjbW1_Wpe3ogRABi-a9-30W0,https://www.google.com/maps/search/?api=1&query=Southern%20Plumbing%20Inc.&query_place_id=ChIJjbW1_Wpe3ogRABi-a9-30W0,Unverified,No confirmed PE/public/franchise match; most FL contractors are independently owned — ownership not verified,1
C — Phone (other FL county),SOUTHERN PLUMBING INC,Plumbing,Independent / Likely Family-Owned (unverified),Indian River,Vero Beach,32960,"4069  43Rd Avenue, Vero Beach, FL, 32960",(772) 564-6980,www.southernplumbinginc.com,4.8,468,Plumber,RF,RF0067100,new,,companies.json (exact_name),ChIJjbW1_Wpe3ogRABi-a9-30W0,https://www.google.com/maps/search/?api=1&query=Southern%20Plumbing%20Inc.&query_place_id=ChIJjbW1_Wpe3ogRABi-a9-30W0,Unverified,No confirmed PE/public/franchise match; most FL contractors are independently owned — ownership not verified,1
C — Phone (other FL county),ULTIMATE PLUMBING SOLUTIONS LLC,Plumbing,Independent / Likely Family-Owned (unverified),Seminole,Sanford,32771,"8131 Via Bonita, Sanford, FL, 32771",(813) 296-2010,ultimateplumbingsolutions.com,4.9,450,"Plumber, Bathroom remodeler, Drainage service, Sewage disposal service",CFC,CFC1430710,new,,companies.json (exact_name),ChIJMxW3hH00eaARhCM90xvMtts,https://www.google.com/maps/search/?api=1&query=Ultimate%20Plumbing%20Solutions%20LLC&query_place_id=ChIJMxW3hH00eaARhCM90xvMtts,Unverified,No confirmed PE/public/franchise match; most FL contractors are independently owned — ownership not verified,1
C — Phone (other FL county),HONEY BEE PLUMBING,Plumbing,Independent / Likely Family-Owned (unverified),Santa Rosa,Milton,32583,"9360 Nichols Lake Rd, Milton, FL, 32583",(850) 427-1222,www.plumbingbees.com,4.7,441,"Plumber, Contractor, Service establishment",RF,RF11067738,new,,companies.json (exact_name),ChIJMcvyTPPjkIgRX5W4TK6VxHY,https://www.google.com/maps/search/?api=1&query=Honey%20Bee%20Plumbing&query_place_id=ChIJMcvyTPPjkIgRX5W4TK6VxHY,Unverified,No confirmed PE/public/franchise match; most FL contractors are independently owned — ownership not verified,1
C — Phone (other FL county),CHESSER PLUMBING INC.,Plumbing,Independent / Likely Family-Owned (unverified),Escambia,Cantonment,32533,"1415 Muscogee Rd, Cantonment, FL, 32533",(850) 390-0833,chesserplumbinginc.com,5,427,Plumber,CFC,CFC1431620,new,,companies.json (exact_name),ChIJca6D8IOXkIgRu9HHOki_TQ0,https://www.google.com/maps/search/?api=1&query=Chesser%20Plumbing%20Inc.&query_place_id=ChIJca6D8IOXkIgRu9HHOki_TQ0,Unverified,No confirmed PE/public/franchise match; most FL contractors are independently owned — ownership not verified,1
C — Phone (other FL county),LLONA PLUMBING,Plumbing,Independent / Likely Family-Owned (unverified),Polk,Kissimmee,34759,"407 Ball Ct., Kissimmee, FL, 34759",(813) 477-1870,www.llonaplumbing.com,4.8,421,Plumber,CFC,CFC1431902,new,,companies.json (exact_name),ChIJwX4k83_DwogRkLX6AZnHt_k,https://www.google.com/maps/search/?api=1&query=Llona%20Plumbing&query_place_id=ChIJwX4k83_DwogRkLX6AZnHt_k,Unverified,No confirmed PE/public/franchise match; most FL contractors are independently owned — ownership not verified,1
C — Phone (other FL county),MAJOR PLUMBING LLC,Plumbing,Independent / Likely Family-Owned (unverified),Hernando,Brooksville,34609,"6050 Nodoc Road, Brooksville, FL, 34609",(352) 556-4029,www.major-plumbing.com,4.9,400,Plumber,CFC,CFC1427808,new,,companies.json (exact_name),ChIJ0ZxCk4ge6IgRCPWx-ogbPKE,https://www.google.com/maps/search/?api=1&query=Major%20Plumbing%20LLC&query_place_id=ChIJ0ZxCk4ge6IgRCPWx-ogbPKE,Unverified,No confirmed PE/public/franchise match; most FL contractors are independently owned — ownership not verified,1
C — Phone (other FL county),CHARLOTTE PLUMBING,Plumbing,Independent / Likely Family-Owned (unverified),Charlotte,Punta Gorda,33982,"1931 Hunter Creek Drive, Punta Gorda, FL, 33982",(941) 625-9981,www.charlotte.plumbing,4.9,391,Plumber,CFC,CFC1432612,new,,companies.json (exact_name),ChIJfYGqlrer3IgRg_BAM4nN1xs,https://www.google.com/maps/search/?api=1&query=Charlotte%20Plumbing&query_place_id=ChIJfYGqlrer3IgRg_BAM4nN1xs,Unverified,No confirmed PE/public/franchise match; most FL contractors are independently owned — ownership not verified,1
C — Phone (other FL county),OPTIMUM AIR CONDITIONING LLC,HVAC,Independent / Likely Family-Owned (unverified),Marion,Ocala,34478,"Po Box 1092, Ocala, FL, 34478",(813) 391-9287,www.optimumplumbingllc.com,4.9,386,Plumber,CAC,CAC1814886,new,,companies.json (exact_name),ChIJca0jkTO8wogRHQdgI1o-JS0,https://www.google.com/maps/search/?api=1&query=Optimum%20Plumbing%20LLC&query_place_id=ChIJca0jkTO8wogRHQdgI1o-JS0,Unverified,No confirmed PE/public/franchise match; most FL contractors are independently owned — ownership not verified,1
C — Phone (other FL county),"MEEKS PLUMBING, INC.",Plumbing,Independent / Likely Family-Owned (unverified),Indian River,Vero Beach,32967,"5555 Us Highway 1 Suite 1, Vero Beach, FL, 32967",(772) 569-2285,www.meeksplumbing.com,4.5,384,"Plumber, Drainage service, Pipe supplier, Plumbing supply store, Septic system service, Sewage disposal service, Utility contractor, Water pump supplier",CFC,CFC024535; CFC1428569,new,,companies.json (exact_name),ChIJ3zL0tdNd3ogRHLWuUsLU_60,https://www.google.com/maps/search/?api=1&query=Meeks%20Plumbing%20Inc.&query_place_id=ChIJ3zL0tdNd3ogRHLWuUsLU_60,Unverified,No confirmed PE/public/franchise match; most FL contractors are independently owned — ownership not verified,2
C — Phone (other FL county),"AIR DESIGN SYSTEMS MEP, LLC",Plumbing + HVAC,Independent / Likely Family-Owned (unverified),Escambia,Pensacola,32563,"1609 Kauai Court, Gulf Breeze, FL, 32563",(850) 202-2665,www.airdesignhvac.com,4.6,363,"Plumber, HVAC contractor, Air conditioning repair service","CFC, CMC",CFC1429770; CFC1431143; CMC057110; CMC1250916,new,,companies.json (exact_name),ChIJ19qieoK_kIgRoQmY-SlvqPA,https://www.google.com/maps/search/?api=1&query=Air%20Design%20Systems%20MEP%2C%20LLC&query_place_id=ChIJ19qieoK_kIgRoQmY-SlvqPA,Unverified,No confirmed PE/public/franchise match; most FL contractors are independently owned — ownership not verified,4
C — Phone (other FL county),"HOLIDAY BEACH MECHANICAL, INC.",Plumbing + HVAC,Independent / Likely Family-Owned (unverified),Bay,Panama City,32405,"2912 Fairmont Drive, Panama City, FL, 32405",(850) 271-5999,www.holidaybeachmechanical.com,4.9,356,"Plumber, Air conditioning contractor, Air conditioning repair service, Air conditioning system supplier, Electrician, HVAC contractor","CAC, CFC",CAC1822167; CFC1430529,new,,companies.json (exact_name),ChIJwfUfgveNk4gRyFVcllG-9Xg,https://www.google.com/maps/search/?api=1&query=Holiday%20Beach%20Mechanical%2C%20Inc.&query_place_id=ChIJwfUfgveNk4gRyFVcllG-9Xg,Unverified,No confirmed PE/public/franchise match; most FL contractors are independently owned — ownership not verified,2
C — Phone (other FL county),"TARPON PLUMBING & DRAINS, LLC",Plumbing,Independent / Likely Family-Owned (unverified),Charlotte,Punta Gorda,33983,"605 San Ambrosio St, Punta Gorda, FL, 33983",(941) 800-7879,www.tarponplumbingdrains.com,5,353,Plumber,CFC,CFC1432834,new,,companies.json (exact_name),ChIJg0vc_shXsU8RUyuki6oSU_U,https://www.google.com/maps/search/?api=1&query=Tarpon%20Plumbing%20%26%20Drains&query_place_id=ChIJg0vc_shXsU8RUyuki6oSU_U,Unverified,No confirmed PE/public/franchise match; most FL contractors are independently owned — ownership not verified,1
C — Phone (other FL county),ELITE AIR CONDITIONING AND HEATING INC,HVAC,Independent / Likely Family-Owned (unverified),Hernando,Spring Hill,34608,"1414 Nobleton Ave, Spring Hill, FL, 34608",(727) 234-5338,eliteplumbing.net,4.9,314,Plumber,CAC,CAC1823123,new,,companies.json (exact_name),ChIJ1w6NhqrywogRZVcDr38bIXs,https://www.google.com/maps/search/?api=1&query=Elite%20Plumbing%20Services%2C%20Inc.&query_place_id=ChIJ1w6NhqrywogRZVcDr38bIXs,Unverified,No confirmed PE/public/franchise match; most FL contractors are independently owned — ownership not verified,1
C — Phone (other FL county),ELITE HVAC LLC,HVAC,Independent / Likely Family-Owned (unverified),Marion,Ocala,34480,"9099 Se 43Rd Avenue, Ocala, FL, 34480",(727) 234-5338,eliteplumbing.net,4.9,314,Plumber,CAC,CAC1823689,new,,companies.json (exact_name),ChIJ1w6NhqrywogRZVcDr38bIXs,https://www.google.com/maps/search/?api=1&query=Elite%20Plumbing%20Services%2C%20Inc.&query_place_id=ChIJ1w6NhqrywogRZVcDr38bIXs,Unverified,No confirmed PE/public/franchise match; most FL contractors are independently owned — ownership not verified,1
C — Phone (other FL county),HVAC ELITE SERVICES LLC,HVAC,Independent / Likely Family-Owned (unverified),Hernando,Spring Hills,34609,"13315 Branchville Rd, Spring Hills, FL, 34609",(727) 234-5338,eliteplumbing.net,4.9,314,Plumber,CAC,CAC1823643,new,,companies.json (exact_name),ChIJ1w6NhqrywogRZVcDr38bIXs,https://www.google.com/maps/search/?api=1&query=Elite%20Plumbing%20Services%2C%20Inc.&query_place_id=ChIJ1w6NhqrywogRZVcDr38bIXs,Unverified,No confirmed PE/public/franchise match; most FL contractors are independently owned — ownership not verified,1
C — Phone (other FL county),TITAN AIR CONDITIONING AND HEATING,HVAC,Independent / Likely Family-Owned (unverified),Polk,Davenport,33837,"5 Lemon Street, Davenport, FL, 33837",(813) 519-3199,www.titanplumbingandelectric.com,4.7,313,"Plumber, Electric vehicle charging station contractor, Electrical installation service, Electrical repair shop, Electrician, Electric generator shop, Hot water system supplier, Lighting contractor",CAC,CAC1820353,new,,companies.json (exact_name),ChIJsR_-ZpXHwogRjUov5n5fQRM,https://www.google.com/maps/search/?api=1&query=Titan%20Plumbing%20and%20Electric&query_place_id=ChIJsR_-ZpXHwogRjUov5n5fQRM,Unverified,No confirmed PE/public/franchise match; most FL contractors are independently owned — ownership not verified,1
C — Phone (other FL county),TITAN HEATING AND AIR LLC,HVAC,Independent / Likely Family-Owned (unverified),St. Johns,Saint Augustine,32092,"458 Silver Pine Dr, Saint Augustine, FL, 32092",(813) 519-3199,www.titanplumbingandelectric.com,4.7,313,"Plumber, Electric vehicle charging station contractor, Electrical installation service, Electrical repair shop, Electrician, Electric generator shop, Hot water system supplier, Lighting contractor",CAC,CAC1817765,new,,companies.json (exact_name),ChIJsR_-ZpXHwogRjUov5n5fQRM,https://www.google.com/maps/search/?api=1&query=Titan%20Plumbing%20and%20Electric&query_place_id=ChIJsR_-ZpXHwogRjUov5n5fQRM,Unverified,No confirmed PE/public/franchise match; most FL contractors are independently owned — ownership not verified,1
C — Phone (other FL county),"TITAN HVAC AND ELECTRICAL, LLC",HVAC,Independent / Likely Family-Owned (unverified),Escambia,Pensacola,32534,"8903 Fullham Ct, Pensacola, FL, 32534",(813) 519-3199,www.titanplumbingandelectric.com,4.7,313,"Plumber, Electric vehicle charging station contractor, Electrical installation service, Electrical repair shop, Electrician, Electric generator shop, Hot water system supplier, Lighting contractor",RA,RA13067716,new,,companies.json (exact_name),ChIJsR_-ZpXHwogRjUov5n5fQRM,https://www.google.com/maps/search/?api=1&query=Titan%20Plumbing%20and%20Electric&query_place_id=ChIJsR_-ZpXHwogRjUov5n5fQRM,Unverified,No confirmed PE/public/franchise match; most FL contractors are independently owned — ownership not verified,1
C — Phone (other FL county),SCOTT'S HEATING AND AIR CONDITIONING LLC,HVAC,Independent / Likely Family-Owned (unverified),Seminole,Longwood,32750,"1830 Longwood-Lake Mary Rd. #1032, Longwood, FL, 32750",(239) 288-9606,scottsplumbingfl.com,5,303,Plumber,CAC,CAC1816941,new,,companies.json (exact_name),ChIJVVSZ8cwT24gR_8PwlQq69Uk,https://www.google.com/maps/search/?api=1&query=Scott's%20Plumbing&query_place_id=ChIJVVSZ8cwT24gR_8PwlQq69Uk,Unverified,No confirmed PE/public/franchise match; most FL contractors are independently owned — ownership not verified,1
C — Phone (other FL county),JOE THE PLUMBER LLC,Plumbing,Independent / Likely Family-Owned (unverified),Unknown,Highlands Ranch,80126,"9457 S University Blvd Box 168, Highlands Ranch, CO, 80126",(239) 672-5955,joetheplumberinc.net,4.9,297,"Plumber, Service establishment",CFC,CFC1429664; CFC1431489,new,,companies.json (exact_name),ChIJeVIBpn-TxAURZYhqBS_0fGI,https://www.google.com/maps/search/?api=1&query=Joe%20the%20Plumber%2C%20Inc.&query_place_id=ChIJeVIBpn-TxAURZYhqBS_0fGI,Unverified,No confirmed PE/public/franchise match; most FL contractors are independently owned — ownership not verified,2
C — Phone (other FL county),"WAYNE TURNER PLUMBING, LLC",Plumbing,Independent / Likely Family-Owned (unverified),Highlands,Avon Park,33825,"1048 North C Hill Road, Avon Park, FL, 33825",(863) 452-0441,wayneturnerplumbing.com,4.9,271,Plumber,CFC,CFC1429504,new,,companies.json (exact_name),ChIJNd0QuEdT3IgRBzVWQJuLKqQ,https://www.google.com/maps/search/?api=1&query=Wayne%20Turner%20Plumbing&query_place_id=ChIJNd0QuEdT3IgRBzVWQJuLKqQ,Unverified,No confirmed PE/public/franchise match; most FL contractors are independently owned — ownership not verified,1
C — Phone (other FL county),HEAVENLY COOLING AND HEATING LLC,HVAC,Independent / Likely Family-Owned (unverified),Osceola,Saint Cloud,34771,"1404 Hamlin Ave Unit F, Saint Cloud, FL, 34771",(727) 238-4207,heavenlyplumbing.com/contact-us,5,264,Plumber,CAC,CAC1820692,new,,companies.json (exact_name),ChIJAQCUczvjwogRhM_qhCkf7f8,https://www.google.com/maps/search/?api=1&query=Heavenly%20Plumbing%20LLC&query_place_id=ChIJAQCUczvjwogRhM_qhCkf7f8,Unverified,No confirmed PE/public/franchise match; most FL contractors are independently owned — ownership not verified,1
C — Phone (other FL county),"BULLGATOR PLUMBING, INC",Plumbing,Independent / Likely Family-Owned (unverified),Highlands,Sebring,33870,"312 Swift Ave, Sebring, FL, 33870",(863) 381-5665,www.bullgatorplumbing.com,4.8,259,"Plumber, Service establishment, Plumbing supply store",CFC,CFC1429605,new,,companies.json (exact_name),ChIJq6r2PB9Y3IgRsxRKlxBTIZg,https://www.google.com/maps/search/?api=1&query=Bullgator%20Plumbing%20Inc.&query_place_id=ChIJq6r2PB9Y3IgRsxRKlxBTIZg,Unverified,No confirmed PE/public/franchise match; most FL contractors are independently owned — ownership not verified,1
C — Phone (other FL county),BLUE AIR HVAC LLC,HVAC,Independent / Likely Family-Owned (unverified),St. Johns,St. Johns,32259,"280 Boulder Ln, St. Johns, FL, 32259",(239) 966-2583,blueplumbing.tech,5,256,"Plumber, Service establishment",CAC,CAC1821096,new,,companies.json (exact_name),ChIJAfpFLC9t24gRP9tjyGV_daU,https://www.google.com/maps/search/?api=1&query=Blue%20Plumbing&query_place_id=ChIJAfpFLC9t24gRP9tjyGV_daU,Unverified,No confirmed PE/public/franchise match; most FL contractors are independently owned — ownership not verified,1
C — Phone (other FL county),BLUE AIR LLC,HVAC,Independent / Likely Family-Owned (unverified),Unknown,Griffin,30223,"139 Wildwood Circle, Griffin, GA, 30223",(239) 966-2583,blueplumbing.tech,5,256,"Plumber, Service establishment",CAC,CAC1815136,new,,companies.json (exact_name),ChIJAfpFLC9t24gRP9tjyGV_daU,https://www.google.com/maps/search/?api=1&query=Blue%20Plumbing&query_place_id=ChIJAfpFLC9t24gRP9tjyGV_daU,Unverified,No confirmed PE/public/franchise match; most FL contractors are independently owned — ownership not verified,1
C — Phone (other FL county),HARLOW PLUMBING INC,Plumbing,Independent / Likely Family-Owned (unverified),Escambia,Pensacola,32514,"1002  E. Ten Mile Rd., Pensacola, FL, 32514",(850) 259-6811,www.harlowplumbing.com,4.8,237,Plumber,CFC,CFC1428314,new,,companies.json (exact_name),ChIJoS_pT-KUkIgRK4na4tExdyA,https://www.google.com/maps/search/?api=1&query=Harlow%20Plumbing&query_place_id=ChIJoS_pT-KUkIgRK4na4tExdyA,Unverified,No confirmed PE/public/franchise match; most FL contractors are independently owned — ownership not verified,1
C — Phone (other FL county),"AGGRESSIVE PLUMBING, INC.",Plumbing,Independent / Likely Family-Owned (unverified),Escambia,Pensacola,32503,"10 E Jordan St, Pensacola, FL, 32503",(850) 434-5549,aggressive-plumbing.com,4.8,229,Plumber,CFC,CFC1430934,new,,companies.json (exact_name),ChIJ3UcyQ4nAkIgRSePWxqzn0IA,https://www.google.com/maps/search/?api=1&query=Aggressive%20Plumbing&query_place_id=ChIJ3UcyQ4nAkIgRSePWxqzn0IA,Unverified,No confirmed PE/public/franchise match; most FL contractors are independently owned — ownership not verified,1
C — Phone (other FL county),AIR SOLUTIONS HEATING AND COOLING INC,HVAC,Independent / Likely Family-Owned (unverified),Clay,Fleming Island,32003,"2055 Castle Point Ct, Fleming Island, FL, 32003",(407) 456-7401,www.plumbingsolutionsfl.com,4.5,226,"Plumber, Drainage service, Gas installation service, Electric generator shop",CAC,CAC1813355; CAC1820596,new,,companies.json (exact_name),ChIJoal33SKH3YgRRLxMfVDz7p4,https://www.google.com/maps/search/?api=1&query=Plumbing%20Solutions&query_place_id=ChIJoal33SKH3YgRRLxMfVDz7p4,Unverified,No confirmed PE/public/franchise match; most FL contractors are independently owned — ownership not verified,2
C — Phone (other FL county),AIR SOLUTIONS HVAC INC,HVAC,Independent / Likely Family-Owned (unverified),Leon,Tallahassee,32315,"P.O. Box 4267, Tallahassee, FL, 32315",(407) 456-7401,www.plumbingsolutionsfl.com,4.5,226,"Plumber, Drainage service, Gas installation service, Electric generator shop",CAC,CAC1815019,new,,companies.json (exact_name),ChIJoal33SKH3YgRRLxMfVDz7p4,https://www.google.com/maps/search/?api=1&query=Plumbing%20Solutions&query_place_id=ChIJoal33SKH3YgRRLxMfVDz7p4,Unverified,No confirmed PE/public/franchise match; most FL contractors are independently owned — ownership not verified,1
C — Phone (other FL county),AIR SOLUTIONS LLC,HVAC,Independent / Likely Family-Owned (unverified),Okaloosa,Crestview,32536,"1212 Ego Drive, Crestview, FL, 32536",(407) 456-7401,www.plumbingsolutionsfl.com,4.5,226,"Plumber, Drainage service, Gas installation service, Electric generator shop",CAC,CAC1814554,new,,companies.json (exact_name),ChIJoal33SKH3YgRRLxMfVDz7p4,https://www.google.com/maps/search/?api=1&query=Plumbing%20Solutions&query_place_id=ChIJoal33SKH3YgRRLxMfVDz7p4,Unverified,No confirmed PE/public/franchise match; most FL contractors are independently owned — ownership not verified,1
C — Phone (other FL county),"AIR SOLUTIONS SERVICES, INC.",HVAC,Independent / Likely Family-Owned (unverified),Alachua,Gainesville,32635,"Po Box 357428, Gainesville, FL, 32635",(407) 456-7401,www.plumbingsolutionsfl.com,4.5,226,"Plumber, Drainage service, Gas installation service, Electric generator shop",CAC,CAC1818452,new,,companies.json (exact_name),ChIJoal33SKH3YgRRLxMfVDz7p4,https://www.google.com/maps/search/?api=1&query=Plumbing%20Solutions&query_place_id=ChIJoal33SKH3YgRRLxMfVDz7p4,Unverified,No confirmed PE/public/franchise match; most FL contractors are independently owned — ownership not verified,1
C — Phone (other FL county),FLORIDA AIR CONDITIONING SOLUTIONS INC,HVAC,Independent / Likely Family-Owned (unverified),Polk,Winter Haven,33884,"646 Broadmoor Circle, Winter Haven, FL, 33884",(407) 456-7401,www.plumbingsolutionsfl.com,4.5,226,"Plumber, Drainage service, Gas installation service, Electric generator shop",CAC,CAC1824007,new,,companies.json (exact_name),ChIJoal33SKH3YgRRLxMfVDz7p4,https://www.google.com/maps/search/?api=1&query=Plumbing%20Solutions&query_place_id=ChIJoal33SKH3YgRRLxMfVDz7p4,Unverified,No confirmed PE/public/franchise match; most FL contractors are independently owned — ownership not verified,1
C — Phone (other FL county),"FLORIDA AIR SOLUTIONS, LLC",HVAC,Independent / Likely Family-Owned (unverified),Marion,Ocala,34472,"6900 Hemlock Rd, Ocala, FL, 34472",(407) 456-7401,www.plumbingsolutionsfl.com,4.5,226,"Plumber, Drainage service, Gas installation service, Electric generator shop",CAC,CAC1822047,new,,companies.json (exact_name),ChIJoal33SKH3YgRRLxMfVDz7p4,https://www.google.com/maps/search/?api=1&query=Plumbing%20Solutions&query_place_id=ChIJoal33SKH3YgRRLxMfVDz7p4,Unverified,No confirmed PE/public/franchise match; most FL contractors are independently owned — ownership not verified,1
C — Phone (other FL county),PLUMBING SOLUTIONS,Plumbing,Independent / Likely Family-Owned (unverified),Brevard,Grant Valkaria,32949,"7250 S Us Highway 1, Grant Valkaria, FL, 32949",(407) 456-7401,www.plumbingsolutionsfl.com,4.5,226,"Plumber, Drainage service, Gas installation service, Electric generator shop","CFC, RF",CFC1433462; RF11067970,new,,companies.json (exact_name),ChIJoal33SKH3YgRRLxMfVDz7p4,https://www.google.com/maps/search/?api=1&query=Plumbing%20Solutions&query_place_id=ChIJoal33SKH3YgRRLxMfVDz7p4,Unverified,No confirmed PE/public/franchise match; most FL contractors are independently owned — ownership not verified,2
C — Phone (other FL county),"SOLUTIONS HEATING AND AIR, INC",HVAC,Independent / Likely Family-Owned (unverified),Nassau,Callahan,32011,"54489  Vikki Rd, Callahan, FL, 32011",(407) 456-7401,www.plumbingsolutionsfl.com,4.5,226,"Plumber, Drainage service, Gas installation service, Electric generator shop",CAC,CAC1816876,new,,companies.json (exact_name),ChIJoal33SKH3YgRRLxMfVDz7p4,https://www.google.com/maps/search/?api=1&query=Plumbing%20Solutions&query_place_id=ChIJoal33SKH3YgRRLxMfVDz7p4,Unverified,No confirmed PE/public/franchise match; most FL contractors are independently owned — ownership not verified,1
C — Phone (other FL county),RIPTIDE PLUMBING,Plumbing,Independent / Likely Family-Owned (unverified),Okaloosa,Navarre,32566,"6969 Brighton Oaks Blvd., Navarre, FL, 32566",(850) 737-8507,riptideplumbers.com,5,225,"Plumber, Service establishment",RF,RF11067883,new,,companies.json (exact_name),ChIJc52RZ7XO6CoRIkwcJQPsD0Q,https://www.google.com/maps/search/?api=1&query=Riptide%20Plumbing&query_place_id=ChIJc52RZ7XO6CoRIkwcJQPsD0Q,Unverified,No confirmed PE/public/franchise match; most FL contractors are independently owned — ownership not verified,1
C — Phone (other FL county),ALPINE AIR,HVAC,Independent / Likely Family-Owned (unverified),Okaloosa,Fort Walton Beach,32548,"104 Leila Pl Nw, Fort Walton Beach, FL, 32548",(813) 940-4943,www.alpineplumbing.net,4.9,223,"Plumber, Septic system service","CAC, RA",CAC1817657; RA13067490,new,,companies.json (exact_name),ChIJ4xD1UbfqwogRBGkFJc-vMlg,https://www.google.com/maps/search/?api=1&query=Alpine%20Plumbing&query_place_id=ChIJ4xD1UbfqwogRBGkFJc-vMlg,Unverified,No confirmed PE/public/franchise match; most FL contractors are independently owned — ownership not verified,2
C — Phone (other FL county),ALPINE AIR HVAC SERVICES LLC,HVAC,Independent / Likely Family-Owned (unverified),Leon,Tallahassee,32312,"8862 Winged Foot Dr, Tallahassee, FL, 32312",(813) 940-4943,www.alpineplumbing.net,4.9,223,"Plumber, Septic system service",CAC,CAC1816331,new,,companies.json (exact_name),ChIJ4xD1UbfqwogRBGkFJc-vMlg,https://www.google.com/maps/search/?api=1&query=Alpine%20Plumbing&query_place_id=ChIJ4xD1UbfqwogRBGkFJc-vMlg,Unverified,No confirmed PE/public/franchise match; most FL contractors are independently owned — ownership not verified,1
C — Phone (other FL county),WATERBOY PLUMBING SERVICE LLC,Plumbing,Independent / Likely Family-Owned (unverified),DeSoto,Arcadia,34266,"1446 Nw Magnolia Terrace, Arcadia, FL, 34266",(941) 208-6326,www.waterboyplumbingservice.com,5,194,"Plumber, Service establishment",CFC,CFC1433297,new,,companies.json (exact_name),ChIJb8BDkMaDmI4RiJyb6hILjrY,https://www.google.com/maps/search/?api=1&query=Waterboy%20Plumbing%20Service&query_place_id=ChIJb8BDkMaDmI4RiJyb6hILjrY,Unverified,No confirmed PE/public/franchise match; most FL contractors are independently owned — ownership not verified,1
C — Phone (other FL county),GULF BREEZE COOLING LLC,HVAC,Independent / Likely Family-Owned (unverified),Citrus,Beverly Hills,34465,"918  West Colbert Ct., Beverly Hills, FL, 34465",(850) 932-2693,gulfbreezeplumbing.com,4.7,192,"Plumber, Drainage service",CAC,CAC1823319,new,,companies.json (exact_name),ChIJ_____4vbkIgRAUxbGBTW3vg,https://www.google.com/maps/search/?api=1&query=Gulf%20Breeze%20Plumbing&query_place_id=ChIJ_____4vbkIgRAUxbGBTW3vg,Unverified,No confirmed PE/public/franchise match; most FL contractors are independently owned — ownership not verified,1
C — Phone (other FL county),GULF BREEZE PLUMBING,Plumbing,Independent / Likely Family-Owned (unverified),Santa Rosa,Gulf Breeze,32563,"1710 Saroco Rd, Gulf Breeze, FL, 32563",(850) 932-2693,gulfbreezeplumbing.com,4.7,192,"Plumber, Drainage service",CFC,CFC1425803,new,,companies.json (exact_name),ChIJ_____4vbkIgRAUxbGBTW3vg,https://www.google.com/maps/search/?api=1&query=Gulf%20Breeze%20Plumbing&query_place_id=ChIJ_____4vbkIgRAUxbGBTW3vg,Unverified,No confirmed PE/public/franchise match; most FL contractors are independently owned — ownership not verified,1
C — Phone (other FL county),BOBBY'S PLUMBING INC,Plumbing,Independent / Likely Family-Owned (unverified),Indian River,Vero Beach,32960,"2340 12Th Ave, Vero Beach, FL, 32960",(772) 567-0485,bobbysplumbing.com,4.6,191,"Plumber, Plumbing supply store",CFC,CFC057445,new,,companies.json (exact_name),ChIJNxfwbeNe3ogRVTrzlMEeMcY,https://www.google.com/maps/search/?api=1&query=Bobby's%20Plumbing%2C%20Inc.&query_place_id=ChIJNxfwbeNe3ogRVTrzlMEeMcY,Unverified,No confirmed PE/public/franchise match; most FL contractors are independently owned — ownership not verified,1
C — Phone (other FL county),FRANK WOOD & SON SERVICES LLC,Plumbing + HVAC,Family-Owned,Bay,Panama City Beach,32407,"1815 Turner Wood Lane, Panama City Beach, FL, 32407",(850) 234-2168,frankwoodandsonplumbing.com,4.2,180,Plumber,"CFC, CMC",CFC1427496; CMC1250535,new,,companies.json (exact_name),ChIJcSeu_MyIk4gR7CCe929-YAM,https://www.google.com/maps/search/?api=1&query=Frank%20Wood%20%26%20Son%20Plumbing&query_place_id=ChIJcSeu_MyIk4gR7CCe929-YAM,Pattern match,Name/marketing indicates family ownership,2
C — Phone (other FL county),AIR CONDITIONING EXPERTS,HVAC,Independent / Likely Family-Owned (unverified),Charlotte,Port Charlotte,33948,"2169 Redmond St, Port Charlotte, FL, 33948",(813) 363-9726,expertsplumbingservices.com,4.7,177,"Plumber, Service establishment",RA,RA13067195,new,,companies.json (exact_name),ChIJde-_nTXAwogRaiQNjYePFS0,https://www.google.com/maps/search/?api=1&query=Experts%20Plumbing%20Services%2C%20LLC&query_place_id=ChIJde-_nTXAwogRaiQNjYePFS0,Unverified,No confirmed PE/public/franchise match; most FL contractors are independently owned — ownership not verified,1
C — Phone (other FL county),FLORIDA COOLING EXPERTS INC.,HVAC,Independent / Likely Family-Owned (unverified),Marion,Summerfield,34491,"6530 Se 135Th St, Summerfield, FL, 34491",(813) 363-9726,expertsplumbingservices.com,4.7,177,"Plumber, Service establishment",CAC,CAC058702,new,,companies.json (exact_name),ChIJde-_nTXAwogRaiQNjYePFS0,https://www.google.com/maps/search/?api=1&query=Experts%20Plumbing%20Services%2C%20LLC&query_place_id=ChIJde-_nTXAwogRaiQNjYePFS0,Unverified,No confirmed PE/public/franchise match; most FL contractors are independently owned — ownership not verified,1
C — Phone (other FL county),"AIR PRO SERVICES, LLC",HVAC,Independent / Likely Family-Owned (unverified),Lake,Clermont,34714,"936 Clear Creek Cir, Clermont, FL, 34714",(813) 238-9511,www.proplumbing-air.com,4.7,172,"Plumber, Plumbing supply store",CAC,CAC1821312,new,,companies.json (exact_name),ChIJVSIYpyHEwogRr6bPpRJnjtw,https://www.google.com/maps/search/?api=1&query=Pro%20Plumbing%20Services%20Corp&query_place_id=ChIJVSIYpyHEwogRr6bPpRJnjtw,Unverified,No confirmed PE/public/franchise match; most FL contractors are independently owned — ownership not verified,1
C — Phone (other FL county),CYPRESS AIR,HVAC,Independent / Likely Family-Owned (unverified),Polk,Winter Haven,33880,"307 Eagle Lake Loop Rd W, Winter Haven, FL, 33880",(239) 504-1665,cypressplumbing.com,4.7,172,Plumber,CAC,CAC1822659,new,,companies.json (exact_name),ChIJq6qqqp5z24gRVVQn1wyZmXo,https://www.google.com/maps/search/?api=1&query=Cypress%20Plumbing&query_place_id=ChIJq6qqqp5z24gRVVQn1wyZmXo,Unverified,No confirmed PE/public/franchise match; most FL contractors are independently owned — ownership not verified,1
C — Phone (other FL county),PRO AIR HEATING AND COOLING LLC,HVAC,Independent / Likely Family-Owned (unverified),Polk,Bartow,33830,"4935 Ironwood Trail., Bartow, FL, 33830",(813) 238-9511,www.proplumbing-air.com,4.7,172,"Plumber, Plumbing supply store",CAC,CAC1815444,new,,companies.json (exact_name),ChIJVSIYpyHEwogRr6bPpRJnjtw,https://www.google.com/maps/search/?api=1&query=Pro%20Plumbing%20Services%20Corp&query_place_id=ChIJVSIYpyHEwogRr6bPpRJnjtw,Unverified,No confirmed PE/public/franchise match; most FL contractors are independently owned — ownership not verified,1
C — Phone (other FL county),"PRO PLUMBING, LLC",Plumbing,Independent / Likely Family-Owned (unverified),Polk,Lakeland,33803,"700 Kensington St, Lakeland, FL, 33803",(813) 238-9511,www.proplumbing-air.com,4.7,172,"Plumber, Plumbing supply store",CFC,CFC1426341,new,,companies.json (exact_name),ChIJVSIYpyHEwogRr6bPpRJnjtw,https://www.google.com/maps/search/?api=1&query=Pro%20Plumbing%20Services%20Corp&query_place_id=ChIJVSIYpyHEwogRr6bPpRJnjtw,Unverified,No confirmed PE/public/franchise match; most FL contractors are independently owned — ownership not verified,1
C — Phone (other FL county),THE PLUMBING PRO INC,Plumbing,Independent / Likely Family-Owned (unverified),Charlotte,Englewood,34224,"11090 Cheltenham Avenue, Englewood, FL, 34224",(813) 238-9511,www.proplumbing-air.com,4.7,172,"Plumber, Plumbing supply store",CFC,CFC057744,new,,companies.json (exact_name),ChIJVSIYpyHEwogRr6bPpRJnjtw,https://www.google.com/maps/search/?api=1&query=Pro%20Plumbing%20Services%20Corp&query_place_id=ChIJVSIYpyHEwogRr6bPpRJnjtw,Unverified,No confirmed PE/public/franchise match; most FL contractors are independently owned — ownership not verified,1
C — Phone (other FL county),"BAY AREA AIR CONDITIONING, INC.",HVAC,Independent / Likely Family-Owned (unverified),Citrus,Crystal River,34429,"8021 W Gulf To Lake Highway, Crystal River, FL, 34429",(813) 620-0044,bayareaplumbinginc.com,4.4,164,Plumber,CAC,CAC010415,new,,companies.json (exact_name),ChIJlW4dEL3FwogROrXkRhBW7yE,https://www.google.com/maps/search/?api=1&query=Bay%20Area%20Plumbing%2C%20Inc.&query_place_id=ChIJlW4dEL3FwogROrXkRhBW7yE,Unverified,No confirmed PE/public/franchise match; most FL contractors are independently owned — ownership not verified,1
C — Phone (other FL county),WILLIAMS HEATING AND COOLING INC,HVAC,Independent / Likely Family-Owned (unverified),Polk,Eaton Park,33840,"Po Box 1605, Eaton Park, FL, 33840",(850) 974-4213,www.williamsplumbingfl.com,4.9,161,Plumber,CAC,CAC1813927,new,,companies.json (exact_name),ChIJ145aW6dbkYgRWwAnCpYlSX0,https://www.google.com/maps/search/?api=1&query=Williams%20Plumbing&query_place_id=ChIJ145aW6dbkYgRWwAnCpYlSX0,Unverified,No confirmed PE/public/franchise match; most FL contractors are independently owned — ownership not verified,1
C — Phone (other FL county),WILLIAMS PLUMBING HEATING AND AIR LLC,Plumbing,Independent / Likely Family-Owned (unverified),Charlotte,Port Charlotte,33953,"41 Farber Street, Port Charlotte, FL, 33953",(850) 974-4213,www.williamsplumbingfl.com,4.9,161,Plumber,CFC,CFC1431117,new,,companies.json (exact_name),ChIJ145aW6dbkYgRWwAnCpYlSX0,https://www.google.com/maps/search/?api=1&query=Williams%20Plumbing&query_place_id=ChIJ145aW6dbkYgRWwAnCpYlSX0,Unverified,No confirmed PE/public/franchise match; most FL contractors are independently owned — ownership not verified,1
C — Phone (other FL county),"WILLIAMS PLUMBING SERVICES, INC.",Plumbing,Independent / Likely Family-Owned (unverified),Gulf,Wewahitchka,32465,"7456 Highway 71, Wewahitchka, FL, 32465",(850) 974-4213,www.williamsplumbingfl.com,4.9,161,Plumber,CFC,CFC1429450,new,,companies.json (exact_name),ChIJ145aW6dbkYgRWwAnCpYlSX0,https://www.google.com/maps/search/?api=1&query=Williams%20Plumbing&query_place_id=ChIJ145aW6dbkYgRWwAnCpYlSX0,Unverified,No confirmed PE/public/franchise match; most FL contractors are independently owned — ownership not verified,1
C — Phone (other FL county),PIPELINER PROS,Plumbing,Independent / Likely Family-Owned (unverified),Hernando,Brooksville,34601,"8445 Morningside Drive, Brooksville, FL, 34601",(888) 804-7767,pipelinerpros.com,5,160,"Plumber, Service establishment",CFC,CFC1432286,new,,companies.json (exact_name),ChIJc7rUAUUCNygRLGw-yrI1Lr0,https://www.google.com/maps/search/?api=1&query=Pipeliner%20Pros&query_place_id=ChIJc7rUAUUCNygRLGw-yrI1Lr0,Unverified,No confirmed PE/public/franchise match; most FL contractors are independently owned — ownership not verified,1
C — Phone (other FL county),AFFORDABLE PLUMBING SERVICES MIDFLORIDA INC,Plumbing,Independent / Likely Family-Owned (unverified),Highlands,Lake Placid,33852,"234 Lake Pearl Drive, Lake Placid, FL, 33852",(863) 471-3889,plumberinsebring.com,4.7,159,"Plumber, Drainage service, Service establishment, Gasfitter, Hot water system supplier, Water damage restoration service",CFC,CFC1427852,new,,companies.json (exact_name),ChIJj5k3vUdX3IgRVucDPMCYVqM,https://www.google.com/maps/search/?api=1&query=Affordable%20Plumbing%20Services%20of%20Midflorida%2C%20Inc.&query_place_id=ChIJj5k3vUdX3IgRVucDPMCYVqM,Unverified,No confirmed PE/public/franchise match; most FL contractors are independently owned — ownership not verified,1
C — Phone (other FL county),"LOUIS P. BARBERI PLUMBING, INC.",Plumbing,Independent / Likely Family-Owned (unverified),Escambia,Pensacola,32514-5615,"9516 Hillview Dr, Pensacola, FL, 32514-5615",(850) 462-3019,www.barberiplumbing.com,4.5,150,Plumber,RF,RF11067749,new,,companies.json (exact_name),ChIJCW4cUzzAkIgRY3bD3tEmUsc,https://www.google.com/maps/search/?api=1&query=Louis%20P%20Barberi%20Plumbing%20Inc&query_place_id=ChIJCW4cUzzAkIgRY3bD3tEmUsc,Unverified,No confirmed PE/public/franchise match; most FL contractors are independently owned — ownership not verified,1
C — Phone (other FL county),NATIONWIDE PLUMBING SERVICE INC,Plumbing,Independent / Likely Family-Owned (unverified),Monroe,Key Largo,33037,"97671 Overseas Highway, Key Largo, FL, 33037",(305) 853-1848,,4.7,149,"Plumber, Drainage service, Septic system service",CFC,CFC057546,new,,companies.json (exact_name),ChIJq7BzPHND14gRhExp7GmMKD4,https://www.google.com/maps/search/?api=1&query=Nationwide%20Plumbing%20Service&query_place_id=ChIJq7BzPHND14gRhExp7GmMKD4,Unverified,No confirmed PE/public/franchise match; most FL contractors are independently owned — ownership not verified,1
C — Phone (other FL county),SUNCOAST AIR CONDITIONING LLC,HVAC,Independent / Likely Family-Owned (unverified),Hernando,Spring Hill,34606,"4369 Bayridge Ct, Spring Hill, FL, 34606",(727) 453-8900,www.suncoastplumbingservices.com,5,146,"Plumber, Service establishment",CAC,CAC1823350,new,,companies.json (exact_name),ChIJVQ8sQ_m9wogR15SfaNY6gjY,https://www.google.com/maps/search/?api=1&query=Suncoast%20Plumbing%20of%20Florida%2C%20Inc&query_place_id=ChIJVQ8sQ_m9wogR15SfaNY6gjY,Unverified,No confirmed PE/public/franchise match; most FL contractors are independently owned — ownership not verified,1
C — Phone (other FL county),"SUNCOAST PLUMBING AND ELECTRIC, INC.",Plumbing,Independent / Likely Family-Owned (unverified),Citrus,Homosassa Springs,34447,"Po Box 2290, Homosassa Springs, FL, 34447",(727) 453-8900,www.suncoastplumbingservices.com,5,146,"Plumber, Service establishment",CFC,CFC1429474,new,,companies.json (exact_name),ChIJVQ8sQ_m9wogR15SfaNY6gjY,https://www.google.com/maps/search/?api=1&query=Suncoast%20Plumbing%20of%20Florida%2C%20Inc&query_place_id=ChIJVQ8sQ_m9wogR15SfaNY6gjY,Unverified,No confirmed PE/public/franchise match; most FL contractors are independently owned — ownership not verified,1
C — Phone (other FL county),G&R SEWER AND DRAIN CLEANING LLC,Plumbing,Independent / Likely Family-Owned (unverified),Escambia,Pensacola,32504,"1117  Dunmire Street, Pensacola, FL, 32504",(850) 287-6148,grseweranddrain.com,5,141,"Plumber, Drainage service, Service establishment",RF,RF11067899,new,,companies.json (fuzzy_0.75),ChIJkZFsOt5uZwwRPkds6uWkF2g,https://www.google.com/maps/search/?api=1&query=G%26R%20Sewer%20and%20Drain&query_place_id=ChIJkZFsOt5uZwwRPkds6uWkF2g,Unverified,No confirmed PE/public/franchise match; most FL contractors are independently owned — ownership not verified,1
C — Phone (other FL county),BLUE BOYS PLUMBING LLC,Plumbing,Independent / Likely Family-Owned (unverified),Okaloosa,Destin,32541,"234 Indian Oaks Dr, Destin, FL, 32541",(850) 990-1914,www.blueboysplumbing.com,5,139,"Plumber, Contractor, Service establishment",CFC,CFC1432172,new,,companies.json (exact_name),ChIJZXrRuFpDkYgRWoLvbyj_SIY,https://www.google.com/maps/search/?api=1&query=Blue%20Boys%20Plumbing%20LLC&query_place_id=ChIJZXrRuFpDkYgRWoLvbyj_SIY,Unverified,No confirmed PE/public/franchise match; most FL contractors are independently owned — ownership not verified,1
C — Phone (other FL county),LOWERY'S PLUMBING AND LEAK DETECTION LLC,Plumbing,Independent / Likely Family-Owned (unverified),Indian River,Vero Beach,32966,"3350 57Th Ave, Vero Beach, FL, 32966",(772) 584-5759,lowerysplumbing.com,4.9,139,"Plumber, Drainage service",CFC,CFC1433587,new,,companies.json (exact_name),ChIJqRaEaKoEsSQRpam2cagyZFY,https://www.google.com/maps/search/?api=1&query=Lowery's%20Plumbing%20and%20Leak%20Detection%20LLC&query_place_id=ChIJqRaEaKoEsSQRpam2cagyZFY,Unverified,No confirmed PE/public/franchise match; most FL contractors are independently owned — ownership not verified,1
C — Phone (other FL county),BOB RUHL PLUMBING LLC,Plumbing,Independent / Likely Family-Owned (unverified),Santa Rosa,Navarre,32566,"6957 Elliots Gin Lane, Navarre, FL, 32566",(816) 365-8746,bobruhlplumbing.com,4.9,135,Plumber,RF,RF11067807,new,,companies.json (exact_name),ChIJ-ynj2i0hkYgRMfSYFlgkoxo,https://www.google.com/maps/search/?api=1&query=Bob%20Ruhl%20Plumbing%20LLC&query_place_id=ChIJ-ynj2i0hkYgRMfSYFlgkoxo,Unverified,No confirmed PE/public/franchise match; most FL contractors are independently owned — ownership not verified,1
C — Phone (other FL county),RESCUE AIR COOLING AND HEATING LLC,HVAC,Independent / Likely Family-Owned (unverified),Charlotte,Punta Gorda,33951,"P.O Box 511228, Punta Gorda, FL, 33951",(727) 320-4324,stpeteplumber.com,4.9,133,Plumber,CAC,CAC1819473,new,,companies.json (exact_name),ChIJaUH8vj3jwogRiMn--2zm3cI,https://www.google.com/maps/search/?api=1&query=Rescue%20Plumbing%2C%20LLC&query_place_id=ChIJaUH8vj3jwogRiMn--2zm3cI,Unverified,No confirmed PE/public/franchise match; most FL contractors are independently owned — ownership not verified,1
C — Phone (other FL county),DINO'S PLUMBING INC,Plumbing,Independent / Likely Family-Owned (unverified),Hernando,Spring Hill,34609,"3005 Stanton Ave, Spring Hill, FL, 34609",(352) 400-3646,,4.9,130,Plumber,CFC,CFC1428039,new,,companies.json (exact_name),ChIJ__9v_dsf6IgRIT9NaSdaEv8,https://www.google.com/maps/search/?api=1&query=Dino's%20Plumbing%2C%20Inc&query_place_id=ChIJ__9v_dsf6IgRIT9NaSdaEv8,Unverified,No confirmed PE/public/franchise match; most FL contractors are independently owned — ownership not verified,1
C — Phone (other FL county),EMERALD COAST PLUMBING & SEPTIC INC,Plumbing,Independent / Likely Family-Owned (unverified),Santa Rosa,Pace,32571,"4690 Keyser Lane, Pace, FL, 32571",(850) 994-3976,,4.8,130,"Plumber, Septic system service",CFC,CFC1426240,new,,companies.json (exact_name),ChIJLeeUgCHskIgRin-NdzaJQCk,https://www.google.com/maps/search/?api=1&query=Emerald%20Coast%20Plumbing%20%26%20Septic%20Inc.&query_place_id=ChIJLeeUgCHskIgRin-NdzaJQCk,Unverified,No confirmed PE/public/franchise match; most FL contractors are independently owned — ownership not verified,1
C — Phone (other FL county),PEREZ PLUMBING INC,Plumbing,Independent / Likely Family-Owned (unverified),Polk,Mulberry,33860,"4703 Hickory Stream Lane, Mulberry, FL, 33860",(813) 907-1515,perezplumbing.com,4.9,130,"Plumber, Contractor, Drainage service, Sewage disposal service",CFC,CFC1427495,new,,companies.json (exact_name),ChIJxzR4zZ67wogRfU-1IcCC5ls,https://www.google.com/maps/search/?api=1&query=Perez%20Plumbing%20Inc.&query_place_id=ChIJxzR4zZ67wogRfU-1IcCC5ls,Unverified,No confirmed PE/public/franchise match; most FL contractors are independently owned — ownership not verified,1
C — Phone (other FL county),ADAMS FAMILY PLUMBING AND WATER LLC,Plumbing,Independent / Likely Family-Owned (unverified),Hernando,Brooksville,34601,"19379  Fort Dade Avenue, Brooksville, FL, 34601",(727) 505-3424,www.adamsfamilyplumbing.com,5,128,Plumber,CFC,CFC1431031,new,,companies.json (exact_name),ChIJoXvYCiqdwogRIiR51luLLj0,https://www.google.com/maps/search/?api=1&query=Adams%20Family%20Plumbing%20and%20Water&query_place_id=ChIJoXvYCiqdwogRIiR51luLLj0,Unverified,No confirmed PE/public/franchise match; most FL contractors are independently owned — ownership not verified,1
C — Phone (other FL county),"CHARLIE'S PLUMBING, INC.",Plumbing,Independent / Likely Family-Owned (unverified),Hernando,Brooksville,34601,"321 West Jefferson St, Brooksville, FL, 34601",(352) 754-8400,www.charlies-plumbing.com,4,126,Plumbing supply store,CFC,CFC1428991,new,,companies.json (exact_name),ChIJ9dnsB1Ub6IgR98UeiHRWv-U,https://www.google.com/maps/search/?api=1&query=Charlie's%20Plumbing%20Inc&query_place_id=ChIJ9dnsB1Ub6IgR98UeiHRWv-U,Unverified,No confirmed PE/public/franchise match; most FL contractors are independently owned — ownership not verified,1
C — Phone (other FL county),"OLIVER'S PLUMBING, INC.",Plumbing,Independent / Likely Family-Owned (unverified),Indian River,Vero Beach,32960,"1126 Old Dixie Hwy, Vero Beach, FL, 32960",(772) 564-0011,oliversplumbinginc.com,4.6,121,Plumber,CFC,CFC1431316,new,,companies.json (exact_name),ChIJJfzFb1Fe3ogRkvcEvnTxQ4U,https://www.google.com/maps/search/?api=1&query=Oliver's%20Plumbing%20Inc&query_place_id=ChIJJfzFb1Fe3ogRkvcEvnTxQ4U,Unverified,No confirmed PE/public/franchise match; most FL contractors are independently owned — ownership not verified,1
C — Phone (other FL county),LEGIN PLUMBING & DRAINS LLC,Plumbing,Independent / Likely Family-Owned (unverified),Hendry,Labelle,33935,"1423 Seminole Avenue, Labelle, FL, 33935",(239) 363-2454,leginplumbing.com,5,115,"Plumber, Service establishment",CFC,CFC1432748,new,,companies.json (exact_name),ChIJpaE1rzKePCYROia_smkr3sQ,https://www.google.com/maps/search/?api=1&query=Legin%20Plumbing%20%26%20Drains&query_place_id=ChIJpaE1rzKePCYROia_smkr3sQ,Unverified,No confirmed PE/public/franchise match; most FL contractors are independently owned — ownership not verified,1
C — Phone (other FL county),"BILL' AIR CONDITIONING AND HEATING, LLC",HVAC,Independent / Likely Family-Owned (unverified),Clay,Green Cove Springs,32043,"2491 Henley Rd, Green Cove Springs, FL, 32043",(941) 845-6711,www.billtheplumber.com,4,113,"Plumber, Bathroom remodeler, Drainage service, Kitchen remodeler, Pump supplier, Water filter supplier, Water pump supplier, Water softening equipment supplier",CAC,CAC053237,new,,companies.json (exact_name),ChIJsw0mn01Bw4gRkXm-X-GyTb8,https://www.google.com/maps/search/?api=1&query=Bill%20The%20Plumber%2C%20Inc.&query_place_id=ChIJsw0mn01Bw4gRkXm-X-GyTb8,Unverified,No confirmed PE/public/franchise match; most FL contractors are independently owned — ownership not verified,1
C — Phone (other FL county),"SNYDER PLUMBING OF THE TREASURE COAST, INC.",Plumbing,Independent / Likely Family-Owned (unverified),Indian River,Vero Beach,32962,"1360 Old Dixie Hwy Sw Suite 106, Vero Beach, FL, 32962",(772) 569-3373,snyderplumbing.com,4.3,113,Plumber,CFC,CFC1430640,new,,companies.json (exact_name),ChIJG8fRBhtf3ogRkKwtOdhTJdc,https://www.google.com/maps/search/?api=1&query=Snyder%20Plumbing%20of%20the%20Treasure%20Coast%2C%20Inc&query_place_id=ChIJG8fRBhtf3ogRkKwtOdhTJdc,Unverified,No confirmed PE/public/franchise match; most FL contractors are independently owned — ownership not verified,1
C — Phone (other FL county),COKER PLUMBING & SEPTIC,Plumbing,Independent / Likely Family-Owned (unverified),Escambia,Pensacola,32505,"4007 Clover St, Pensacola, FL, 32505",(850) 999-3220,coker-plumbing-septic.com,4.4,109,"Plumber, Drainage service, Service establishment, Septic system service",RF,RF11067923,new,,companies.json (exact_name),ChIJI08rGTbrkIgR3g7vymYvArM,https://www.google.com/maps/search/?api=1&query=Coker%20Plumbing%20%26%20Septic&query_place_id=ChIJI08rGTbrkIgR3g7vymYvArM,Unverified,No confirmed PE/public/franchise match; most FL contractors are independently owned — ownership not verified,1
C — Phone (other FL county),"ALL SEPTIC ALL PLUMBING, INC.",Plumbing,Independent / Likely Family-Owned (unverified),Highlands,Sebring,33872,"2766 Duffer Rd, Sebring, FL, 33872",(239) 997-2727,www.asapswfl.com,4.5,107,"Plumber, Septic system service",CFC,CFC1427370,new,,companies.json (exact_name),ChIJPTwLgnhE24gR-xcwfz4yZNw,https://www.google.com/maps/search/?api=1&query=All%20Septic%20All%20Plumbing&query_place_id=ChIJPTwLgnhE24gR-xcwfz4yZNw,Unverified,No confirmed PE/public/franchise match; most FL contractors are independently owned — ownership not verified,1
C — Phone (other FL county),"DANIEL'S HEATING AND AIR CONDITIONING, INC.",HVAC,Independent / Likely Family-Owned (unverified),Citrus,Inverness,34453,"4615 E Windmill Drive, Inverness, FL, 34453",(941) 926-7272,www.danielsplumbingservice.com,3.8,106,"Plumber, Drainage service",CAC,CAC1820019,new,,companies.json (exact_name),ChIJgZC7ZrNGw4gR2eHVX0jBEHA,https://www.google.com/maps/search/?api=1&query=Daniel's%20Plumbing%20Services&query_place_id=ChIJgZC7ZrNGw4gR2eHVX0jBEHA,Unverified,No confirmed PE/public/franchise match; most FL contractors are independently owned — ownership not verified,1
C — Phone (other FL county),"TRUE AIR HVAC, INC",HVAC,Independent / Likely Family-Owned (unverified),Seminole,Oviedo,32765,"1941 West State Rd 426, Oviedo, FL, 32765",(941) 212-1239,www.trueplumbing4u.com,4.8,104,"Plumber, Service establishment",CAC,CAC1816807,new,,companies.json (exact_name),ChIJybMfxVQ3w4gRJdSDdrhdnAU,https://www.google.com/maps/search/?api=1&query=True%20Plumbing%20Service%2C%20Inc.&query_place_id=ChIJybMfxVQ3w4gRJdSDdrhdnAU,Unverified,No confirmed PE/public/franchise match; most FL contractors are independently owned — ownership not verified,1
C — Phone (other FL county),PRIME PLUMBERS LLC,Plumbing,Independent / Likely Family-Owned (unverified),Polk,Mulberry,33860,"4142  Stonehenge Rd, Mulberry, FL, 33860",(941) 299-2659,www.primeplumbersllc.com,5,102,Plumber,CFC,CFC1432037,new,,companies.json (exact_name),ChIJ9xM56Pc73YgRiJSUUVYqDvk,https://www.google.com/maps/search/?api=1&query=Prime%20Plumbers%20LLC&query_place_id=ChIJ9xM56Pc73YgRiJSUUVYqDvk,Unverified,No confirmed PE/public/franchise match; most FL contractors are independently owned — ownership not verified,1
C — Phone (other FL county),FLORIDA TROPICAL PLUMBING CORPORATION,Plumbing,Independent / Likely Family-Owned (unverified),Marion,Ocala,34476,"4575 Sw 115Th St, Ocala, FL, 34476",(239) 542-0787,tropicalplumbingco.com,4.8,100,Plumber,CFC,CFC1425702; CFC1434276,new,,companies.json (exact_name),ChIJDWW1hKs424gRfuWEPNtzwoc,https://www.google.com/maps/search/?api=1&query=Tropical%20Plumbing%20Co&query_place_id=ChIJDWW1hKs424gRfuWEPNtzwoc,Unverified,No confirmed PE/public/franchise match; most FL contractors are independently owned — ownership not verified,2
C — Phone (other FL county),SWISHER PLUMBING LLC,Plumbing,Independent / Likely Family-Owned (unverified),Santa Rosa,Pace,32571,"3544 Autumn Ridge Rd, Pace, FL, 32571",(850) 619-8613,www.swisherplumbingllc.com,4.7,98,"Plumber, Service establishment",CFC,CFC1429751,new,,companies.json (exact_name),ChIJvXXmr9zlkIgRK-to-RMKpO4,https://www.google.com/maps/search/?api=1&query=Swisher%20Plumbing&query_place_id=ChIJvXXmr9zlkIgRK-to-RMKpO4,Unverified,No confirmed PE/public/franchise match; most FL contractors are independently owned — ownership not verified,1
C — Phone (other FL county),THE HANCOCK CO INC.,Plumbing,Independent / Likely Family-Owned (unverified),Escambia,Cantonment,32533,"3945 Dewey Rose Lane, Cantonment, FL, 32533",(239) 352-1853,www.hancockplumbing.com,4.9,98,Plumber,CFC,CFC1430630,new,,companies.json (exact_name),ChIJ0XQd2Uf92ogR5b462wqsrKs,https://www.google.com/maps/search/?api=1&query=Hancock%20Plumbing%20Inc&query_place_id=ChIJ0XQd2Uf92ogR5b462wqsrKs,Unverified,No confirmed PE/public/franchise match; most FL contractors are independently owned — ownership not verified,1
C — Phone (other FL county),BLUE MOON PLUMBING LLC,Plumbing,Independent / Likely Family-Owned (unverified),Bay,Panama City Beach,32413,"315 Lake Pl, Panama City Beach, FL, 32413",(850) 730-9197,blumoonplumbing.com,4.7,97,Plumber,RF,RF11067838,new,,companies.json (exact_name),ChIJi7dXqQwcJUYRKOrlU8PxPzk,https://www.google.com/maps/search/?api=1&query=Blue%20Moon%20Plumbing%20LLC&query_place_id=ChIJi7dXqQwcJUYRKOrlU8PxPzk,Unverified,No confirmed PE/public/franchise match; most FL contractors are independently owned — ownership not verified,1
C — Phone (other FL county),BY THE BAY PLUMBING AND GAS LLC,Plumbing,Independent / Likely Family-Owned (unverified),Escambia,Pensacola,32507,"207 Henry Street, Pensacola, FL, 32507",(850) 287-9215,www.bythebayplumbingandgas.com,5,86,"Plumber, Drainage service, Service establishment, Gas installation service",CFC,CFC1432955,new,,companies.json (exact_name),ChIJyy_aq6B7LWsRLvLovk6zlqY,https://www.google.com/maps/search/?api=1&query=By%20the%20Bay%20Plumbing%20and%20Gas&query_place_id=ChIJyy_aq6B7LWsRLvLovk6zlqY,Unverified,No confirmed PE/public/franchise match; most FL contractors are independently owned — ownership not verified,1
C — Phone (other FL county),AIR/WORKS LLC,HVAC,Independent / Likely Family-Owned (unverified),Lake,Leesburg,34788,"40106 County Road 452, Leesburg, FL, 34788",(772) 336-7272,www.theplumbingworksinc.com,4.8,84,Plumber,CAC,CAC057232,new,,companies.json (exact_name),ChIJS2UfFWfq3ogRKsictyb_3Rw,https://www.google.com/maps/search/?api=1&query=The%20Plumbing%20Works%20Inc&query_place_id=ChIJS2UfFWfq3ogRKsictyb_3Rw,Unverified,No confirmed PE/public/franchise match; most FL contractors are independently owned — ownership not verified,1
C — Phone (other FL county),FLORIDA AIR WORKS INC,HVAC,Independent / Likely Family-Owned (unverified),Charlotte,Punta Gorda,33955,"12031 Green Gulf Blvd, Punta Gorda, FL, 33955",(772) 336-7272,www.theplumbingworksinc.com,4.8,84,Plumber,CAC,CAC1815599,new,,companies.json (exact_name),ChIJS2UfFWfq3ogRKsictyb_3Rw,https://www.google.com/maps/search/?api=1&query=The%20Plumbing%20Works%20Inc&query_place_id=ChIJS2UfFWfq3ogRKsictyb_3Rw,Unverified,No confirmed PE/public/franchise match; most FL contractors are independently owned — ownership not verified,1
C — Phone (other FL county),SHORELINE PLUMBING SOLUTIONS LLC,Plumbing,Independent / Likely Family-Owned (unverified),Escambia,Pensacola,32534,"535 Bridle Way, Pensacola, FL, 32534",(850) 776-7133,www.shorelineplumbingsolutions.net,5,82,"Plumber, Service establishment",CFC,CFC1433360,new,,companies.json (exact_name),ChIJHT8XxUu3OA8Rl5bn59crOzM,https://www.google.com/maps/search/?api=1&query=Shoreline%20Plumbing%20Solutions&query_place_id=ChIJHT8XxUu3OA8Rl5bn59crOzM,Unverified,No confirmed PE/public/franchise match; most FL contractors are independently owned — ownership not verified,1
C — Phone (other FL county),A PLUS AIR CONDITIONING AND HEATING INC,HVAC,Independent / Likely Family-Owned (unverified),Marion,Ocala,34471,"434 Sw 16Th St., Ocala, FL, 34471",(352) 584-7549,,4.8,81,Plumber,CAC,CAC1817427,new,,companies.json (exact_name),ChIJL9p1MZsf6IgRVr-n_E4i7Ac,https://www.google.com/maps/search/?api=1&query=A%20Plus%20Plumbing&query_place_id=ChIJL9p1MZsf6IgRVr-n_E4i7Ac,Unverified,No confirmed PE/public/franchise match; most FL contractors are independently owned — ownership not verified,1
C — Phone (other FL county),A PLUS PLUMBING,Plumbing,Independent / Likely Family-Owned (unverified),Lake,Groveland,34736,"1820 Sloans Ridge Road, Groveland, FL, 34736",(352) 584-7549,,4.8,81,Plumber,CFC,CFC1425623,new,,companies.json (exact_name),ChIJL9p1MZsf6IgRVr-n_E4i7Ac,https://www.google.com/maps/search/?api=1&query=A%20Plus%20Plumbing&query_place_id=ChIJL9p1MZsf6IgRVr-n_E4i7Ac,Unverified,No confirmed PE/public/franchise match; most FL contractors are independently owned — ownership not verified,1
C — Phone (other FL county),MONARCH PLUMBING INC,Plumbing,Independent / Likely Family-Owned (unverified),Unknown,Sebring,,"4060 Commercial Dr, Sebring, FL 33870",(863) 385-0517,www.monarchplumb.com,4.8,81,Plumber,CFC,CFC1426308,new,,companies.json (exact_name),ChIJXbKuaMpX3IgRYkySVYMVJXM,https://www.google.com/maps/search/?api=1&query=Monarch%20Plumbing%20Inc&query_place_id=ChIJXbKuaMpX3IgRYkySVYMVJXM,Unverified,No confirmed PE/public/franchise match; most FL contractors are independently owned — ownership not verified,1
C — Phone (other FL county),"THE BOYD PLUMBING CO OF NWF, LLC.",Plumbing,Independent / Likely Family-Owned (unverified),Escambia,Cantonment,32533,"95 Stone Blvd, Cantonment, FL, 32533",(850) 968-0717,boydplumbing.com,4.1,81,Plumber,CFC,CFC1428710,new,,companies.json (exact_name),ChIJzzeqTDyUkIgRe4T8QPB66wY,https://www.google.com/maps/search/?api=1&query=The%20Boyd%20Plumbing%20Co%20of%20NWF%2CLLC.&query_place_id=ChIJzzeqTDyUkIgRe4T8QPB66wY,Unverified,No confirmed PE/public/franchise match; most FL contractors are independently owned — ownership not verified,1
C — Phone (other FL county),ALL-AMERICAN AIR CONDITIONING,HVAC,Independent / Likely Family-Owned (unverified),Indian River,Vero Beach,32967,"6790 Old Dixie Hwy, Vero Beach, FL, 32967",(727) 943-8300,allamericanplumbingservices.com,4.6,78,"Plumber, Bathroom remodeler, Kitchen remodeler, Water treatment supplier",CAC,CAC1817330,new,,companies.json (exact_name),ChIJ4-jiyBiSwogRxO-OBSASUBw,https://www.google.com/maps/search/?api=1&query=All%20American%20Plumbing%20Services&query_place_id=ChIJ4-jiyBiSwogRxO-OBSASUBw,Unverified,No confirmed PE/public/franchise match; most FL contractors are independently owned — ownership not verified,1
C — Phone (other FL county),AAA-1 PAUL'S PLUMBING INC,Plumbing,Independent / Likely Family-Owned (unverified),Okaloosa,Ft Walton Beach,32547-7311,"107 1 Truman Street, Ft Walton Beach, FL, 32547-7311",(850) 863-2481,www.okaloosawaltonareaplumbing.com,4.2,77,"Plumber, Plumbing supply store",CFC,CFC057656,new,,companies.json (exact_name),ChIJET7AiCF-kYgRCbeXwSaY5fo,https://www.google.com/maps/search/?api=1&query=AAA-1%20Paul's%20Plumbing%20Inc&query_place_id=ChIJET7AiCF-kYgRCbeXwSaY5fo,Unverified,No confirmed PE/public/franchise match; most FL contractors are independently owned — ownership not verified,1
C — Phone (other FL county),FOX PLUMBING INC,Plumbing,Independent / Likely Family-Owned (unverified),Polk,Winter Haven,33880,"101 17Th Street W., Winter Haven, FL, 33880",(239) 694-1969,www.foxplumbinginc.com,4.5,77,Plumber,CFC,CFC1426635,new,,companies.json (exact_name),ChIJ4y6Ath5v24gRo6hznKjJfNs,https://www.google.com/maps/search/?api=1&query=Fox%20Plumbing%20inc&query_place_id=ChIJ4y6Ath5v24gRo6hznKjJfNs,Unverified,No confirmed PE/public/franchise match; most FL contractors are independently owned — ownership not verified,1
C — Phone (other FL county),"ALERT PLUMBING OF FLORIDA, LLC",Plumbing,Independent / Likely Family-Owned (unverified),DeSoto,Arcadia,34266,"2589 Nw Pinecreek Ave, Arcadia, FL, 34266",(863) 494-6794,www.alertplumbing.com,4.3,74,Plumber,CFC,CFC057084,new,,companies.json (exact_name),ChIJ2W7puVS53IgRDdQhFQ1_bRI,https://www.google.com/maps/search/?api=1&query=Alert%20Plumbing%20Service&query_place_id=ChIJ2W7puVS53IgRDdQhFQ1_bRI,Unverified,No confirmed PE/public/franchise match; most FL contractors are independently owned — ownership not verified,1
C — Phone (other FL county),BAGGETTE PLUMBING,Plumbing,Independent / Likely Family-Owned (unverified),Okaloosa,Fort Walton Beach,32548,"10 Bayou Woods Ct. Nw, Fort Walton Beach, FL, 32548",(850) 864-4545,baggetteplumbing.com,5,71,"Plumber, Bathroom remodeler, Drainage service, Gas installation service, Kitchen remodeler, Repair service",CFC,CFC1432717,new,,companies.json (exact_name),ChIJV4Lg8qI_kYgRB8j9IsoKN0E,https://www.google.com/maps/search/?api=1&query=Baggette%20Plumbing&query_place_id=ChIJV4Lg8qI_kYgRB8j9IsoKN0E,Unverified,No confirmed PE/public/franchise match; most FL contractors are independently owned — ownership not verified,1
C — Phone (other FL county),"KELSON PLUMBING, LLC",Plumbing,Independent / Likely Family-Owned (unverified),Escambia,Pensacola,32504,"5810 Penny Ave, Pensacola, FL, 32504",(850) 221-9905,www.kelsonplumbing.org,3.5,71,"Plumber, Service establishment",CFC,CFC1428575,new,,companies.json (exact_name),ChIJEfUzzC7AkIgRVwI4A3ruTJ0,https://www.google.com/maps/search/?api=1&query=Kelson%20Plumbing%2C%20LLC.&query_place_id=ChIJEfUzzC7AkIgRVwI4A3ruTJ0,Unverified,No confirmed PE/public/franchise match; most FL contractors are independently owned — ownership not verified,1
C — Phone (other FL county),DEL BIANCO PLUMBING LLC,Plumbing,Independent / Likely Family-Owned (unverified),Indian River,Vero Beach,32962,"1826 1St Place, Vero Beach, FL, 32962",(772) 321-2816,www.delbiancoplumbing.com,5,69,"Plumber, Service establishment",CFC,CFC1431346,new,,companies.json (exact_name),ChIJ-_6mqMWf1UURRMYY5albo8M,https://www.google.com/maps/search/?api=1&query=Del%20Bianco%20Plumbing%20LLC&query_place_id=ChIJ-_6mqMWf1UURRMYY5albo8M,Unverified,No confirmed PE/public/franchise match; most FL contractors are independently owned — ownership not verified,1
C — Phone (other FL county),THE FLORIDA PANAHANDLES HOME IMPROVEMENT STORE INC,HVAC,Independent / Likely Family-Owned (unverified),Bay,Lynn Haven,32444,"2603 Country Club, Lynn Haven, FL, 32444",(850) 481-1937,www.hipcfl.com,4.9,68,"Air conditioning contractor, Plumber",CAC,CAC1818444,new,,companies.json (fuzzy_0.75),ChIJhSp595-Gk4gRlX4DcigAz0E,https://www.google.com/maps/search/?api=1&query=The%20Home%20Improvement%20Store%2C%20Plumbing%20and%20HVAC&query_place_id=ChIJhSp595-Gk4gRlX4DcigAz0E,Unverified,No confirmed PE/public/franchise match; most FL contractors are independently owned — ownership not verified,1
C — Phone (other FL county),THE HOME IMPROVEMENT STORE,Plumbing,Independent / Likely Family-Owned (unverified),Bay,Panama City,32405,"1719 Martin Luther King Jr Blvd, Panama City, FL, 32405",(850) 481-1937,www.hipcfl.com,4.9,68,"Air conditioning contractor, Plumber",CFC,CFC1431301,new,,companies.json (exact_name),ChIJhSp595-Gk4gRlX4DcigAz0E,https://www.google.com/maps/search/?api=1&query=The%20Home%20Improvement%20Store%2C%20Plumbing%20and%20HVAC&query_place_id=ChIJhSp595-Gk4gRlX4DcigAz0E,Unverified,No confirmed PE/public/franchise match; most FL contractors are independently owned — ownership not verified,1
C — Phone (other FL county),"PLUMB BETTER, INC.",Plumbing,Independent / Likely Family-Owned (unverified),Bay,Panama City,32409,"425 E Woodland Rd, Panama City, FL, 32409",(850) 914-3036,www.plumbbetter.com,4,67,Plumber,RF,RF11067868,new,,companies.json (exact_name),ChIJz6bFAkKBk4gRRmHd_hXfOfE,https://www.google.com/maps/search/?api=1&query=Plumb%20Better&query_place_id=ChIJz6bFAkKBk4gRRmHd_hXfOfE,Unverified,No confirmed PE/public/franchise match; most FL contractors are independently owned — ownership not verified,1
C — Phone (other FL county),FIRST CLASS HEATING AND AIR,HVAC,Independent / Likely Family-Owned (unverified),Osceola,Kissimmee,34743,"3156 Montserrat Pl, Kissimmee, FL, 34743",(239) 597-9997,www.firstclassplumbinginc.com,4,63,Plumber,CAC,CAC1825052,new,,companies.json (exact_name),ChIJKwA0bGgd24gR6WjVYYc912E,https://www.google.com/maps/search/?api=1&query=First%20Class%20Plumbing%20of%20Florida%2C%20Inc.&query_place_id=ChIJKwA0bGgd24gR6WjVYYc912E,Unverified,No confirmed PE/public/franchise match; most FL contractors are independently owned — ownership not verified,1
C — Phone (other FL county),PIPE DREAMS PLUMBING SERVICE OF NORTHWEST FLORIDA LLC,Plumbing,Independent / Likely Family-Owned (unverified),Bay,Lynn Haven,32444,"176 Derby Woods Dr, Lynn Haven, FL, 32444",(850) 851-9539,www.pipedreamsofnwfl.com,4.9,60,"Plumber, Construction company, Plumbing supply store",CFC,CFC1432407,new,,companies.json (exact_name),ChIJO5sGSoT5OiMRf3b1PPSxXYQ,https://www.google.com/maps/search/?api=1&query=Pipe%20Dreams%20Plumbing%20Service%20of%20Northwest%20Florida%20LLC&query_place_id=ChIJO5sGSoT5OiMRf3b1PPSxXYQ,Unverified,No confirmed PE/public/franchise match; most FL contractors are independently owned — ownership not verified,1
C — Phone (other FL county),B & K PLUMBING INC,Plumbing,Independent / Likely Family-Owned (unverified),Charlotte,Charlotte Harbor,33980,"4165 Whidden Boulevard Unit 5&6, Charlotte Harbor, FL, 33980",(941) 625-7666,www.bandkplumbingfl.com,4,59,Plumber,RF,RF0036414,new,,companies.json (exact_name),ChIJNZ4_DD6o3IgRgQsJqR7sCG0,https://www.google.com/maps/search/?api=1&query=B%20%26%20K%20Plumbing%20Inc&query_place_id=ChIJNZ4_DD6o3IgRgQsJqR7sCG0,Unverified,No confirmed PE/public/franchise match; most FL contractors are independently owned — ownership not verified,1
C — Phone (other FL county),WILLINGHAM PLUMBING CO,Plumbing,Independent / Likely Family-Owned (unverified),Okaloosa,Valparaiso,32580,"449 Valparaiso Pkwy, Valparaiso, FL, 32580",(850) 678-7804,www.willinghamplumbers.com,4.1,59,Plumber,RF,RF0048912,new,,companies.json (exact_name),ChIJG7aqHYppkYgRYNrcdYxy5No,https://www.google.com/maps/search/?api=1&query=Willingham%20Plumbing&query_place_id=ChIJG7aqHYppkYgRYNrcdYxy5No,Unverified,No confirmed PE/public/franchise match; most FL contractors are independently owned — ownership not verified,1
C — Phone (other FL county),ACME PLUMBING,Plumbing,Independent / Likely Family-Owned (unverified),Unknown,Almond,28702,"Po Box 28, Almond, NC, 28702",(850) 389-2155,www.acmeplumbingdestin.com,4.2,57,Plumber,CFC,CFC032563; CFC1426328,new,,companies.json (exact_name),ChIJXcgFwOJDkYgRDTP6WkAZ4HI,https://www.google.com/maps/search/?api=1&query=Acme%20Plumbing&query_place_id=ChIJXcgFwOJDkYgRDTP6WkAZ4HI,Unverified,No confirmed PE/public/franchise match; most FL contractors are independently owned — ownership not verified,2
C — Phone (other FL county),PLUMBCO PLUMBING SOLUTIONS,Plumbing,Independent / Likely Family-Owned (unverified),Hardee,Zolfo Springs,33890,"3953 Raccoon Rd, Zolfo Springs, FL, 33890",(941) 374-0680,www.plumbcofl.com,4.9,57,"Plumber, Service establishment",CFC,CFC1429741,new,,companies.json (exact_name),ChIJ__9DqmE-w4gRprxErAZ2tCM,https://www.google.com/maps/search/?api=1&query=Plumbco%20Plumbing%20Solutions&query_place_id=ChIJ__9DqmE-w4gRprxErAZ2tCM,Unverified,No confirmed PE/public/franchise match; most FL contractors are independently owned — ownership not verified,1
C — Phone (other FL county),VINCENT PISANO LLC,Plumbing,Independent / Likely Family-Owned (unverified),Levy,Williston,32696,"510 Nw 4Th Place, Williston, FL, 32696",(727) 709-1255,www.pisanoplumbing.com,4.1,56,Plumber,CFC,CFC1434062,new,,companies.json (exact_name),ChIJAQAAAPDtwogRWFSBoP_CBfw,https://www.google.com/maps/search/?api=1&query=Vincent%20Pisano%20Plumbing%2C%20LLC&query_place_id=ChIJAQAAAPDtwogRWFSBoP_CBfw,Unverified,No confirmed PE/public/franchise match; most FL contractors are independently owned — ownership not verified,1
C — Phone (other FL county),TRUE PLUMBERS & AC,HVAC,Independent / Likely Family-Owned (unverified),Polk,Lakeland,33803,"2105 Lake Bentley Ct, Lakeland, FL, 33803",(813) 435-9031,trueplumbers.com,5,55,"Plumber, Air conditioning contractor, Service establishment, HVAC contractor",CAC,CAC1824881,new,,companies.json (exact_name),ChIJfayCivyxwogRORO6yCw12ig,https://www.google.com/maps/search/?api=1&query=True%20Plumbers%20%26%20AC&query_place_id=ChIJfayCivyxwogRORO6yCw12ig,Unverified,No confirmed PE/public/franchise match; most FL contractors are independently owned — ownership not verified,1
C — Phone (other FL county),THE GOLDEN PLUMBER LLC,Plumbing,Independent / Likely Family-Owned (unverified),Escambia,Pensacola,32501,"1310 N Barcelona St, Pensacola, FL, 32501",(850) 602-4734,thegoldenplumber.com,5,54,"Plumber, Drainage service, Service establishment",CFC,CFC1433607,new,,companies.json (exact_name),ChIJ2zwVBhhH24gRHAlXefg68sk,https://www.google.com/maps/search/?api=1&query=Golden%20Plumbing&query_place_id=ChIJ2zwVBhhH24gRHAlXefg68sk,Unverified,No confirmed PE/public/franchise match; most FL contractors are independently owned — ownership not verified,1
C — Phone (other FL county),FASSLER PLUMBING INC,Plumbing,Independent / Likely Family-Owned (unverified),Highlands,Sebring,33870,"1109 Weigle Ave, Sebring, FL, 33870",(863) 385-5388,fasslerplumbing.com,4.5,53,Plumber,CFC,CFC056856,new,,companies.json (exact_name),ChIJ97PszUxX3IgRMB_IdduvXQM,https://www.google.com/maps/search/?api=1&query=Fassler%20Plumbing%2C%20Inc.&query_place_id=ChIJ97PszUxX3IgRMB_IdduvXQM,Unverified,No confirmed PE/public/franchise match; most FL contractors are independently owned — ownership not verified,1
C — Phone (other FL county),"CONQUER THE CLOG, LLC",Plumbing,Independent / Likely Family-Owned (unverified),Charlotte,Punta Gorda,33983,"605 San Ambrosio St, Punta Gorda, FL, 33983",(239) 672-2105,www.ctclogs.com,5,49,Plumber,CFC,CFC1434060,new,,companies.json (exact_name),ChIJ_dpMo_l3VqERg10Yo-ucUYo,https://www.google.com/maps/search/?api=1&query=Conquer%20The%20Clog&query_place_id=ChIJ_dpMo_l3VqERg10Yo-ucUYo,Unverified,No confirmed PE/public/franchise match; most FL contractors are independently owned — ownership not verified,1
C — Phone (other FL county),ROYAL FLUSH PLUMBING INC,Plumbing,Independent / Likely Family-Owned (unverified),Flagler,Flagler Beach,32136,"8 Hickory Lane, Flagler Beach, FL, 32136",(850) 236-5852,www.royalflushplumbingpc.com,4.1,49,Plumber,RF,RF0044278,new,,companies.json (exact_name),ChIJE6iNJxeEk4gRs0XB-h9v9sk,https://www.google.com/maps/search/?api=1&query=Royal%20Flush%20Plumbing%20Services&query_place_id=ChIJE6iNJxeEk4gRs0XB-h9v9sk,Unverified,No confirmed PE/public/franchise match; most FL contractors are independently owned — ownership not verified,1
C — Phone (other FL county),HASH PLUMBING INC,Plumbing,Independent / Likely Family-Owned (unverified),Hardee,Wauchula,33873,"1270 Alec Hendry Road, Wauchula, FL, 33873",(863) 773-9294,www.hashplumbing.com,4.8,48,"Plumber, Septic system service","CFC, RF",CFC1428999; CFC1432549; RF11067464,new,,companies.json (exact_name),ChIJ1bg0R1rm3IgRm7NYbIaxW0M,https://www.google.com/maps/search/?api=1&query=Hash%20Plumbing%20Inc&query_place_id=ChIJ1bg0R1rm3IgRm7NYbIaxW0M,Unverified,No confirmed PE/public/franchise match; most FL contractors are independently owned — ownership not verified,3
C — Phone (other FL county),MAXWELL PLUMBING LLC,Plumbing,Independent / Likely Family-Owned (unverified),Santa Rosa,Gulf Breeze,32561,"205 Navaree Street, Gulf Breeze, FL, 32561",(850) 492-0230,,4.7,48,Plumber,CFC,CFC1428280,new,,companies.json (exact_name),ChIJASUb_2alkIgRoRm3Kx17xMY,https://www.google.com/maps/search/?api=1&query=Maxwell%20Plumbing%2C%20LLC&query_place_id=ChIJASUb_2alkIgRoRm3Kx17xMY,Unverified,No confirmed PE/public/franchise match; most FL contractors are independently owned — ownership not verified,1
C — Phone (other FL county),SCOTT'S PRECISION PLUMBING & GAS WORKS LLC,Plumbing,Independent / Likely Family-Owned (unverified),Hardee,Ona,33865,"7598 Clayton Road, Ona, FL, 33865",(941) 889-8748,scottsprecisionplumbing.com,5,47,"Plumber, Service establishment",CFC,CFC1432029,new,,companies.json (exact_name),ChIJn6bqlF1B3g0RUYzsRvdmMD4,https://www.google.com/maps/search/?api=1&query=Scott%E2%80%99s%20Precision%20Plumbing%20%26%20Gas%20Works&query_place_id=ChIJn6bqlF1B3g0RUYzsRvdmMD4,Unverified,No confirmed PE/public/franchise match; most FL contractors are independently owned — ownership not verified,1
C — Phone (other FL county),1ST CHOICE PLUMBING INC,Plumbing,Independent / Likely Family-Owned (unverified),Hernando,Brooksville,34614,"11183 Labrador Duck Rd, Brooksville, FL, 34614",(352) 596-4201,1stchoiceplumbingincfl.com,4.7,46,"Plumber, Drainage service, Service establishment",CFC,CFC1426783,new,,companies.json (exact_name),ChIJ-QuOpuof6IgRS0U_HWDnsMw,https://www.google.com/maps/search/?api=1&query=1st%20Choice%20Plumbing%20Inc&query_place_id=ChIJ-QuOpuof6IgRS0U_HWDnsMw,Unverified,No confirmed PE/public/franchise match; most FL contractors are independently owned — ownership not verified,1
C — Phone (other FL county),FLORIDA SUNSHINE PLUMBING,Plumbing,Independent / Likely Family-Owned (unverified),Okaloosa,Niceville,32578,"310 Oaklake Lane, Niceville, FL, 32578",(239) 324-6776,sunshineplumbingservice.com,5,45,"Plumber, Service establishment",CFC,CFC1434376,new,,companies.json (exact_name),ChIJESXt0OZB24gRqo_G5FwC2z0,https://www.google.com/maps/search/?api=1&query=Sunshine%20Plumbing%20Services%2C%20LLC&query_place_id=ChIJESXt0OZB24gRqo_G5FwC2z0,Unverified,No confirmed PE/public/franchise match; most FL contractors are independently owned — ownership not verified,1
C — Phone (other FL county),"MARY ESTHER PLUMBING, INC.",Plumbing,Independent / Likely Family-Owned (unverified),Okaloosa,Mary Esther,32569-1752,"1050 Bryn Mawr Blvd, Mary Esther, FL, 32569-1752",(850) 243-0846,,4.7,45,Plumber,RF,RF11067580,new,,companies.json (exact_name),ChIJLVarw5k-kYgRujCKIoC6HZM,https://www.google.com/maps/search/?api=1&query=Mary%20Esther%20Plumbing&query_place_id=ChIJLVarw5k-kYgRujCKIoC6HZM,Unverified,No confirmed PE/public/franchise match; most FL contractors are independently owned — ownership not verified,1
C — Phone (other FL county),SUNSHINE PLUMBING INC,Plumbing,Independent / Likely Family-Owned (unverified),Seminole,Lake Mary,32746,"198 Humphrey Rd, Lake Mary, FL, 32746",(239) 324-6776,sunshineplumbingservice.com,5,45,"Plumber, Service establishment",CFC,CFC1426367,new,,companies.json (exact_name),ChIJESXt0OZB24gRqo_G5FwC2z0,https://www.google.com/maps/search/?api=1&query=Sunshine%20Plumbing%20Services%2C%20LLC&query_place_id=ChIJESXt0OZB24gRqo_G5FwC2z0,Unverified,No confirmed PE/public/franchise match; most FL contractors are independently owned — ownership not verified,1
C — Phone (other FL county),SUNSHINE SERVICES,Plumbing + HVAC,Independent / Likely Family-Owned (unverified),Alachua,Gainesville,32635,"Po Box 358604, Gainesville, FL, 32635",(239) 324-6776,sunshineplumbingservice.com,5,45,"Plumber, Service establishment","CAC, CFC, CMC",CAC1824648; CFC1433393; CFC1434120; CMC1251509,new,,companies.json (exact_name),ChIJESXt0OZB24gRqo_G5FwC2z0,https://www.google.com/maps/search/?api=1&query=Sunshine%20Plumbing%20Services%2C%20LLC&query_place_id=ChIJESXt0OZB24gRqo_G5FwC2z0,Unverified,No confirmed PE/public/franchise match; most FL contractors are independently owned — ownership not verified,4
C — Phone (other FL county),THE SUNSHINE PLUMBER,Plumbing,Independent / Likely Family-Owned (unverified),Escambia,Pensacola,32505,"4119 Warehouse Lane, Pensacola, FL, 32505",(239) 324-6776,sunshineplumbingservice.com,5,45,"Plumber, Service establishment",CFC,CFC1427607,new,,companies.json (exact_name),ChIJESXt0OZB24gRqo_G5FwC2z0,https://www.google.com/maps/search/?api=1&query=Sunshine%20Plumbing%20Services%2C%20LLC&query_place_id=ChIJESXt0OZB24gRqo_G5FwC2z0,Unverified,No confirmed PE/public/franchise match; most FL contractors are independently owned — ownership not verified,1
C — Phone (other FL county),CERTIFIED PLUMBING SEWER AND GAS INC,Plumbing,Independent / Likely Family-Owned (unverified),Escambia,Pensacola,32526,"7075 N Blue Ange Pkwy, Pensacola, FL, 32526",(850) 944-4190,,3.9,42,Plumber,RF,RF11067231,new,,companies.json (fuzzy_1.00),ChIJKwUds--9kIgR0BE3mmtCj58,https://www.google.com/maps/search/?api=1&query=Certified%20Plumbing%20Sewer%20%26%20Gas&query_place_id=ChIJKwUds--9kIgR0BE3mmtCj58,Unverified,No confirmed PE/public/franchise match; most FL contractors are independently owned — ownership not verified,1
C — Phone (other FL county),"EZ BREEZY PLUMBING SERVICES, LLC",Plumbing,Independent / Likely Family-Owned (unverified),Santa Rosa,Gulf Breeze,32563,"4630 Soundside Dr, Gulf Breeze, FL, 32563",(850) 273-3363,ezbreezyplumbing.com,5,42,"Plumber, Service establishment",CFC,CFC1434153,new,,companies.json (exact_name),ChIJ-6L9tGrqaK4Rm1PkfKaV6ww,https://www.google.com/maps/search/?api=1&query=EZ%20Breezy%20Plumbing&query_place_id=ChIJ-6L9tGrqaK4Rm1PkfKaV6ww,Unverified,No confirmed PE/public/franchise match; most FL contractors are independently owned — ownership not verified,1
C — Phone (other FL county),FLORIDA PLUMBING SERVICE INC,Plumbing,Independent / Likely Family-Owned (unverified),Hardee,Bowling Green,33834,"409 Palmetto St, Bowling Green, FL, 33834",(239) 440-3740,floridaplumbingservice.net,4.8,42,Plumber,CFC,CFC1433996,new,,data/companies.json (Google Maps scrape),,,Unverified,No confirmed PE/public/franchise match; most FL contractors are independently owned — ownership not verified,1
C — Phone (other FL county),MONROE SERVICE CO,HVAC,Independent / Likely Family-Owned (unverified),Monroe,Key West,33045,"Po Box 5451, Key West, FL, 33045",(941) 479-7923,monroeplumbingfl.com,4.8,42,Plumber,CAC,CAC050394,new,,companies.json (exact_name),ChIJGzHOxr0Xw4gRZXpYpZm7zb8,https://www.google.com/maps/search/?api=1&query=Monroe%20Plumbing%20Inc.&query_place_id=ChIJGzHOxr0Xw4gRZXpYpZm7zb8,Unverified,No confirmed PE/public/franchise match; most FL contractors are independently owned — ownership not verified,1
C — Phone (other FL county),CHUCK HENDERSON PLUMBING INC,Plumbing,Independent / Likely Family-Owned (unverified),Hernando,Hernando Beach,34607,"3186 Azalea Dr, Hernando Beach, FL, 34607",(352) 592-1300,chuckhendersonplumbing.com,4.8,41,"Plumber, Drainage service, Service establishment, Water filter supplier, Water pump supplier, Water softening equipment supplier, Water testing service",CFC,CFC1426699,new,,companies.json (exact_name),ChIJ0Zev9JQf6IgRL1Qj4Rf2l3M,https://www.google.com/maps/search/?api=1&query=Chuck%20Henderson%20Plumbing%20Inc&query_place_id=ChIJ0Zev9JQf6IgRL1Qj4Rf2l3M,Unverified,No confirmed PE/public/franchise match; most FL contractors are independently owned — ownership not verified,1
C — Phone (other FL county),"COASTAL PLUMBING OF BAY COUNTY II, LLC",Plumbing,Independent / Likely Family-Owned (unverified),Bay,Lynn Haven,32444,"P O Box 515, Lynn Haven, FL, 32444",(850) 747-8030,coastalplumbing.net,4.2,38,"Plumber, Gas installation service, Utility contractor, Water utility company",CFC,CFC1429177,new,,companies.json (fuzzy_1.00),ChIJa50DlkOCk4gR1lIqFhKVEFI,https://www.google.com/maps/search/?api=1&query=Coastal%20Plumbing%20of%20Bay%20County&query_place_id=ChIJa50DlkOCk4gR1lIqFhKVEFI,Unverified,No confirmed PE/public/franchise match; most FL contractors are independently owned — ownership not verified,1
C — Phone (other FL county),"AIR UNLIMITED HEATING AND COOLING, LLC",HVAC,Independent / Likely Family-Owned (unverified),Escambia,Cantonment,32533,"2512 Rosedown Dr, Cantonment, FL, 32533",(352) 799-7054,,4.6,37,Plumber,CAC,CAC1821199,new,,companies.json (exact_name),ChIJKVK5OKoE6IgROTYPYZ-oIWA,https://www.google.com/maps/search/?api=1&query=Plumbing%20Unlimited&query_place_id=ChIJKVK5OKoE6IgROTYPYZ-oIWA,Unverified,No confirmed PE/public/franchise match; most FL contractors are independently owned — ownership not verified,1
C — Phone (other FL county),GRANDSTAFF PLUMBING & GAS INC,Plumbing,Independent / Likely Family-Owned (unverified),Okaloosa,Ft. Walton Beach,32547,"519 Pocahontas Dr., Ft. Walton Beach, FL, 32547",(850) 682-9612,grandstaffplumbing.com,4.6,37,Plumber,CFC,CFC1426011,new,,companies.json (exact_name),ChIJSyyRYtQKkYgRwLsjFSikuq8,https://www.google.com/maps/search/?api=1&query=Grandstaff%20Plumbing%20%26%20Gas%20Inc&query_place_id=ChIJSyyRYtQKkYgRwLsjFSikuq8,Unverified,No confirmed PE/public/franchise match; most FL contractors are independently owned — ownership not verified,1
C — Phone (other FL county),S & S PLUMBING LLC,Plumbing,Independent / Likely Family-Owned (unverified),DeSoto,Arcadia,34266,"8731 Sw Deer Trl, Arcadia, FL, 34266",(863) 990-3391,serenaandsonsplumbing.com,5,37,Plumber,CFC,CFC1433203,new,,companies.json (exact_name),ChIJ8U6LiIV8PKYReSLkEQ1XrOs,https://www.google.com/maps/search/?api=1&query=S%20%26%20S%20Plumbing%20LLC&query_place_id=ChIJ8U6LiIV8PKYReSLkEQ1XrOs,Unverified,No confirmed PE/public/franchise match; most FL contractors are independently owned — ownership not verified,1
C — Phone (other FL county),"UNLIMITED AIR, INC.",HVAC,Independent / Likely Family-Owned (unverified),Unknown,,,"240 N Broad St, Brooksville, FL 34601",(352) 799-7054,,4.6,37,Plumber,CAC,CAC1819243,new,,companies.json (exact_name),ChIJKVK5OKoE6IgROTYPYZ-oIWA,https://www.google.com/maps/search/?api=1&query=Plumbing%20Unlimited&query_place_id=ChIJKVK5OKoE6IgROTYPYZ-oIWA,Unverified,No confirmed PE/public/franchise match; most FL contractors are independently owned — ownership not verified,1
C — Phone (other FL county),INTEGRITY AIR SOLUTIONS LLC,Mechanical,Independent / Likely Family-Owned (unverified),Marion,Williston,32696,"13452 W Hwy 318, Williston, FL, 32696",(239) 656-3880,integrityplumbingsolutions.net,4.9,36,"Plumber, Service establishment",CMC,CMC1250862,new,,companies.json (exact_name),ChIJmWWd2jBC24gRMKFYV7X-BqU,https://www.google.com/maps/search/?api=1&query=Integrity%20Plumbing%20Solutions&query_place_id=ChIJmWWd2jBC24gRMKFYV7X-BqU,Unverified,No confirmed PE/public/franchise match; most FL contractors are independently owned — ownership not verified,1
C — Phone (other FL county),WHITETAIL PLUMBING INC,Plumbing,Independent / Likely Family-Owned (unverified),Highlands,Sebring,33870,"1421 Hurst Rd., Sebring, FL, 33870",(863) 382-8306,,4.5,36,Plumber,CFC,CFC1428977,new,,companies.json (exact_name),ChIJZ_4cqeVQ3IgR2xwKZnog9so,https://www.google.com/maps/search/?api=1&query=Whitetail%20Plumbing%20Inc&query_place_id=ChIJZ_4cqeVQ3IgR2xwKZnog9so,Unverified,No confirmed PE/public/franchise match; most FL contractors are independently owned — ownership not verified,1
C — Phone (other FL county),"ALBRIGHT PLUMBING, PLLC",Plumbing,Independent / Likely Family-Owned (unverified),Charlotte,Punta Gorda,33983,"27242 San Marco Dr, Punta Gorda, FL, 33983",(941) 626-9636,albright-plumbing.com,5,35,"Plumber, Repair service",CFC,CFC1432466,new,,companies.json (exact_name),ChIJAxqGbjWn3IgRy0__BudzQ2A,https://www.google.com/maps/search/?api=1&query=Albright%20Plumbing%2C%20PLLC&query_place_id=ChIJAxqGbjWn3IgRy0__BudzQ2A,Unverified,No confirmed PE/public/franchise match; most FL contractors are independently owned — ownership not verified,1
C — Phone (other FL county),MUTH & SONS PLUMBING INC,Plumbing,Family-Owned,Bay,Panama City,32401,"708 Mlk Blvd, Panama City, FL, 32401",(850) 763-2395,muthandsonsplumbing.com,4.3,35,Plumber,CFC,CFC1426961; CFC1431078,new,,companies.json (exact_name),ChIJD06IPHOBk4gRUOA2dmV1wxw,https://www.google.com/maps/search/?api=1&query=Muth%20%26%20Sons%20Plumbing%20Inc&query_place_id=ChIJD06IPHOBk4gRUOA2dmV1wxw,Pattern match,Name/marketing indicates family ownership,2
C — Phone (other FL county),MORRISON PLUMBING SERVICE INC.,Plumbing,Independent / Likely Family-Owned (unverified),Indian River,Vero Beach,32968,"6465 4Th Place, Vero Beach, FL, 32968",(772) 473-4339,www.morrisonplumbingservice.net,4.9,34,"Plumber, Drainage service, Service establishment",CFC,CFC1431175,new,,companies.json (exact_name),ChIJ_aExfM1f3ogRCfgBE17Es1U,https://www.google.com/maps/search/?api=1&query=Morrison%20Plumbing%20Service%2C%20Inc&query_place_id=ChIJ_aExfM1f3ogRCfgBE17Es1U,Unverified,No confirmed PE/public/franchise match; most FL contractors are independently owned — ownership not verified,1
C — Phone (other FL county),RELIABLE PLUMBING & CONSTRUCTION,Plumbing,Independent / Likely Family-Owned (unverified),Hernando,Spring Hill,34606,"3470 Deltona Blvd, Spring Hill, FL, 34606",(352) 686-7527,www.reliableconstructionandplumbing.com,4.5,34,"Plumber, Bathroom remodeler, Contractor, Kitchen remodeler, Remodeler",CFC,CFC057042,new,,companies.json (fuzzy_1.00),ChIJ_TtfxWMg6IgRWhifsiDyaHs,https://www.google.com/maps/search/?api=1&query=Reliable%20Construction%20%26%20Plumbing&query_place_id=ChIJ_TtfxWMg6IgRWhifsiDyaHs,Unverified,No confirmed PE/public/franchise match; most FL contractors are independently owned — ownership not verified,1
C — Phone (other FL county),HOMETOWN AIR AND ELECTRIC INC.,HVAC,Independent / Likely Family-Owned (unverified),Marion,Silver Springs,34488,"12426 East Hwy 40, Silver Springs, FL, 34488",(850) 737-1009,hometownplumber.com,5,33,"Plumber, Bathroom remodeler, Construction company, Drainage service, Service establishment",CAC,CAC035564; CAC035587,new,,companies.json (exact_name),ChIJ3yLfx0HbeIkRn60jlx8UWmE,https://www.google.com/maps/search/?api=1&query=Hometown%20Plumber&query_place_id=ChIJ3yLfx0HbeIkRn60jlx8UWmE,Unverified,No confirmed PE/public/franchise match; most FL contractors are independently owned — ownership not verified,2
C — Phone (other FL county),HOMETOWN HEATING AND AIR,HVAC,Independent / Likely Family-Owned (unverified),Columbia,Ft. White,32038,"399 Sw Boston Ter, Ft. White, FL, 32038",(850) 737-1009,hometownplumber.com,5,33,"Plumber, Bathroom remodeler, Construction company, Drainage service, Service establishment",CAC,CAC1818078,new,,companies.json (exact_name),ChIJ3yLfx0HbeIkRn60jlx8UWmE,https://www.google.com/maps/search/?api=1&query=Hometown%20Plumber&query_place_id=ChIJ3yLfx0HbeIkRn60jlx8UWmE,Unverified,No confirmed PE/public/franchise match; most FL contractors are independently owned — ownership not verified,1
C — Phone (other FL county),HOMETOWN PLUMBER LLC,Plumbing,Independent / Likely Family-Owned (unverified),Okaloosa,Fort Walton Beach,32548,"218 Miracle Strip Pkwy Sw Unit O, Fort Walton Beach, FL, 32548",(850) 737-1009,hometownplumber.com,5,33,"Plumber, Bathroom remodeler, Construction company, Drainage service, Service establishment",CFC,CFC1433677,new,,companies.json (exact_name),ChIJ3yLfx0HbeIkRn60jlx8UWmE,https://www.google.com/maps/search/?api=1&query=Hometown%20Plumber&query_place_id=ChIJ3yLfx0HbeIkRn60jlx8UWmE,Unverified,No confirmed PE/public/franchise match; most FL contractors are independently owned — ownership not verified,1
C — Phone (other FL county),"LARSON AIR, LLC.",HVAC,Independent / Likely Family-Owned (unverified),Clay,Green Cove Springs,32043,"817 Country Ln, Green Cove Springs, FL, 32043",(813) 242-0911,www.larsonplumbing.net,3.5,32,"Plumber, Septic system service",CAC,CAC1819429,new,,companies.json (exact_name),ChIJhXXjya_FwogRehF3kc3V_CY,https://www.google.com/maps/search/?api=1&query=Larson%20Plumbing&query_place_id=ChIJhXXjya_FwogRehF3kc3V_CY,Unverified,No confirmed PE/public/franchise match; most FL contractors are independently owned — ownership not verified,1
C — Phone (other FL county),PARADISE AIR AND HEATING LLC,HVAC,Independent / Likely Family-Owned (unverified),Lake,Sorrento,32776,"22841 Stallion Dr, Sorrento, FL, 32776",(941) 809-9274,paradiseplumbingco.com,4.8,30,"Plumber, Construction company",CAC,CAC1813962,new,,companies.json (exact_name),ChIJ-cAu_MBBw4gRJsfiw0xc2wo,https://www.google.com/maps/search/?api=1&query=Paradise%20Plumbing&query_place_id=ChIJ-cAu_MBBw4gRJsfiw0xc2wo,Unverified,No confirmed PE/public/franchise match; most FL contractors are independently owned — ownership not verified,1
C — Phone (other FL county),"PARADISE PLUMBING OF FLORIDA, INC.",Plumbing,Independent / Likely Family-Owned (unverified),Brevard,Palm Bay,32907,"915 Peachland Ave, Palm Bay, FL, 32907",(941) 809-9274,paradiseplumbingco.com,4.8,30,"Plumber, Construction company",CFC,CFC1431310,new,,companies.json (exact_name),ChIJ-cAu_MBBw4gRJsfiw0xc2wo,https://www.google.com/maps/search/?api=1&query=Paradise%20Plumbing&query_place_id=ChIJ-cAu_MBBw4gRJsfiw0xc2wo,Unverified,No confirmed PE/public/franchise match; most FL contractors are independently owned — ownership not verified,1
C — Phone (other FL county),PARADISE PLUMBING SERVICES LLC,Plumbing,Independent / Likely Family-Owned (unverified),Columbia,Lake City,32024,"634 Sw Duckett Court, Lake City, FL, 32024",(941) 809-9274,paradiseplumbingco.com,4.8,30,"Plumber, Construction company",CFC,CFC1427245,new,,companies.json (exact_name),ChIJ-cAu_MBBw4gRJsfiw0xc2wo,https://www.google.com/maps/search/?api=1&query=Paradise%20Plumbing&query_place_id=ChIJ-cAu_MBBw4gRJsfiw0xc2wo,Unverified,No confirmed PE/public/franchise match; most FL contractors are independently owned — ownership not verified,1
C — Phone (other FL county),SPANNINGER PLUMBING INC,Plumbing,Independent / Likely Family-Owned (unverified),Charlotte,Port Charlotte,33981,"11521 Claggett Ave, Port Charlotte, FL, 33981",(941) 473-8585,,5,30,Plumber,CFC,CFC057734,new,,companies.json (exact_name),ChIJ_____7Nbw4gRK8WmwLEUrLM,https://www.google.com/maps/search/?api=1&query=Spanninger%20Plumbing&query_place_id=ChIJ_____7Nbw4gRK8WmwLEUrLM,Unverified,No confirmed PE/public/franchise match; most FL contractors are independently owned — ownership not verified,1
C — Phone (other FL county),TC PLUMBING LLC,Plumbing,Independent / Likely Family-Owned (unverified),Charlotte,Punta Gorda,33955,"16419  Becasse Dr, Punta Gorda, FL, 33955",(941) 404-6361,www.tcplumbingflorida.com,4.9,30,"Plumber, Service establishment",CFC,CFC1431340,new,,companies.json (exact_name),ChIJ48Ny8MYHh4sRGrIN7eAlr7A,https://www.google.com/maps/search/?api=1&query=TC%20Plumbing&query_place_id=ChIJ48Ny8MYHh4sRGrIN7eAlr7A,Unverified,No confirmed PE/public/franchise match; most FL contractors are independently owned — ownership not verified,1
C — Phone (other FL county),HOBBS PLUMBING INC,Plumbing,Independent / Likely Family-Owned (unverified),Bay,Panama City,32401,"920  N East Ave, Panama City, FL, 32401",(850) 785-6666,hobbsplumbing.biz,3.6,29,Plumber,CFC,CFC054888,new,,companies.json (exact_name),ChIJpfYL7JKBk4gRBAtmxqLdlLQ,https://www.google.com/maps/search/?api=1&query=Hobbs%20Plumbing%20Inc&query_place_id=ChIJpfYL7JKBk4gRBAtmxqLdlLQ,Unverified,No confirmed PE/public/franchise match; most FL contractors are independently owned — ownership not verified,1
C — Phone (other FL county),HARRY MORGAN PLUMBING,Plumbing,Independent / Likely Family-Owned (unverified),Polk,Bartow,33830,"385 N Elizabeth Ave, Bartow, FL, 33830",(863) 533-3584,,4.3,28,Plumber,RF,RF0037784,new,,companies.json (fuzzy_1.00),ChIJqUTKeaQX3YgRondjFhFrFaU,https://www.google.com/maps/search/?api=1&query=Harry%20A%20Morgan%20Plumbing&query_place_id=ChIJqUTKeaQX3YgRondjFhFrFaU,Unverified,No confirmed PE/public/franchise match; most FL contractors are independently owned — ownership not verified,1
C — Phone (other FL county),HEBERT PLUMBING CONTRACTORS,Plumbing,Independent / Likely Family-Owned (unverified),Santa Rosa,Gulf Breeze,33563,"1916  Cambridge Park Dr, Gulf Breeze, FL, 33563",(850) 417-0200,www.hebertplumbing.net,5,28,"Plumber, Drainage service","CFC, RF",CFC039984; RF11067695,new,,companies.json (exact_name),ChIJkURXvzzFkIgRqZeWYeMHYMw,https://www.google.com/maps/search/?api=1&query=Hebert%20Plumbing%20Contractors%2C%20Inc.&query_place_id=ChIJkURXvzzFkIgRqZeWYeMHYMw,Unverified,No confirmed PE/public/franchise match; most FL contractors are independently owned — ownership not verified,2
C — Phone (other FL county),"SHORELINE PLUMBING & GAS, INC.",Plumbing,Independent / Likely Family-Owned (unverified),Okaloosa,Destin,32541,"124 Benning Drive Ste 8, Destin, FL, 32541",(850) 837-0892,,4.5,28,Plumber,CFC,CFC1432396,new,,companies.json (fuzzy_1.00),ChIJq6pGbpJDkYgRLquyFt5AHEo,https://www.google.com/maps/search/?api=1&query=Shoreline%20Plumbing%20And%20Gas%2C%20Inc.&query_place_id=ChIJq6pGbpJDkYgRLquyFt5AHEo,Unverified,No confirmed PE/public/franchise match; most FL contractors are independently owned — ownership not verified,1
C — Phone (other FL county),ACE AIR-ELECTRIC,HVAC,Independent / Likely Family-Owned (unverified),Polk,Winter Haven,33880,"758 Orrin Ave Sw, Winter Haven, FL, 33880",(772) 562-3780,www.aceplumbingverobeach.com,4.6,27,Plumber,CAC,CAC1822867,new,,companies.json (exact_name),ChIJhVJfkEFf3ogRlZdB9NBgkzo,https://www.google.com/maps/search/?api=1&query=Ace%20Plumbing%20Inc&query_place_id=ChIJhVJfkEFf3ogRlZdB9NBgkzo,Unverified,No confirmed PE/public/franchise match; most FL contractors are independently owned — ownership not verified,1
C — Phone (other FL county),ACE PLUMBING INC,Plumbing,Independent / Likely Family-Owned (unverified),Indian River,Vero Beach,32962-1618,"665 4Th Place, Vero Beach, FL, 32962-1618",(772) 562-3780,www.aceplumbingverobeach.com,4.6,27,Plumber,CFC,CFC032636; CFC1428852,new,,companies.json (exact_name),ChIJhVJfkEFf3ogRlZdB9NBgkzo,https://www.google.com/maps/search/?api=1&query=Ace%20Plumbing%20Inc&query_place_id=ChIJhVJfkEFf3ogRlZdB9NBgkzo,Unverified,No confirmed PE/public/franchise match; most FL contractors are independently owned — ownership not verified,2
C — Phone (other FL county),"COUNTY PLUMBING SERVICES, INC.",Plumbing,Independent / Likely Family-Owned (unverified),Hardee,Zolfo Springs,33890,"3953 Raccoon Rd, Zolfo Springs, FL, 33890",(941) 376-1185,countyplumbingservicesinc.com,4.8,27,"Plumber, Service establishment",CFC,CFC1429125,new,,companies.json (exact_name),ChIJAQDEbYY_w4gRT7N7IEMQbLI,https://www.google.com/maps/search/?api=1&query=County%20Plumbing%20Services%2C%20Inc&query_place_id=ChIJAQDEbYY_w4gRT7N7IEMQbLI,Unverified,No confirmed PE/public/franchise match; most FL contractors are independently owned — ownership not verified,1
C — Phone (other FL county),"QUIGG PLUMBING SERVICE, LLC",Plumbing,Independent / Likely Family-Owned (unverified),Highlands,Lake Placid,33852,"346 Swallow Drive, Lake Placid, FL, 33852",(863) 633-0250,quiggplumbingservice.square.site,5,27,"Plumber, Service establishment",CFC,CFC1432226,new,,companies.json (exact_name),ChIJKUsYwJIiWKYRUDv9nNiqgWk,https://www.google.com/maps/search/?api=1&query=Quigg%20Plumbing%20Service%2C%20LLC&query_place_id=ChIJKUsYwJIiWKYRUDv9nNiqgWk,Unverified,No confirmed PE/public/franchise match; most FL contractors are independently owned — ownership not verified,1
C — Phone (other FL county),COASTAL PLUMBING SERVICES OF IRC LLC,Plumbing,Independent / Likely Family-Owned (unverified),Indian River,Vero Beach,32966,"2675 68Th Sq. Apt. 208, Vero Beach, FL, 32966",(772) 696-2620,www.coastalplumbingirc.com,5,26,"Plumber, Service establishment",RF,RF11068047,new,,companies.json (exact_name),ChIJlWkfz2g8nWAR5mZo8FYFHCQ,https://www.google.com/maps/search/?api=1&query=Coastal%20Plumbing%20Services%20of%20IRC%20LLC&query_place_id=ChIJlWkfz2g8nWAR5mZo8FYFHCQ,Unverified,No confirmed PE/public/franchise match; most FL contractors are independently owned — ownership not verified,1
C — Phone (other FL county),PLUMB HONEST INC,Plumbing,Independent / Likely Family-Owned (unverified),Escambia,Pensacola,32507,"101 Erhmann St, Pensacola, FL, 32507",(850) 758-6237,www.plumbhonestinc.com,4.7,26,"Plumber, Drainage service, Gas installation service",RF,RF11067472,new,,companies.json (exact_name),ChIJQ2RRgvLBkIgRAhQKslgTxzg,https://www.google.com/maps/search/?api=1&query=Plumb%20Honest%20Inc&query_place_id=ChIJQ2RRgvLBkIgRAhQKslgTxzg,Unverified,No confirmed PE/public/franchise match; most FL contractors are independently owned — ownership not verified,1
C — Phone (other FL county),WALKER PLUMBING SERVICES INC,Plumbing,Independent / Likely Family-Owned (unverified),Brevard,Melbourne,32935,"4355 Dow Rd. #122, Melbourne, FL, 32935",(239) 395-2689,,4.7,26,"Plumber, Contractor, Drainage service",CFC,CFC057837,new,,companies.json (exact_name),ChIJnXHWJIEw24gRo8oO5qLyXb0,https://www.google.com/maps/search/?api=1&query=Walker%20Plumbing&query_place_id=ChIJnXHWJIEw24gRo8oO5qLyXb0,Unverified,No confirmed PE/public/franchise match; most FL contractors are independently owned — ownership not verified,1
C — Phone (other FL county),A++ PROFORMANCE PLUMBING INC,Plumbing,Independent / Likely Family-Owned (unverified),Charlotte,Port Charlotte,33980,"310 Hunter St, Port Charlotte, FL, 33980",(941) 764-1111,www.proformanceplumbing.com,4.6,25,"Plumber, Service establishment",CFC,CFC1428900,new,,companies.json (exact_name),ChIJ-xxuyxOo3IgR38wJKtPRHAc,https://www.google.com/maps/search/?api=1&query=A%2B%2B%20PROformance%20Plumbing&query_place_id=ChIJ-xxuyxOo3IgR38wJKtPRHAc,Unverified,No confirmed PE/public/franchise match; most FL contractors are independently owned — ownership not verified,1
C — Phone (other FL county),ARROW AIR CONDITIONING LLC,HVAC,Independent / Likely Family-Owned (unverified),Marion,Dunnellon,34431,"3525 Sw Bluegill Rd, Dunnellon, FL, 34431",(941) 365-0778,www.arrowplumbingservicesllc.com,3.7,25,"Plumber, General contractor, Plumbing supply store",CAC,CAC1820183,new,,companies.json (exact_name),ChIJfWzO1HtAw4gR_hFmaY__Gqc,https://www.google.com/maps/search/?api=1&query=Arrow%20Plumbing%20Corporation&query_place_id=ChIJfWzO1HtAw4gR_hFmaY__Gqc,Unverified,No confirmed PE/public/franchise match; most FL contractors are independently owned — ownership not verified,1
C — Phone (other FL county),PLUMB INSANITY PLUMBING LLC,Plumbing,Independent / Likely Family-Owned (unverified),Okaloosa,Niceville,32578,"1211 Finck Rd, Niceville, FL, 32578",(850) 812-1252,,4.5,25,Plumber,RF,RF11067869,new,,companies.json (exact_name),ChIJXdDb0TvujSYRpTU4p6YCx0k,https://www.google.com/maps/search/?api=1&query=Plumb%20Insanity%20Plumbing&query_place_id=ChIJXdDb0TvujSYRpTU4p6YCx0k,Unverified,No confirmed PE/public/franchise match; most FL contractors are independently owned — ownership not verified,1
C — Phone (other FL county),"PRO QUALITY AIR, INC.",Mechanical,Independent / Likely Family-Owned (unverified),Unknown,,,"4606 Hazel Ave S, Lehigh Acres, FL 33976",(239) 688-3682,pqplumbing.net,4.9,25,"Plumber, Drainage service, Repair service",CMC,CMC1249635,new,,companies.json (exact_name),ChIJe7FQzbhy24gROR48n4dT5yI,https://www.google.com/maps/search/?api=1&query=Pro%20Quality%20Plumbing%20Inc.&query_place_id=ChIJe7FQzbhy24gROR48n4dT5yI,Unverified,No confirmed PE/public/franchise match; most FL contractors are independently owned — ownership not verified,1
C — Phone (other FL county),ADVANCED PLUMBING INC,Plumbing,Independent / Likely Family-Owned (unverified),Flagler,Bunnell,32110,"703  South State St, Bunnell, FL, 32110",(850) 234-3731,,3.3,23,Plumber,CFC,CFC046004; CFC057973,new,,companies.json (exact_name),ChIJy0FwQLqIk4gRGZc4_xOfViM,https://www.google.com/maps/search/?api=1&query=Advanced%20Plumbing%20Services&query_place_id=ChIJy0FwQLqIk4gRGZc4_xOfViM,Unverified,No confirmed PE/public/franchise match; most FL contractors are independently owned — ownership not verified,2
C — Phone (other FL county),"ELITE PLUMBING ENTERPRISES, LLC.",Plumbing,Independent / Likely Family-Owned (unverified),Highlands,Sebring,33870,"1055 Production Drive, Sebring, FL, 33870",(863) 385-2314,,3.7,23,Plumber,CFC,CFC1428741,new,,companies.json (exact_name),ChIJMYO03FFX3IgR2rP5YaMQ1z0,https://www.google.com/maps/search/?api=1&query=Elite%20Plumbing%20Enterprises%20LLC&query_place_id=ChIJMYO03FFX3IgR2rP5YaMQ1z0,Unverified,No confirmed PE/public/franchise match; most FL contractors are independently owned — ownership not verified,1
C — Phone (other FL county),HENRY PLUMBING LLC,Plumbing,Independent / Likely Family-Owned (unverified),Charlotte,Port Charlotte,33954,"457 Yeager St., Port Charlotte, FL, 33954",(941) 661-7398,henryplumbingservices.com,4.6,21,"Plumber, Water softening equipment supplier",CFC,CFC1428898,new,,companies.json (exact_name),ChIJ0U5CoGKn3IgRLrwZymOKfpo,https://www.google.com/maps/search/?api=1&query=Henry%20Plumbing&query_place_id=ChIJ0U5CoGKn3IgRLrwZymOKfpo,Unverified,No confirmed PE/public/franchise match; most FL contractors are independently owned — ownership not verified,1
C — Phone (other FL county),"BENEFIELD PLUMBING, INC.",Plumbing,Independent / Likely Family-Owned (unverified),Bay,Southport,32409,"2622  Highway 2321, Southport, FL, 32409",(850) 271-3887,benefieldplumbing.com,4.1,20,Plumber,CFC,CFC1428755,new,,companies.json (exact_name),ChIJIZsK60Ock4gRDcMr4giNT3o,https://www.google.com/maps/search/?api=1&query=Benefield%20Plumbing&query_place_id=ChIJIZsK60Ock4gRDcMr4giNT3o,Unverified,No confirmed PE/public/franchise match; most FL contractors are independently owned — ownership not verified,1
C — Phone (other FL county),THE EXPERT TOUCH LLC,Plumbing,Independent / Likely Family-Owned (unverified),Okaloosa,Crestview,32539,"5355 Mare Creek Drive, Crestview, FL, 32539",(850) 685-4391,,4.6,19,Plumber,RF,RF11067460,new,,companies.json (exact_name),ChIJq6qqqjo_kYgRlJn9_vYGLJ0,https://www.google.com/maps/search/?api=1&query=Expert%20Touch&query_place_id=ChIJq6qqqjo_kYgRlJn9_vYGLJ0,Unverified,No confirmed PE/public/franchise match; most FL contractors are independently owned — ownership not verified,1
C — Phone (other FL county),GOOD GUYS PLUMBING LLC,Plumbing,Independent / Likely Family-Owned (unverified),Okaloosa,Crestview,32539,"3225 East James Lee Blvd, Crestview, FL, 32539",(850) 612-2375,www.goodguysplumbingllc.com,4.7,18,Plumber,RF,RF11067591,new,,companies.json (exact_name),ChIJGdQmqGBzkYgR3qS27VEaUVw,https://www.google.com/maps/search/?api=1&query=GOOD%20GUYS%20PLUMBING%20LLC&query_place_id=ChIJGdQmqGBzkYgR3qS27VEaUVw,Unverified,No confirmed PE/public/franchise match; most FL contractors are independently owned — ownership not verified,1
C — Phone (other FL county),MURPHY'S PLUMBING SERVICE LLC,Plumbing,Independent / Likely Family-Owned (unverified),Bay,Lynn Haven,32444,"P.O. Box 279, Lynn Haven, FL, 32444",(850) 851-6007,murphysplumbingservice.net,4.8,18,Plumber,RF,RF11067746,new,,companies.json (exact_name),ChIJr5aWU5V5k4gR_KN7N1SXfE8,https://www.google.com/maps/search/?api=1&query=Murphy's%20Plumbing%20Service%20LLC&query_place_id=ChIJr5aWU5V5k4gR_KN7N1SXfE8,Unverified,No confirmed PE/public/franchise match; most FL contractors are independently owned — ownership not verified,1
C — Phone (other FL county),SOUTHERN PRIDE PLUMBING INC,Plumbing,Independent / Likely Family-Owned (unverified),Santa Rosa,Gulf Breeze,32563,"4548 Kelly Lane, Gulf Breeze, FL, 32563",(850) 932-3946,,4.7,18,Plumber,RF,RF11067189,new,,companies.json (exact_name),ChIJJ1nEVmPbkIgRAB8GtKulB7s,https://www.google.com/maps/search/?api=1&query=Southern%20Pride%20Plumbing%20Inc&query_place_id=ChIJJ1nEVmPbkIgRAB8GtKulB7s,Unverified,No confirmed PE/public/franchise match; most FL contractors are independently owned — ownership not verified,1
C — Phone (other FL county),STERLING PLUMBING LLC,Plumbing,Independent / Likely Family-Owned (unverified),Hernando,Brooksville,34601,"321 West Jefferson St, Brooksville, FL, 34601",(352) 754-8698,sterlingplumbingllc.com,4.9,18,Plumber,CFC,CFC1429947; CFC1430863,new,,companies.json (exact_name),ChIJq6oGa1kb6IgRiMJxZ27HlOc,https://www.google.com/maps/search/?api=1&query=Sterling%20Plumbing&query_place_id=ChIJq6oGa1kb6IgRiMJxZ27HlOc,Unverified,No confirmed PE/public/franchise match; most FL contractors are independently owned — ownership not verified,2
C — Phone (other FL county),STERLING SERVICE OF FLORIDA INC,HVAC,Independent / Likely Family-Owned (unverified),Leon,Tallahassee,32309,"2707 Killarney Way Suite 207, Tallahassee, FL, 32309",(352) 754-8698,sterlingplumbingllc.com,4.9,18,Plumber,CAC,CAC1815632,new,,companies.json (exact_name),ChIJq6oGa1kb6IgRiMJxZ27HlOc,https://www.google.com/maps/search/?api=1&query=Sterling%20Plumbing&query_place_id=ChIJq6oGa1kb6IgRiMJxZ27HlOc,Unverified,No confirmed PE/public/franchise match; most FL contractors are independently owned — ownership not verified,1
C — Phone (other FL county),TRINITY AIR SERVICES INC,HVAC,Independent / Likely Family-Owned (unverified),Unknown,Brooks,30205,"114 Huckaby Rd, Brooks, GA, 30205",(727) 376-7111,www.trinityplumbingoftampa.com,3.9,18,Plumber,CAC,CAC1814127; CAC1814128,new,,companies.json (exact_name),ChIJtQSE5ASUwogRQPQGvVU7y8U,https://www.google.com/maps/search/?api=1&query=Trinity%20Plumbing&query_place_id=ChIJtQSE5ASUwogRQPQGvVU7y8U,Unverified,No confirmed PE/public/franchise match; most FL contractors are independently owned — ownership not verified,2
C — Phone (other FL county),TRINITY HEATING AND AIR CONDITIONING LLC,Mechanical,Independent / Likely Family-Owned (unverified),Escambia,Pensacola,32514,"8521 Happy Valley Trail, Pensacola, FL, 32514",(727) 376-7111,www.trinityplumbingoftampa.com,3.9,18,Plumber,CMC,CMC1250540,new,,companies.json (exact_name),ChIJtQSE5ASUwogRQPQGvVU7y8U,https://www.google.com/maps/search/?api=1&query=Trinity%20Plumbing&query_place_id=ChIJtQSE5ASUwogRQPQGvVU7y8U,Unverified,No confirmed PE/public/franchise match; most FL contractors are independently owned — ownership not verified,1
C — Phone (other FL county),WALTER'S PLUMBING REPAIR LLC,Plumbing,Independent / Likely Family-Owned (unverified),Escambia,Pensacola,32506,"304 Osage Trail, Pensacola, FL, 32506",(850) 529-8466,www.facebook.com/waltersplumbingrepair,5,17,"Plumber, Service establishment, Repair service",CFC,CFC1432360,new,,companies.json (exact_name),ChIJk9TbUUk7BwoRwwcDJPv2mG0,https://www.google.com/maps/search/?api=1&query=Walter%E2%80%99s%20Plumbing%20Repair&query_place_id=ChIJk9TbUUk7BwoRwwcDJPv2mG0,Unverified,No confirmed PE/public/franchise match; most FL contractors are independently owned — ownership not verified,1
C — Phone (other FL county),B A COX PLUMBING INC,Plumbing,Independent / Likely Family-Owned (unverified),Highlands,Avon Park,33825,"4600 County Road 64 E, Avon Park, FL, 33825",(863) 314-8856,coxplumbing-fl.com,3.4,16,"Plumber, Service establishment",CFC,CFC057258,new,,companies.json (exact_name),ChIJW1NWD5D43IgRsU0uVfqNfS4,https://www.google.com/maps/search/?api=1&query=B.%20A.%20Cox%20Plumbing%2C%20Inc.&query_place_id=ChIJW1NWD5D43IgRsU0uVfqNfS4,Unverified,No confirmed PE/public/franchise match; most FL contractors are independently owned — ownership not verified,1
C — Phone (other FL county),DIXIE SERVICES LLC,Plumbing,Independent / Likely Family-Owned (unverified),Santa Rosa,Jay,32565,"5767 Hwy 4, Jay, FL, 32565",(850) 220-9350,,5,16,Plumber,CFC,CFC1432213,new,,companies.json (exact_name),ChIJVVqRTn1fkIgRA2wM-dywlkQ,https://www.google.com/maps/search/?api=1&query=Dixie%20Services&query_place_id=ChIJVVqRTn1fkIgRA2wM-dywlkQ,Unverified,No confirmed PE/public/franchise match; most FL contractors are independently owned — ownership not verified,1
C — Phone (other FL county),CASEY HYMAN PLUMBING INC,Plumbing,Independent / Likely Family-Owned (unverified),Escambia,Pensacola,32506,"2021 West Indies, Pensacola, FL, 32506",(850) 477-0388,caseyhymanplumbing.com,4.8,15,Plumber,"CFC, RF",CFC1430978; RF11067796,new,,companies.json (exact_name),ChIJR71S1pG_kIgRzH1zDIRVRoo,https://www.google.com/maps/search/?api=1&query=Casey%20Hyman%20Plumbing%20Inc&query_place_id=ChIJR71S1pG_kIgRzH1zDIRVRoo,Unverified,No confirmed PE/public/franchise match; most FL contractors are independently owned — ownership not verified,2
C — Phone (other FL county),"MATTHEWS PLUMBING, LLC",Plumbing,Independent / Likely Family-Owned (unverified),Indian River,Vero Beach,32968,"4956 5Th Manor, Vero Beach, FL, 32968",(772) 494-9394,www.matthewsplumbing.net,4.8,15,"Plumber, Service establishment",CFC,CFC1429901,new,,companies.json (exact_name),ChIJ6_V90trhvGsRJXSlGZEeegg,https://www.google.com/maps/search/?api=1&query=Matthews%20Plumbing&query_place_id=ChIJ6_V90trhvGsRJXSlGZEeegg,Unverified,No confirmed PE/public/franchise match; most FL contractors are independently owned — ownership not verified,1
C — Phone (other FL county),TAZ PLUMBING INC,Plumbing,Independent / Likely Family-Owned (unverified),Dixie,Old Town,32680,"251  Ne395Th Ave, Old Town, FL, 32680",(561) 718-0904,,1.5,15,Plumber,CFC,CFC057239,new,,companies.json (exact_name),ChIJVVVVVVXK3ogRXZBVy4LAOsc,https://www.google.com/maps/search/?api=1&query=Taz%20Plumbing%20Inc&query_place_id=ChIJVVVVVVXK3ogRXZBVy4LAOsc,Unverified,No confirmed PE/public/franchise match; most FL contractors are independently owned — ownership not verified,1
C — Phone (other FL county),7 KIDS PLUMBING CO,Plumbing,Independent / Likely Family-Owned (unverified),Okaloosa,Niceville,32588,"P.O. Box 1561, Niceville, FL, 32588",(850) 461-3140,www.7kidsplumbing.com,5,13,"Plumber, Service establishment",CFC,CFC1429782,new,,companies.json (exact_name),ChIJuZdL1Mfpea0RiFmS40F76L0,https://www.google.com/maps/search/?api=1&query=7%20Kids%20Plumbing%20Co.&query_place_id=ChIJuZdL1Mfpea0RiFmS40F76L0,Unverified,No confirmed PE/public/franchise match; most FL contractors are independently owned — ownership not verified,1
C — Phone (other FL county),MASTER PLUMBING WORKS 'LLC',Plumbing,Independent / Likely Family-Owned (unverified),Okaloosa,Destin,32541,"114 Baywinds Dr., Destin, FL, 32541",(850) 376-3342,masterplumbingworks.com,4.7,13,Plumber,CFC,CFC1428670,new,,companies.json (exact_name),ChIJnctPU49DkYgRKrlx3_MONao,https://www.google.com/maps/search/?api=1&query=Master%20Plumbing%20Works&query_place_id=ChIJnctPU49DkYgRKrlx3_MONao,Unverified,No confirmed PE/public/franchise match; most FL contractors are independently owned — ownership not verified,1
C — Phone (other FL county),PALM CITY AIR CONDITIONING INC,HVAC,Independent / Likely Family-Owned (unverified),Unknown,,,"11910 SW Parson Brown Ct, Palm City, FL 34990",(772) 382-9590,palmcityplumbers.com,5,13,"Plumber, Drainage service, Hot water system supplier",CAC,CAC1824171,new,,companies.json (exact_name),ChIJOZ3Xr56JXooRtOh_s0pW1fM,https://www.google.com/maps/search/?api=1&query=Palm%20City%20Plumbing%20Inc.&query_place_id=ChIJOZ3Xr56JXooRtOh_s0pW1fM,Unverified,No confirmed PE/public/franchise match; most FL contractors are independently owned — ownership not verified,1
C — Phone (other FL county),ARTISTIC PLUMBING CONCEPTS INC,Plumbing,Independent / Likely Family-Owned (unverified),Charlotte,Punta Gorda,33955,"28286 Tribune Blvd, Punta Gorda, FL, 33955",(941) 575-6257,www.artisticplumbinginc.com,4.5,12,Plumber,CFC,CFC057001,new,,companies.json (exact_name),ChIJOWZDRCpa24gRbMQ0JW7CUfs,https://www.google.com/maps/search/?api=1&query=Artistic%20Plumbing%20Concepts%20Inc&query_place_id=ChIJOWZDRCpa24gRbMQ0JW7CUfs,Unverified,No confirmed PE/public/franchise match; most FL contractors are independently owned — ownership not verified,1
C — Phone (other FL county),ASAP AIR ELECTRICAL PLUMBING & GAS,Plumbing,Independent / Likely Family-Owned (unverified),Okaloosa,Fort Walton Beach,32548,"308 Gardner Dr Ne, Fort Walton Beach, FL, 32548",(850) 244-2727,,4.3,12,"Air conditioning repair service, Air conditioning contractor, Electrician, Plumber",RF,RF11067825,new,,companies.json (exact_name),ChIJrxWs1Tc_kYgRXvCQL9GwQC8,https://www.google.com/maps/search/?api=1&query=ASAP%20Air%2C%20Electrical%2C%20Plumbing%20%26%20Gas&query_place_id=ChIJrxWs1Tc_kYgRXvCQL9GwQC8,Unverified,No confirmed PE/public/franchise match; most FL contractors are independently owned — ownership not verified,1
C — Phone (other FL county),H & B PLUMBING,Plumbing,Independent / Likely Family-Owned (unverified),Okaloosa,Crestview,32536,"844 N Ferdon Blvd, Crestview, FL, 32536",(850) 682-4812,,4,12,Plumber,RF,RF0045735,new,,companies.json (exact_name),ChIJ8fTDmr50kYgR4R8NNzeav9w,https://www.google.com/maps/search/?api=1&query=H%20%26%20B%20Plumbing&query_place_id=ChIJ8fTDmr50kYgR4R8NNzeav9w,Unverified,No confirmed PE/public/franchise match; most FL contractors are independently owned — ownership not verified,1
C — Phone (other FL county),HERBERT PLUMBING INC,Plumbing,Independent / Likely Family-Owned (unverified),Hernando,Brooksville,34602,"6125 White Rd, Brooksville, FL, 34602",(727) 848-3300,,3,12,Plumber,CFC,CFC046006,new,,companies.json (exact_name),ChIJZZY4hsCRwogRL6OwejFjvcI,https://www.google.com/maps/search/?api=1&query=Herbert%20Plumbing&query_place_id=ChIJZZY4hsCRwogRL6OwejFjvcI,Unverified,No confirmed PE/public/franchise match; most FL contractors are independently owned — ownership not verified,1
C — Phone (other FL county),CHARLIE ALLON PLUMBING INC,Plumbing,Independent / Likely Family-Owned (unverified),Bay,Lynn Haven,32444,"3521 Rosewood Circle, Lynn Haven, FL, 32444",(850) 769-7072,,4.6,11,Plumber,CFC,CFC057532,new,,companies.json (exact_name),ChIJ3eaGIkiCk4gRNMF8nPi0nCU,https://www.google.com/maps/search/?api=1&query=Charlie%20Allon%20Plumbing%20Co&query_place_id=ChIJ3eaGIkiCk4gRNMF8nPi0nCU,Unverified,No confirmed PE/public/franchise match; most FL contractors are independently owned — ownership not verified,1
C — Phone (other FL county),GLOVER PLUMBING INC,Plumbing,Independent / Likely Family-Owned (unverified),Highlands,Lake Placid,33852,"626 Western Blvd, Lake Placid, FL, 33852",(863) 441-0965,www.gloverplumbinginc.com,3.2,11,Plumber,RF,RF11067331,new,,companies.json (exact_name),ChIJg7Wz7hNe3IgRbcTHnvvzFNw,https://www.google.com/maps/search/?api=1&query=Glover%20Plumbing%2C%20Inc.&query_place_id=ChIJg7Wz7hNe3IgRbcTHnvvzFNw,Unverified,No confirmed PE/public/franchise match; most FL contractors are independently owned — ownership not verified,1
C — Phone (other FL county),GULF COAST AIR CONDITIONING AND HEATING LLC,HVAC,Independent / Likely Family-Owned (unverified),Okaloosa,Holt,32564,"4851 Gilmore Rd, Holt, FL, 32564",(850) 481-8545,,5,11,Plumber,CAC,CAC1818101,new,,companies.json (exact_name),ChIJYXukf3mDk4gRBnA_16Zx5YE,https://www.google.com/maps/search/?api=1&query=Gulf%20Coast%20Plumbing%2C%20Inc&query_place_id=ChIJYXukf3mDk4gRBnA_16Zx5YE,Unverified,No confirmed PE/public/franchise match; most FL contractors are independently owned — ownership not verified,1
C — Phone (other FL county),GULF COAST AIR CONDITIONING LLC,HVAC,Independent / Likely Family-Owned (unverified),Bay,Southport,32409,"7729 Franklin Ave, Southport, FL, 32409",(850) 481-8545,,5,11,Plumber,CAC,CAC1819258,new,,companies.json (exact_name),ChIJYXukf3mDk4gRBnA_16Zx5YE,https://www.google.com/maps/search/?api=1&query=Gulf%20Coast%20Plumbing%2C%20Inc&query_place_id=ChIJYXukf3mDk4gRBnA_16Zx5YE,Unverified,No confirmed PE/public/franchise match; most FL contractors are independently owned — ownership not verified,1
C — Phone (other FL county),GULF COAST PLUMBING SERVICES LLC,Plumbing,Independent / Likely Family-Owned (unverified),Polk,Winter Haven,33881,"3569 Harbor Circle Nw, Winter Haven, FL, 33881",(850) 481-8545,,5,11,Plumber,CFC,CFC1432019,new,,companies.json (exact_name),ChIJYXukf3mDk4gRBnA_16Zx5YE,https://www.google.com/maps/search/?api=1&query=Gulf%20Coast%20Plumbing%2C%20Inc&query_place_id=ChIJYXukf3mDk4gRBnA_16Zx5YE,Unverified,No confirmed PE/public/franchise match; most FL contractors are independently owned — ownership not verified,1
C — Phone (other FL county),SOLID ROCK PLUMBING LLC,Plumbing,Independent / Likely Family-Owned (unverified),Bay,Panama City,32404,"5196 Stewart Drive, Panama City, FL, 32404",(850) 763-7625,www.solidrockplumbing.com,4.1,11,Plumber,CFC,CFC1429078,new,,companies.json (exact_name),ChIJu_3Umbd5k4gRC2g4u5iGW2w,https://www.google.com/maps/search/?api=1&query=Solid%20Rock%20Plumbing%20LLC&query_place_id=ChIJu_3Umbd5k4gRC2g4u5iGW2w,Unverified,No confirmed PE/public/franchise match; most FL contractors are independently owned — ownership not verified,1
C — Phone (other FL county),BAREFOOT PLUMBING INC,Plumbing,Independent / Likely Family-Owned (unverified),Bay,Panama City,32405,"2211 A  Hwy 231, Panama City, FL, 32405",(850) 899-4616,,3.8,10,Plumber,CFC,CFC1432232,new,,companies.json (exact_name),ChIJFUZ4lBd5k4gRmrvFRIlmB3E,https://www.google.com/maps/search/?api=1&query=Barefoot%20Plumbing%2C%20Inc&query_place_id=ChIJFUZ4lBd5k4gRmrvFRIlmB3E,Unverified,No confirmed PE/public/franchise match; most FL contractors are independently owned — ownership not verified,1
C — Phone (other FL county),TERRY'S PLUMBING,Plumbing,Independent / Likely Family-Owned (unverified),Polk,Winter Haven,33880,"300 Thornhill Estates Ct Sw, Winter Haven, FL, 33880",(850) 832-6535,,4.2,10,Plumber,CFC,CFC057342; CFC1426001; CFC1428740,new,,companies.json (exact_name),ChIJq6rasvaDk4gRP8P_9QQ0FOk,https://www.google.com/maps/search/?api=1&query=Terry's%20Plumbing%20Service%20Llc&query_place_id=ChIJq6rasvaDk4gRP8P_9QQ0FOk,Unverified,No confirmed PE/public/franchise match; most FL contractors are independently owned — ownership not verified,3
C — Phone (other FL county),ALLEN PLUMBING INC,Plumbing,Independent / Likely Family-Owned (unverified),Charlotte,Punta Gorda,33983,"24670 Sandhill Blvd #502, Punta Gorda, FL, 33983",(941) 624-3924,,3.3,9,Plumber,CFC,CFC1427386,new,,companies.json (exact_name),ChIJPyNn_KGo3IgR6UMDcT7adK4,https://www.google.com/maps/search/?api=1&query=Allen%20Plumbing%2C%20Inc.&query_place_id=ChIJPyNn_KGo3IgR6UMDcT7adK4,Unverified,No confirmed PE/public/franchise match; most FL contractors are independently owned — ownership not verified,1
C — Phone (other FL county),VALHALLA PLUMBING LLC,Plumbing,Independent / Likely Family-Owned (unverified),Charlotte,Port Charlotte,33952,"1220 Sandy Street, Port Charlotte, FL, 33952",(941) 875-1943,valhallaplumbing.com,5,9,"Plumber, Drainage service, Service establishment",CFC,CFC1432429,new,,companies.json (exact_name),ChIJXxnlMhaP-kgRt-3ucN0Zbsg,https://www.google.com/maps/search/?api=1&query=Valhalla%20Plumbing%20LLC&query_place_id=ChIJXxnlMhaP-kgRt-3ucN0Zbsg,Unverified,No confirmed PE/public/franchise match; most FL contractors are independently owned — ownership not verified,1
C — Phone (other FL county),JIM WHIPKEY PLUMBING INC,Plumbing,Independent / Likely Family-Owned (unverified),Highlands,Avon Park,33825,"1027 West Lake Damon Dr, Avon Park, FL, 33825",(863) 453-4099,,4,8,Plumber,CFC,CFC1426361,new,,companies.json (exact_name),ChIJmw8GoWFV3IgRivBk0cEkgDI,https://www.google.com/maps/search/?api=1&query=Jim%20Whipkey%20Plumbing&query_place_id=ChIJmw8GoWFV3IgRivBk0cEkgDI,Unverified,No confirmed PE/public/franchise match; most FL contractors are independently owned — ownership not verified,1
C — Phone (other FL county),SMITH PLUMBING OF BAY COUNTY INC.,Plumbing,Independent / Likely Family-Owned (unverified),Bay,Panama City,32404,"4500 Tropical Dr, Panama City, FL, 32404",(850) 441-6451,,5,8,Plumber,CFC,CFC1429342,new,,companies.json (exact_name),ChIJNQjGvrmIk4gR8Iv4gVOW1qw,https://www.google.com/maps/search/?api=1&query=Smith%20Plumbing%20of%20Bay%20County&query_place_id=ChIJNQjGvrmIk4gR8Iv4gVOW1qw,Unverified,No confirmed PE/public/franchise match; most FL contractors are independently owned — ownership not verified,1
C — Phone (other FL county),SOUTHERN PLUMBING & GAS INC,Plumbing,Independent / Likely Family-Owned (unverified),Okaloosa,Fort Walton Beach,32547,"105 Skipper Ave, Fort Walton Beach, FL, 32547",(850) 863-0058,,3.5,8,Plumber,CFC,CFC1429145,new,,companies.json (exact_name),ChIJ_Vcy4KM_kYgRKq5QmJpQ7hE,https://www.google.com/maps/search/?api=1&query=Southern%20Plumbing%20%26%20Gas%20Inc&query_place_id=ChIJ_Vcy4KM_kYgRKq5QmJpQ7hE,Unverified,No confirmed PE/public/franchise match; most FL contractors are independently owned — ownership not verified,1
C — Phone (other FL county),"SOUTHERN PLUMBING AND GAS, INC.",Plumbing,Independent / Likely Family-Owned (unverified),Okaloosa,Fort Walton Beach,32547,"1300 Edenfield Dr, Fort Walton Beach, FL, 32547",(850) 863-0058,,3.5,8,Plumber,CFC,CFC1433727,new,,companies.json (fuzzy_1.00),ChIJ_Vcy4KM_kYgRKq5QmJpQ7hE,https://www.google.com/maps/search/?api=1&query=Southern%20Plumbing%20%26%20Gas%20Inc&query_place_id=ChIJ_Vcy4KM_kYgRKq5QmJpQ7hE,Unverified,No confirmed PE/public/franchise match; most FL contractors are independently owned — ownership not verified,1
C — Phone (other FL county),BOWLIN'S PLUMBING LLC,Plumbing,Independent / Likely Family-Owned (unverified),Okaloosa,Fort Walton Beach,32547,"1188 Brookridge Trace, Fort Walton Beach, FL, 32547",(850) 933-1943,bowlinsplumbing.com,5,7,Plumber,CFC,CFC1431266,new,,companies.json (exact_name),ChIJLyJRhYPdrqERFXiAQbavR44,https://www.google.com/maps/search/?api=1&query=Bowlin%E2%80%99s%20Plumbing%20LLC&query_place_id=ChIJLyJRhYPdrqERFXiAQbavR44,Unverified,No confirmed PE/public/franchise match; most FL contractors are independently owned — ownership not verified,1
C — Phone (other FL county),EXTREME AIR SERVICE INC,Mechanical,Independent / Likely Family-Owned (unverified),Unknown,,,"Rogers St, Fort Myers, FL 33901",(239) 931-4433,www.extremeplumbingfl.com,4.4,7,Plumber,CMC,CMC056242,new,,companies.json (exact_name),ChIJj8HocThA24gRqonDjEcwYT0,https://www.google.com/maps/search/?api=1&query=Extreme%20Plumbing%20Inc.&query_place_id=ChIJj8HocThA24gRqonDjEcwYT0,Unverified,No confirmed PE/public/franchise match; most FL contractors are independently owned — ownership not verified,1
C — Phone (other FL county),FLORIDA SEPTIC & SEWER SERVICE INC,Plumbing,Independent / Likely Family-Owned (unverified),Okaloosa,Crestview,32536,"984 W. James Lee Blvd, Crestview, FL, 32536",(850) 837-7200,,4.2,6,"Plumber, Septic system service",CFC,CFC1427712,new,,companies.json (exact_name),ChIJL1k-cPNDkYgRF1fxgVEoVSY,https://www.google.com/maps/search/?api=1&query=Florida%20Septic%20%26%20Sewer%20Service%2C%20Inc.&query_place_id=ChIJL1k-cPNDkYgRF1fxgVEoVSY,Unverified,No confirmed PE/public/franchise match; most FL contractors are independently owned — ownership not verified,1
C — Phone (other FL county),GREEN'S PLUMBING SERVICES INC,Plumbing,Independent / Likely Family-Owned (unverified),Unknown,,,"612 Fernwood St, Panama City Beach, FL 32407",(850) 258-7907,,5,6,"Plumber, Appliance repair service",CFC,CFCA22596,new,,companies.json (exact_name),ChIJuaaTZKWOk4gRpq2npZMA3As,https://www.google.com/maps/search/?api=1&query=Green's%20Plumbing%20Co%20LLC&query_place_id=ChIJuaaTZKWOk4gRpq2npZMA3As,Unverified,No confirmed PE/public/franchise match; most FL contractors are independently owned — ownership not verified,1
C — Phone (other FL county),MATHEY PLUMBING INC,Plumbing,Independent / Likely Family-Owned (unverified),Okeechobee,Okeechobee,34972,"1254 Nw 141 Street, Okeechobee, FL, 34972",(863) 467-3613,,2.8,6,Plumber,CFC,CFC1426270,new,,companies.json (exact_name),ChIJtUca6VYm3IgR7T8A65ORKmo,https://www.google.com/maps/search/?api=1&query=Mathey%20Plumbing%20Inc&query_place_id=ChIJtUca6VYm3IgR7T8A65ORKmo,Unverified,No confirmed PE/public/franchise match; most FL contractors are independently owned — ownership not verified,1
C — Phone (other FL county),COASTAL COOLING AND HEATING LLC,HVAC,Independent / Likely Family-Owned (unverified),Hernando,Brooksville,34614,"16428 Greenback Rd., Brooksville, FL, 34614",(850) 749-1144,coastalfloridaplumbing.com,5,5,"Plumber, Service establishment",CAC,CAC1819411,new,,companies.json (exact_name),ChIJlbNkXT2yRgMRNGe9ckpk_OI,https://www.google.com/maps/search/?api=1&query=Coastal%20Florida%20Plumbing&query_place_id=ChIJlbNkXT2yRgMRNGe9ckpk_OI,Unverified,No confirmed PE/public/franchise match; most FL contractors are independently owned — ownership not verified,1
C — Phone (other FL county),"COASTAL COOLING SERVICES, INC.",HVAC,Independent / Likely Family-Owned (unverified),Nassau,Callahan,32011,"54175  Jeannie Rd, Callahan, FL, 32011",(850) 749-1144,coastalfloridaplumbing.com,5,5,"Plumber, Service establishment",CAC,CAC1819248,new,,companies.json (exact_name),ChIJlbNkXT2yRgMRNGe9ckpk_OI,https://www.google.com/maps/search/?api=1&query=Coastal%20Florida%20Plumbing&query_place_id=ChIJlbNkXT2yRgMRNGe9ckpk_OI,Unverified,No confirmed PE/public/franchise match; most FL contractors are independently owned — ownership not verified,1
C — Phone (other FL county),"COASTAL FLORIDA PLUMBING, LLC",Plumbing,Independent / Likely Family-Owned (unverified),Santa Rosa,Gulf Breeze,32563,"1307 Little Duck Circle, Gulf Breeze, FL, 32563",(850) 749-1144,coastalfloridaplumbing.com,5,5,"Plumber, Service establishment",RF,RF11068059,new,,companies.json (exact_name),ChIJlbNkXT2yRgMRNGe9ckpk_OI,https://www.google.com/maps/search/?api=1&query=Coastal%20Florida%20Plumbing&query_place_id=ChIJlbNkXT2yRgMRNGe9ckpk_OI,Unverified,No confirmed PE/public/franchise match; most FL contractors are independently owned — ownership not verified,1
C — Phone (other FL county),COASTAL PLUMBING OF FLORIDA,Plumbing,Independent / Likely Family-Owned (unverified),Leon,Tallahassee,32311,"3407 Quick Drive, Tallahassee, FL, 32311",(850) 749-1144,coastalfloridaplumbing.com,5,5,"Plumber, Service establishment",CFC,CFC1429026,new,,companies.json (exact_name),ChIJlbNkXT2yRgMRNGe9ckpk_OI,https://www.google.com/maps/search/?api=1&query=Coastal%20Florida%20Plumbing&query_place_id=ChIJlbNkXT2yRgMRNGe9ckpk_OI,Unverified,No confirmed PE/public/franchise match; most FL contractors are independently owned — ownership not verified,1
C — Phone (other FL county),COASTAL SERVICE,HVAC,Independent / Likely Family-Owned (unverified),Gulf,Port St Joe,32456,"111 Stone Drive, Port St Joe, FL, 32456",(850) 749-1144,coastalfloridaplumbing.com,5,5,"Plumber, Service establishment",RA,RA0066562,new,,companies.json (exact_name),ChIJlbNkXT2yRgMRNGe9ckpk_OI,https://www.google.com/maps/search/?api=1&query=Coastal%20Florida%20Plumbing&query_place_id=ChIJlbNkXT2yRgMRNGe9ckpk_OI,Unverified,No confirmed PE/public/franchise match; most FL contractors are independently owned — ownership not verified,1
C — Phone (other FL county),CORBITT MOSELEY PLUMBING LLC,Plumbing,Independent / Likely Family-Owned (unverified),Bay,Youngstown,32466,"10422 Miller Circle, Youngstown, FL, 32466",(850) 769-2743,,3.4,5,Plumber,CFC,CFC1431682,new,,companies.json (fuzzy_1.00),ChIJ5fKwrox2k4gRby-qBFTy6iw,https://www.google.com/maps/search/?api=1&query=Corbitt%20Moseley's%20Plumbing&query_place_id=ChIJ5fKwrox2k4gRby-qBFTy6iw,Unverified,No confirmed PE/public/franchise match; most FL contractors are independently owned — ownership not verified,1
C — Phone (other FL county),MC CLUSKEY PLUMBING CO INC,Plumbing,Independent / Likely Family-Owned (unverified),Escambia,Pensacola,32507,"398 Mills Avenue, Pensacola, FL, 32507",(850) 438-4105,,5,5,Plumber,RF,RF0058570,new,,companies.json (exact_name),ChIJCQDLqqy4kIgRaVRcuuq6NA8,https://www.google.com/maps/search/?api=1&query=Mc%20Cluskey%20Plumbing%20Co&query_place_id=ChIJCQDLqqy4kIgRaVRcuuq6NA8,Unverified,No confirmed PE/public/franchise match; most FL contractors are independently owned — ownership not verified,1
C — Phone (other FL county),RELIABLE AIR LLC,HVAC,Independent / Likely Family-Owned (unverified),Bay,Lynn Haven,32444,"1103 N Haven Cir, Lynn Haven, FL, 32444",(941) 724-6932,reliableplumbingsrq.com,3.4,5,Plumber,CAC,CAC1819683,new,,companies.json (exact_name),ChIJP4jWwpI_w4gR60swjrdCVxA,https://www.google.com/maps/search/?api=1&query=Reliable%20Plumbing%20Services%20Corp&query_place_id=ChIJP4jWwpI_w4gR60swjrdCVxA,Unverified,No confirmed PE/public/franchise match; most FL contractors are independently owned — ownership not verified,1
C — Phone (other FL county),RELIABLE HVAC,HVAC,Independent / Likely Family-Owned (unverified),Osceola,Kissimmee,34741,"1270 South John Young Parkway, Kissimmee, FL, 34741",(941) 724-6932,reliableplumbingsrq.com,3.4,5,Plumber,CAC,CAC1823004,new,,companies.json (exact_name),ChIJP4jWwpI_w4gR60swjrdCVxA,https://www.google.com/maps/search/?api=1&query=Reliable%20Plumbing%20Services%20Corp&query_place_id=ChIJP4jWwpI_w4gR60swjrdCVxA,Unverified,No confirmed PE/public/franchise match; most FL contractors are independently owned — ownership not verified,1
C — Phone (other FL county),WEST END PLUMBING CONTRACTORS INC,Plumbing,Independent / Likely Family-Owned (unverified),Bay,Panama City Beach,32413,"326 Memory Ln, Panama City Beach, FL, 32413",(850) 233-8315,,4.6,5,Plumber,RF,RF0066792,new,,companies.json (exact_name),ChIJEZ0O1Ivyk4gRL5j1KSdUQfM,https://www.google.com/maps/search/?api=1&query=West%20End%20Plumbing%20Contractors%20Inc&query_place_id=ChIJEZ0O1Ivyk4gRL5j1KSdUQfM,Unverified,No confirmed PE/public/franchise match; most FL contractors are independently owned — ownership not verified,1
C — Phone (other FL county),A&M PLUMBING AND GAS LLC,Plumbing,Independent / Likely Family-Owned (unverified),Escambia,Pensacola,32502,"1821 West Government St, Pensacola, FL, 32502",(850) 637-0661,www.amplumbinggas.com,5,4,"Plumber, Service establishment, Gas installation service",RF,RF11067967,new,,companies.json (exact_name),ChIJ70jvBJceOg0RrbKy9jN5kZk,https://www.google.com/maps/search/?api=1&query=A%26M%20Plumbing%20and%20Gas&query_place_id=ChIJ70jvBJceOg0RrbKy9jN5kZk,Unverified,No confirmed PE/public/franchise match; most FL contractors are independently owned — ownership not verified,1
C — Phone (other FL county),"JAMES CHRISTIAN BATES PLUMBING, INC.",Plumbing,Independent / Likely Family-Owned (unverified),Charlotte,Port Charlotte,33952,"21462 Edgewater Drive, Port Charlotte, FL, 33952",(941) 625-4677,,4.5,4,Plumber,CFC,CFC035692,new,,companies.json (exact_name),ChIJqeD_Y8Wp3IgRTiAR4i985yk,https://www.google.com/maps/search/?api=1&query=James%20Christian%20Bates%20Plumbing&query_place_id=ChIJqeD_Y8Wp3IgRTiAR4i985yk,Unverified,No confirmed PE/public/franchise match; most FL contractors are independently owned — ownership not verified,1
C — Phone (other FL county),LAY'S HEATING AND AIR LLC,HVAC,Independent / Likely Family-Owned (unverified),Leon,Tallahassee,32309,"6748 Tim Tam Trl, Tallahassee, FL, 32309",(863) 697-9887,www.laysplumbing.com,5,4,"Plumber, Service establishment",CAC,CAC1824964,new,,companies.json (exact_name),ChIJy-srsZ0OEg8RfMdRhtgPUhE,https://www.google.com/maps/search/?api=1&query=Lay's%20Plumbing%20LLC&query_place_id=ChIJy-srsZ0OEg8RfMdRhtgPUhE,Unverified,No confirmed PE/public/franchise match; most FL contractors are independently owned — ownership not verified,1
C — Phone (other FL county),LAY'S PLUMBING LLC,Plumbing,Independent / Likely Family-Owned (unverified),Unknown,Unknown,,FL,(863) 697-9887,www.laysplumbing.com,5,4,"Plumber, Service establishment",CFC,CFC1431204,new,,companies.json (exact_name),ChIJy-srsZ0OEg8RfMdRhtgPUhE,https://www.google.com/maps/search/?api=1&query=Lay's%20Plumbing%20LLC&query_place_id=ChIJy-srsZ0OEg8RfMdRhtgPUhE,Unverified,No confirmed PE/public/franchise match; most FL contractors are independently owned — ownership not verified,1
C — Phone (other FL county),SIMPLY AIR LLC,HVAC,Independent / Likely Family-Owned (unverified),Polk,Kathleen,33849,"Po Box 739, Kathleen, FL, 33849",(239) 280-0474,www.simplyplumbing.us,5,4,"Plumber, Service establishment",CAC,CAC1818016,new,,companies.json (exact_name),ChIJ3aeRuyO57mIRrHAniOJvsdA,https://www.google.com/maps/search/?api=1&query=Simply%20Plumbing&query_place_id=ChIJ3aeRuyO57mIRrHAniOJvsdA,Unverified,No confirmed PE/public/franchise match; most FL contractors are independently owned — ownership not verified,1
C — Phone (other FL county),"SNMPLY NEW PLUMBING, INC",Plumbing,Independent / Likely Family-Owned (unverified),Santa Rosa,Gulf Breeze,32563,"1307 Little Duck Circle, Gulf Breeze, FL, 32563",(850) 781-7557,snmplynewplumbing.com,5,4,"Plumber, Service establishment",RF,RF11067956,new,,companies.json (exact_name),ChIJG0NsaL9KsCcRZMC-hOFI6y8,https://www.google.com/maps/search/?api=1&query=SNMPLY%20New%20Plumbing&query_place_id=ChIJG0NsaL9KsCcRZMC-hOFI6y8,Unverified,No confirmed PE/public/franchise match; most FL contractors are independently owned — ownership not verified,1
C — Phone (other FL county),SOLIMINI ENTERPRISE INCORPORATED,Plumbing,Independent / Likely Family-Owned (unverified),Unknown,Naples,,"5555 Cynthia Ln, Naples, FL 34112",(239) 888-4454,www.drainyourpipe.com,5,4,Plumber,CFC,CFC1433086,new,,companies.json (exact_name),ChIJAQtiRC_j2ogR15spEgNB-eA,https://www.google.com/maps/search/?api=1&query=Solimini%20Enterprise%20Inc&query_place_id=ChIJAQtiRC_j2ogR15spEgNB-eA,Unverified,No confirmed PE/public/franchise match; most FL contractors are independently owned — ownership not verified,1
C — Phone (other FL county),AARON WARNER PLUMBING SERVICES LLC,Plumbing,Independent / Likely Family-Owned (unverified),Santa Rosa,Milton,32583,"6512 Tidal Bay Drive, Milton, FL, 32583",(850) 377-0696,miltonplumbingrepair.com,5,3,"Plumber, Service establishment","CFC, RF",CFC054904; RF11067894,new,,companies.json (exact_name),ChIJF6RyAqKy6K0RUpONMzcQCRk,https://www.google.com/maps/search/?api=1&query=Aaron%20Warner%20Plumbing%20Services&query_place_id=ChIJF6RyAqKy6K0RUpONMzcQCRk,Unverified,No confirmed PE/public/franchise match; most FL contractors are independently owned — ownership not verified,2
C — Phone (other FL county),"J.W. MOORE PLUMBING AND PUMP, LLC",Plumbing,Independent / Likely Family-Owned (unverified),Indian River,Vero Beach,32966,"6376  12Th Street, Vero Beach, FL, 32966",(772) 770-0722,,5,3,Plumber,RF,RF0066642,new,,companies.json (fuzzy_1.00),ChIJM6mMr3dg3ogRp6tguLeFAao,https://www.google.com/maps/search/?api=1&query=J%20W%20Moore%20Plumbing%20%26%20Pump&query_place_id=ChIJM6mMr3dg3ogRp6tguLeFAao,Unverified,No confirmed PE/public/franchise match; most FL contractors are independently owned — ownership not verified,1
C — Phone (other FL county),WARRINGTON PLUMBING INC,Plumbing,Independent / Likely Family-Owned (unverified),Escambia,Pensacola,32503,"619 Watson Ave, Pensacola, FL, 32503",(850) 432-3393,,4,3,Plumber,RF,RF0067277; RF0067278,new,,companies.json (exact_name),ChIJubb0xqy4kIgRhipHU5VhJtY,https://www.google.com/maps/search/?api=1&query=Warrington%20Plumbing%20Inc&query_place_id=ChIJubb0xqy4kIgRhipHU5VhJtY,Unverified,No confirmed PE/public/franchise match; most FL contractors are independently owned — ownership not verified,2
C — Phone (other FL county),"DEPENDABLE PLUMBING & WELL SERVICE, LLC",Plumbing,Independent / Likely Family-Owned (unverified),Unknown,,,"17440 Julia St, Alva, FL 33920",(239) 728-2162,,5,2,Plumber,CFC,CFC1428370,new,,companies.json (exact_name),ChIJbd2TJLRw24gRtXV6VCQqU5Y,https://www.google.com/maps/search/?api=1&query=Dependable%20Plumbing%20%26%20Well%20Services&query_place_id=ChIJbd2TJLRw24gRtXV6VCQqU5Y,Unverified,No confirmed PE/public/franchise match; most FL contractors are independently owned — ownership not verified,1
C — Phone (other FL county),FLORIDA PLUMBING INC,Plumbing,Independent / Likely Family-Owned (unverified),Levy,Chiefland,32626,"4097  Nw 154Th Avenue, Chiefland, FL, 32626",(239) 542-3902,,3,2,Plumber,CFC,CFC056922,new,,data/companies.json (Google Maps scrape),,,Unverified,No confirmed PE/public/franchise match; most FL contractors are independently owned — ownership not verified,1
C — Phone (other FL county),"MANNING PLUMBING & GAS SERVICES, LLC",Plumbing,Independent / Likely Family-Owned (unverified),Santa Rosa,Jay,32565,"3823 N Simmons Rd, Jay, FL, 32565",(850) 378-6448,,3.5,2,Plumber,RF,RF11067971,new,,companies.json (exact_name),ChIJj4--oTtfkIgRVkgcMvoy-sU,https://www.google.com/maps/search/?api=1&query=Manning%20Plumbing%20%26%20Gas%20Services%2C%20LLC&query_place_id=ChIJj4--oTtfkIgRVkgcMvoy-sU,Unverified,No confirmed PE/public/franchise match; most FL contractors are independently owned — ownership not verified,1
C — Phone (other FL county),"MECHANICAL PLUMBING SYSTEMS, INC.",Plumbing,Independent / Likely Family-Owned (unverified),Santa Rosa,Navarre,32566,"6952 Flintwood Street, Navarre, FL, 32566",(833) 747-3677,www.mpsplumbing.com,5,2,Plumber,CFC,CFC1433260,new,,companies.json (exact_name),ChIJ6W8x64nbkIgRdSBg1GUNL3Y,https://www.google.com/maps/search/?api=1&query=Mechanical%20Plumbing%20Systems&query_place_id=ChIJ6W8x64nbkIgRdSBg1GUNL3Y,Unverified,No confirmed PE/public/franchise match; most FL contractors are independently owned — ownership not verified,1
C — Phone (other FL county),MERCER PLUMBING INC,Plumbing,Independent / Likely Family-Owned (unverified),DeSoto,Arcadia,34265,"Po Box 1218, Arcadia, FL, 34265",(863) 491-5434,,5,2,Plumber,CFC,CFC056711,new,,companies.json (exact_name),ChIJUx7rG4273IgRq5_ZKU0l7aE,https://www.google.com/maps/search/?api=1&query=Mercer%20Plumbing&query_place_id=ChIJUx7rG4273IgRq5_ZKU0l7aE,Unverified,No confirmed PE/public/franchise match; most FL contractors are independently owned — ownership not verified,1
C — Phone (other FL county),NIGHTINGALE PLUMBING INC,Plumbing,Independent / Likely Family-Owned (unverified),Hendry,Clewiston,33440,"1409 Shanon Ln, Clewiston, FL, 33440",(863) 946-0308,,3,2,Plumber,CFC,CFC057057,new,,companies.json (exact_name),ChIJDX4eRkn024gRgmYvPBFcox0,https://www.google.com/maps/search/?api=1&query=Nightingale%20Plumbing&query_place_id=ChIJDX4eRkn024gRgmYvPBFcox0,Unverified,No confirmed PE/public/franchise match; most FL contractors are independently owned — ownership not verified,1
C — Phone (other FL county),FLOW RITE PLUMBING SERVICES LLC,Plumbing,Independent / Likely Family-Owned (unverified),Nassau,Fernandina Beach,32034,"94155 Duck Lake Dr, Fernandina Beach, FL, 32034",(863) 763-8035,,1,1,"Plumber, Auto repair shop",RF,RF11068021,new,,companies.json (exact_name),ChIJncp5i_Qf3IgRLuOCzeglwD8,https://www.google.com/maps/search/?api=1&query=Flow-Rite%20Plumbing%20Inc&query_place_id=ChIJncp5i_Qf3IgRLuOCzeglwD8,Unverified,No confirmed PE/public/franchise match; most FL contractors are independently owned — ownership not verified,1
C — Phone (other FL county),PLUMBER MIKE'S INC.,Plumbing,Independent / Likely Family-Owned (unverified),Unknown,,,"121 Nokomis Ave S, Venice, FL 34285",(941) 483-3719,www.mikethelocalplumber.com,5,1,Plumber,CFC,CFC1428374,new,,companies.json (exact_name),ChIJ0UvE0Lpbw4gRB6vvuV5Vwjk,https://www.google.com/maps/search/?api=1&query=Mike's%20Plumbing%20LLC&query_place_id=ChIJ0UvE0Lpbw4gRB6vvuV5Vwjk,Unverified,No confirmed PE/public/franchise match; most FL contractors are independently owned — ownership not verified,1
C — Phone (other FL county),FOY'S PLUMBING LLC,Plumbing,Independent / Likely Family-Owned (unverified),Bay,Lynn Haven,32444,"1214 Michigan Ave, Lynn Haven, FL, 32444",(850) 265-6100,,0,0,Plumber,RF,RF11067280,new,,companies.json (exact_name),ChIJdXM8WByDk4gR5VamfIhO-Ls,https://www.google.com/maps/search/?api=1&query=Foy's%20Plumbing%20LLC&query_place_id=ChIJdXM8WByDk4gR5VamfIhO-Ls,Unverified,No confirmed PE/public/franchise match; most FL contractors are independently owned — ownership not verified,1
C — Phone (other FL county),GULFSHORE AIR CONDITIONING AND HEATING INC,Plumbing,Independent / Likely Family-Owned (unverified),Okaloosa,Fort Walton Beach,32548,"100 Nebraska Ave, Fort Walton Beach, FL, 32548",(850) 203-2229,gulfshoreair.com/plumbing,,,Plumber,CFC,CFC1434640,new,,companies.json (exact_name),ChIJfcR-lRNdkYgRb-1BjLQPVvg,https://www.google.com/maps/search/?api=1&query=Gulfshore%20Plumbing&query_place_id=ChIJfcR-lRNdkYgRb-1BjLQPVvg,Unverified,No confirmed PE/public/franchise match; most FL contractors are independently owned — ownership not verified,1
C — Phone (other FL county),JIMMIE F WOLFE PLUMBING INC,Plumbing,Independent / Likely Family-Owned (unverified),Santa Rosa,Jay,32565,"4420 Hickory Leaf Lane, Jay, FL, 32565",(850) 675-5254,,0,0,Plumber,CFC,CFC1426381,new,,companies.json (exact_name),ChIJL3A8tNBZkIgRp9kCA_oZL00,https://www.google.com/maps/search/?api=1&query=Jimmie%20F%20Wolfe%20Plumbing&query_place_id=ChIJL3A8tNBZkIgRp9kCA_oZL00,Unverified,No confirmed PE/public/franchise match; most FL contractors are independently owned — ownership not verified,1
C — Phone (other FL county),PLUMBING SYSTEMS INC,Plumbing,Independent / Likely Family-Owned (unverified),Okaloosa,Destin,32541,"206 E Tequesta Drive, Destin, FL, 32541",(850) 249-3133,,0,0,Plumber,CFC,CFC052693,new,,companies.json (exact_name),ChIJibOEfyKNk4gRacIDmRzbuWo,https://www.google.com/maps/search/?api=1&query=Plumbing%20Systems%20Inc&query_place_id=ChIJibOEfyKNk4gRacIDmRzbuWo,Unverified,No confirmed PE/public/franchise match; most FL contractors are independently owned — ownership not verified,1
C — Phone (other FL county),PRICHARD'S PLUMBING CONTRACTORS INC,Plumbing,Independent / Likely Family-Owned (unverified),Escambia,Pensacola,32514,"40 East Olive Road, Pensacola, FL, 32514",(850) 477-7377,,0,0,Plumber,CFC,CFC1426586,new,,companies.json (exact_name),ChIJGRAC_3iVkIgRbanMJlanIsw,https://www.google.com/maps/search/?api=1&query=Prichard's%20Plumbing%20Contractors%2C%20Inc.&query_place_id=ChIJGRAC_3iVkIgRbanMJlanIsw,Unverified,No confirmed PE/public/franchise match; most FL contractors are independently owned — ownership not verified,1
C — Phone (other FL county),QUALITY PLUMBING AND GAS INC.,Plumbing,Independent / Likely Family-Owned (unverified),Bay,Panama City,32409,"3412 Highcliff Road, Panama City, FL, 32409",(850) 832-7346,www.facebook.com/profile.php,0,0,Plumber,CFC,CFC1433548,new,,companies.json (exact_name),ChIJv3W_WWHL-kQRjY6K_hHK9Us,https://www.google.com/maps/search/?api=1&query=Quality%20Plumbing%20and%20Gas%20inc.&query_place_id=ChIJv3W_WWHL-kQRjY6K_hHK9Us,Unverified,No confirmed PE/public/franchise match; most FL contractors are independently owned — ownership not verified,1
C — Phone (other FL county),RAW PLUMBING LLC,Plumbing,Independent / Likely Family-Owned (unverified),Okaloosa,Valparaiso,32580,"478  Andrew Drive, Valparaiso, FL, 32580",(850) 714-7702,,0,0,Plumber,RF,RF11067986,new,,companies.json (exact_name),ChIJ_2Ql8l5rkYgRpRbOW5VEPXw,https://www.google.com/maps/search/?api=1&query=Raw%20Plumbing%20LLC&query_place_id=ChIJ_2Ql8l5rkYgRpRbOW5VEPXw,Unverified,No confirmed PE/public/franchise match; most FL contractors are independently owned — ownership not verified,1
C — Phone (other FL county),SOUTHERN STAR PLUMBING INC,Plumbing,Independent / Likely Family-Owned (unverified),Escambia,Molino,32577,"3655 Crabtree Church Road, Molino, FL, 32577",(850) 587-4036,,0,0,Plumber,RF,RF11067137,new,,companies.json (exact_name),ChIJMecdX3-FkIgRr60RJ-sR_q4,https://www.google.com/maps/search/?api=1&query=Southern%20Star%20Plumbing&query_place_id=ChIJMecdX3-FkIgRr60RJ-sR_q4,Unverified,No confirmed PE/public/franchise match; most FL contractors are independently owned — ownership not verified,1
